الجمعية الأمريكية لاختبار المواد,( بالإنجليزية : American Society for Testing and Materials ) واختصاراً ( ASTM ) أي الجمعية الأمريكية لاختبار المواد، وهي
سيتي النشيط,ميتي أو سيتي النشيط في علم الفلك ( بالإنجليزية : Active SETI أو METI ( Messaging to Extra-Terrestrial Intelligence )
نظرية شبكة الفواعل,نظرية شبكة الفواعل هي منهج في علم الاجتماع غرضها دراسة الوضعيات الاجتماعية ومبدؤها اعتبار العوامل من أشياء وأفكار وعمليات وغيرها
المحول الكهربيولجى,المحول الكهربيولوجى هو أول محول زيت مصنوع من بذور الخضروات، صُنِعَ وطُوِرَ في البرازيل بواسطة فاكلداد أسيس جورجاسز ( Faculdade
عصر التداخل,عصر التداخل هو مصطلح يشير إلى زيادة ظاهرية في تجزؤ الاهتمام بسبب الأدوات الإعلامية وتعدد المهام الظاهرية . وقد تم
صمام يدار بالهواء,الصمامات المدارة بالهواء ( بالإنجليزية : Air-operated valve ) هي نوع من الصمامات المعتمدة على الطاقة، ويعتمد هذا النوع على
عجيب,عجيب هو آلة ذاتية التشغيل ، لاعبة للشطرنج ، أنشأها تشارلز هوبر في المعهد الملكي للفنون التطبيقية في عام 1868
مشغل ألكوبيير,مشغل ألكوبيير أو مشغل ألكوبيير المعوج ( أو ألكوبيير المتري إشارة إلى الشادّة المترية ) ، هي فكرة تأملية مبنية
المعهد القومي الأمريكي للقياس,المعهد الوطني الأمريكي للمقَأيِس ( بالإنجليزية : The American National Standards Institute ) ويختصر بANSI، هو الجهة المسئولة عن إصدار
التكنولوجيا في مصر القديمة,ينظر إلى خصائص المصريون القدماء من قطعهم أثرية وعاداتهم التي استمرت لآلاف السنين.فقد اخترع المصريون القدماء آلات أساسية كثيرة، مثل
تكنولوجيا اليونان القديمة,ظهرت تكنولوجيا اليونان القديمة خلال القرن الخامس قبل الميلاد واستمرت حتى الحقبة الرومانية وما بعدها . شملت الاختراعات التي تُنسب
واجهة برمجة التطبيقات,واجهة لبرمجة التطبيقات أو بيئة برمجة التطبيقات ( بالإنجليزية : Application Programming Interface وتختصر إلى API ) وصفٌ العناصر البرمجيّة
فيزياء تطبيقية,الفيزياء التطبيقية مصطلح عام للفيزياء التي تتخصص للتطبيق في مجال عملي أو تقني معين . العلم التطبيقي يتميز عن العلم
تقنية معمارية,التقنية المعمارية أو تقنية البناء هي تطبيق التكنولوجيا لتصميم المباني . وهي عبارة عن دمج بين الهندسة المعمارية وهندسة البناء،
ذكاء اصطناعي,الذكاء الاصطناعي هو سلوك وخصائص معينة تتسم بها البرامج الحاسوبية تجعلها تحاكي القدرات الذهنية البشرية وأنماط عملها . من أهم
رحم اصطناعي,الرحم الاصطناعي ( بالإنجليزية : artificial womb ) هو تقنية حديثة تطمح إلى إنماء الأجنة البشرية معمليا في وجود وسط
جي بي إس مساعد,A-GPS اختصار Assisted GPS هو نظام يسرّع بداية تشغيل نظام تحديد المواقع المعتمد على الأقمار الصناعية ( بالإنجليزية : GPS
مؤشر الوجهة,مؤشر الوجهة ( بالإنجليزية : attitude indicator ) أو المؤشر الأفقي ( بالإنجليزية : gyro horizon ) أو الأفق الصناعي
نظام آزمث,نظام آزمث ( Azimuth Systems ) هي شركة خاصة تقع بالقرب من بوسطن، ماساشوستس.و منتجاتها الأساسية تشمل محاكاة القنوات اللاسلكية
لغة الترميز من الأعمال إلى التصنيع,لغة الترميز من الأعمال إلى التصنيع ( Business To Manufacturing Markup Language B2MML ) هي تطبيق للغة XML على متطلبات
لغة إنجليزية مبسطة,اللغة الإنجليزية المبسطة تسمى أيضا اللغة الإنجليزية الأساسية والمعروفه أيضا باسم الإنجليزية البسيطة، هي اللغة الإنجليزية القائمة على السيطرة في
خزان مرن,الخزان المرن ( القربة ) هو منتج يسمح لصهريج التخزين بتخزين العديد من أنواع السوائل . ويسمى أيضًا `` cisterna
نظام باولر للاتصالات,نظام باولر للاتصالات ( بالإنجليزية : Bowler Communications System ) هو بروتوكول مفتوح طوره نيرون روبوتكس لتبسيط الاتصالات بين مكونات
دماغ في وعاء,`` دماغ في وعاء '' هو مصطلح فلسفي متداول في عدة تجارب فكرية، ويقصد به تسليط الضوء على ملامح معينة
غسيل دماغ,غسيل الدماغ ( بالإنجليزية : Brainwashing ) يقصد به تحويل الفرد عن اتجاهاته وقيمه وأنماطه السلوكية وقناعاته، وتبنيه لقيم أخرى
ريتشارد بوكمينستر فولر,ريتشارد بوكمينستر فولر Richard Buckminster Fuller ( ميلتون ، 12 يوليو 1895 -- لوس أنجلوس، 1 يوليو 1983 ) مخترع،
مرجام,المرجام أو المنجنيق هو جهاز باليستي يستخدم لإطلاق قذيفة على مسافة كبيرة دون مساعدة الأجهزة المتفجرة - ولا سيما أنواع
Change.org,Change.org ( بالعربية : تغيير . أو آر جي ) هو موقع غير ربحي تُديره شركة أمريكية تحمل نفس الاسم
سجل التغيير,سجل التغيير ( بالإنجليزية : Changelog ) هو سجل يحتوي على جميع التغييرات البارزة التي تمت على مشروع . يمكن
الغرفة الصينية,الغرفة الصينية هي اسم تجربة فكرية صاغها الفيلسوف جون سورل من أجل تحدي الادعاء القائل بأن حاسوبًا قادر على تشغيل
صحافة المواطن,صحافة المواطن ( وهي معروفة أيضا بالصحافة العامة أو التشاركية، أو الديمقراطية أو صحافة الشارع صحافة شعبية ) هو مصطلح
ديمقراطية إلكترونية تعاونية,الديمقراطية الإلكترونية التعاونية أو الديمقراطية الجامعة هو مفهوم يجمع بين الميزات الأساسية لـ الديمقراطية المباشرة والديمقراطية التمثيلية والديمقراطية الإلكترونية (
نظام اتصالات,في الاتصال عن بعد يُعرف نظام الاتصالات ( بالإنجليزية : Communications System ) بأنه مجموعة من شبكات الاتصالات الفردية، وأنظمة
مقارنة بين الكاميرات الاحترافية,"Key : To save space , the `` EOS '' is left out from Canon model names . ISO values"
مقارنة بين أنظمة تشغيل الهواتف المحمولة,هذه هي مقارنة بين أنظمة تشغيل الهواتف المحمولة « mobile operating systems ( OS ) » ، وتظهر فقط أحدث
نظرية التعقيد والمنظمات,نظرية التعقيد والمنظمات، المعروفة أيضًا باسم إستراتيجية التعقيد أو التنظيم التكيفي المعقد، تشير إلى استخدام نظرية التعقيد في مجالي الإدارة
حاسوب,الحَاسُوب ( بالإنجليزية : Computer ) هو آلة إلكترونية لها قابلية استقبال البيانات ومعالجتها إلى معلومات ذات قيمة يخزنها في
إدمان الكمبيوتر,يمكن وصف إدمان الكمبيوتر ( بالإنجليزية : Computer addiction ) على أنه الاستخدام المفرط للكمبيوتر والذي ينتج عنه عواقب سلبية
صيانة الحاسوب,إنَّ صيانة الحاسوب ( بالإنجليزيّة : Computer Maintenance ) ، بشكل عام هي عمليّة دوريّة تضمن بقاء الحاسوب يعمل بالشكل
برمجة,تعريف البرمجة بأنها عملية كتابة تعليمات وتوجيه أوامر لجهاز الحاسوب أو أي جهاز آخر مثل قارئات أقراص الدي في دي
إدارة التهيئة,إدارة التهيئة هي إحدى مجالات الإدارة التي تركز على إنشاء والمحافظة على الاتساق في الأداء والسمات الوظيفية والمادية لنظام أو
إدارة المحتوى,إدارة المحتوى ( بالإنجليزية : Content Management أو CM ) هي مجموعة من العمليات والتقنيات التي تدعم جمع، وإدارة، ونشر
لغة مقيدة,اللغة المقيدة ( بالإنجليزية : Controlled Vocabulary ) هي عبارة عن قائمة بمصطلحات مختارة، يجب على المفهرس أو المكشف الالتزام
مستودع بارد,المستودع البارد أو مخزن التبريد هو مستودع حيث يتم تخزين وتثليج البضائع القابلة للتحلل . وتتنوع المنتجات التي يتم تخزينها
تحرير النسخ,تحرير النسخ أو تحرير الطباعة ( والتي تكتب بالإنجليزية copy-editing أو copyediting ) عبارة عن مصطلح يشير إلى العمل الذي
هندسة التآكل,هندسة التآكل هى فرع متخصص يعني بتطبيق المعرفة العلمية والقوانين الطبيعية والموارد المادية من أجل تصميم وتنفيذ المواد والإنشاءات والأجهزة
تدمير إبداعي,تدمير إبداعي أو هدم بناء ( بالإنجليزية : Creative Destruction ) هو مفهوم في علم الاقتصاد . عرفه عالم الاقتصاد
دراسات التعليمات البرمجية الحرجة,دراسات التعليمات البرمجية الحرجة ( CCS ) عبارة عن مجال فرعي أكاديمي ناشئ، يتعلق بالإنسانيات الرقمية والدراسات الثقافية وعلم الحاسوب
نقد التقنية,انتقادات التكنولوجيا هو تحليل فلسفي للآثار السلبية للتقنيات الصناعية والرقمية على المجتمع والبيئة.فهناك إدعاء في المجتمعات الصناعية المتقدمة، وليس بالضرورة
تمويل جماعي,"التمويل الجماعي Crowdfunding [ 1 ] هو مصطلح يعبر عن العملية الجماعية والتعاونية , المبنية على الثقة وشبكة العلاقات بين"
تخلف ثقافي,يشير المصطلح التخلف الثقافي إلى الفكرة المتمثلة في أن الثقافة تستغرق وقتًا للحاق بركب الابتكارات التكنولوجية وأن ثمة مشاكل وصراعات
نظرية القط اللطيف للنشاط الرقمي,نظرية القط اللطيف للنشاط الرقمي عبارة عن نظرية تتعلق بنشاط الإنترنت والرقابة على الإنترنت و '' القطط اللطيفة '' (
مضخة دورية,المضخة الدورية هي آلة تحرك السائل بشكل دوري باتجاه واحد من نظام احتوائي لآخر . تعمل المضخة على التغيير المضبوط
ميتاداتا,البيانات الوصفية أو ( بالإنجليزية : MetaData ) هي بيانات رقمية تصف خصائص المصادر الرقمية المتاحة علي شبكة الانترنت، أو
وزارة الأعمال والابتكار والمهارات,وزارة الأعمال والابتكار والمهارات ( BIS ) هي وزارة في حكومة المملكة المتحدة تم إنشاؤها في 5 يونيو 2009 من
قسم التعليم والمهارات ( المملكة المتحدة ),قسم التعليم والمهارات ( المملكة المتحدة ) هي دائرة حكومية سابقة في المملكة المتحدة خدمت بين عامي 2001 و 2007،
طلب هاتفي,الطلب الهاتفي أو ملقم الهاتف ( بالإنجليزية : Dial-up ) هو شكـل من أشكال الدخول إلى شبكة المعلومات الدولية (
انتشار ( أعمال ),يمثل الانتشار إحدى العمليات التي من خلالها تحظى فكرة جديدة أو منتج جديد بالقبول في السوق . يتمثل معدل الانتشار
أنثروبولوجيا رقمية,الأنثروبولوجيا الرقمية أو علم الإنسان الرقمي هو الدراسة الأنثروبولوجية للعلاقة ما بين البشر وتقنية العصر الرقمي . ما يزال هذا
المواطنة الرقمية,المواطنة الرقمية Digital Citizenship نشهد حاليا ثورة هائلة في التطور التكنولوجي والمعلومات الرقمية، فالتقنية أصبحت جزءً هاماُ لا يستغنى عنها
فجوة إلكترونية,الفجوة الإلكترونية وتسمى أيضا الفجوة الرقمية ( بالإنجليزية : Digital Divide ) هو مصطلح حديث ظهر في علم الحاسوب وعلوم
صحافة رقمية,الصحافة الرقمية هي الصحافة التي تنشأ من شبكة الإنترنت . وتوفر الإبداعات التقنية، التي سمحت في الماضي بالتوزيع المجمع للأخبار
إلمام رقمي,الإلمام الرقمي ( بالإنجليزية : Digital literacy ) هو القدرة على تحديد وفهم وتنظيم وتقييم وتحليل المعلومات باستخدام التكنولوجيا الرقمية
إنسان رقمي,الإنسان الرقمي هو الشخص الذي ولد خلال طفرة التكنولوجيا أو بعدها وتفاعل مع التكنولوجيا الرقمية منذ سن مبكرة، ولديه قدر
ابتكار مزعزع,الابتكار المُزعزع أو الابتكار المسبب للاضطراب ( بالإنجليزية : Disruptive Innovation ) هو مصطلح من وضع الخبير الإداري كلاي كريستنسن
توثيق,التوثيق ( بالإنجليزية : documentation ) هو مصطلح بأكثر من معنى، أما الأكثر شيوعا فهي : مجموعة من الوثائق الورقية،
تقنيات منزلية,التقنيات المنزلية هو مجال يدمج العلوم التطبيقية في المنزل وله جوانب مختلفة.المستوى الأول يتناول الأجهزة المنزلية والأتمتة المنزلية وغيرها من
فحص تغطية الشبكة,اختبار فحص تغطية الشبكة هو طريقة لقياس وتقييم التغطية وقدرة السعة وجودة الخدمة ( QoS ) لشبكة الإذاعة المتنقلة .
مغلاف ديسون,مغلاف ديسون أو كرة دايسون هي فكرة لبناء افتراضي وهو عبارة عن كرة ضخمة تحيط بنجم تقوم بإنشائها حضارات المتطورة
خدمة إلكترونية,إن مفهوم الخدمات الإلكترونية بصفة عامة يتثمل في الاستفادة من تكنولوجيا المعلومات والاتصالات في تقديم وتوفير الخدمات ، ومن الصعب
المتبنى صاحب السبق,المتبنى صاحب السبق ( بالإنجليزية : Early adopter ) أو العميل الذي يسترشد به هو في الأصل عميل لشركة معينة،
لوحة مفاتيح كهربائية,لوحة التبديل الكهربائية أو لوحة مفاتيح كهربائية هو جهاز يوجه الكهرباء من مصدر أو أكثر إلى عدة مناطق أصغر للاستخدام
هندسة كهربائية,الهندسة الكهربائية ( بالإنجليزية : Electrical Engineering ) هي تخصص يهتم بدراسة وتطبيقات علوم الكهرباء والإلكترونيات والمجالات الكهرومغناطيسية . أصبح
تكنولوجيا الهندسة الكهربائية,تكنولوجيا الهندسة الكهربائية / الالكترونيات ( EET ) هو مجال التكنولوجيا الهندسية التي تطبق، وتطبق مبادئ الهندسة الكهربائية . مثل
تصميم الأنظمة الكهربائية,تصميم الأنظمة الكهربائية هو عبارة عن تصميم الأنظمة الكهربائية . وهذا يمكن أن يكون بسيطًا مثل خلية المصباح المتصلة من
حصيرة مكافحة للموظ,حصيرة مضادة للموظ وهي حصيرة كهربائية مستخدمة للحفاظ على الموس بعيدا عن مناطق معينة . في تشرين الأول / أكتوبر
نمذجة إلكتروميكانيكية,تهدف النمذجة الإلكتروميكانيكية إلى إنشاء نماذج محاكاة للأنظمة الإلكتروميكانيكية من أجل دراسة خصائصها المادية قبل الشروع في تصميم النظام الفعلي
جهاز المراقبة الإلكتروني المركزي,جهاز المراقبة الإلكتروني المركزي ( بالإنجليزية : Electronic centralised aircraft monitor إختصاراً بـ ECAM ) هو نظام يقوم بمراقبة وظائف
شيك رقمي,== تعريفه == الشيك ( أو الصك ) الرقمي ( أو الإلكتروني ) ( بالإنجليزية : Digital check ) هو
تحلل منسجم,التحلل المنسجم ( بالإنجليزية : Elegant degradation ) هو مصطلح يستخدم في الهندسة ليصف ما يحدث للماكينات التي تكون عرضة
معيار الانبعاث,معيار الانبعاث أو الانبعاث المعياري ( بالإنجليزية : Emission standard ) ، هي معايير تصدرها المؤسسات المختصة والتي تحدد مستويات
يوم المهندس,تهتم هذه القائمة بذكر تواريخ يوم المهندس في مختلف أنحاء العالم
خاتم المهندس,إن خاتم المهندس عبارة عن خاتم يرتديه أعضاء نقابة المهندسين، وهي مؤسسة زمالة مكوَنة من المهندسين الذين ينبغي أن يكونوا
هندسة تطبيقية,الهندسة التطبيقية فن واحتراف واكتساب المهارات الفنية والعلمية والحسابية وتطبيقها لتصميم وتنفيذ المنشآت والآلات والإختراعات والأدوات والأنظمة والعمليات المطلوبة كافة
أوامر التغيير الهندسي,يتم استخدام أوامر التغيير الهندسي ( ECO ) لإدخال تغييرات في المكونات، أو عمليات التجميع، أو المستندات مثل العمليات وإرشادات
عملية التصميم الهندسي,تتكون عملية التصميم الهندسي من مجموعة من الخطوات الممنهجة، التي يستخدمها المهندسون في تصميم المنتجات و العمليات الهندسية . و
رسم هندسي,يعد الرسم الهندسي بمثابة اللغة التي تمكن المهندس من التعبير عن أي تصميم بطريقة تمكن الآخرين من فهمه وتطويره وتصنيعه
بحوث هندسية,تسعى البحوث الهندسية إلى دراسة التطورات النظرية والعملية في مجالات مثل الحوسبة فائقة السرعة، والتنبؤ بالزلازل، وأنظمة الطاقة، والبناء .
إحصاء هندسي,يجمع الإحصاء الهندسي بين الهندسة التطبيقية والإحصاء : إن تصميم التجارب ( DOE ) عبارة عن منهجية لصياغة المشكلات العلمية
الدراسات الهندسية,الدراسات الهندسية ( بالإنجليزية : Engineering studies ) هى فرع متعدد التخصصات في العلوم الاجتماعية والإنسانية المكرسة لدراسة المهندسين وأنشطتهم
مخاطر الذكاء الاصطناعي العام,الخطر الأساسي من وجود الذكاء الاصطناعي العام يرجع إلى الفرضية القائلة أن التقدم الكبير في الذكاء الاصطناعي العام قد يؤدي
الأسئلة الأكثر تكرارا,الأسئلة الشائعة أو الأسئلة المتكررة ( بالإنجليزية : Frequently Asked Questions ) و تختصر باستخدام التعبير ( FAQ ) هي
هندسة مالية,الهندسة المالية ( Financial Engineering ) هي إحدى فروع علوم تخمين المخاطر ( بالإنجليزية : Actuarial science ) أو علم
عوامة كهربائية,العوامة الكهربائية هي جهاز يقوم بالتحكم في منسوب الماء في الخزانات .
خارطة الانسياب,المخطط التدفقي أو خارطة الانسياب أو خارطة سير المعلومات ( بالإنجليزية : Flowchart ) هي خارطة يستخدم فيها بعض الاشكال
محقنة طائرة,مِحْقِنَة طائِرة ( بالإنجليزية : Flying syringe ) هي عِبارة تستخدم للإشارة إلى بعوض معدّل وراثيًّا قيد العمل عليه، يحقن
فيرست,فيرست أو FIRST وهي اختصار لـ For Inspiration and Recognition of Science and Technology اي للايحاء والاعتراف بالعلوم التكنولوجيا .
الثورة الصناعية الرابعة,الثورة الصناعية الرابعة ( 4IR ) هي العصر الصناعي الرئيسي الرابع منذ الثورة الصناعية الأولى في القرن الثامن عشر .
قاموس الحوسبة المجاني على الانترنت,ان قاموس الحوسبة المجاني على الإنترنت ( FOLDOC ) موجود على الإنترنت ويمكن البحث فيه، وهو قاموس موسوعي لمواضيع الحوسبة
بطارية ضفدع,بطارية الضفدع هي بطارية كهروكيميائية تتكون من عدد من الضفادع الميتة ( أو الحيه أحيانا ) ، والتي تشكل خلايا
صاروخ فيوجن,صاروخ فيوجن أو الصاروخ الاندماجي هو تصميم نظري لصاروخ مدفوع بالدفع الاندماجي الذي يمكن أن يوفر تسارعا فعالا وطويل المدى
البوابة ( هندسة ),في الهندسة التطبيقية، يشير مصطلح البوابة إلى هيكل دوار أو منزلق يدعمه مفصلات أو محور أفقي أو عمودي دوار، الذي
مؤشر نطاق الإنترنت العريض للحكومات,مؤشر نطاق الإنترنت العريض للحكومات ( بالإنجليزية : Government Broadband Index ( gBBi ) ) هو تقرير يتم بواسطة وحدة
قطار الجاذبية,إن قطار الجاذبية عبارة عن وسيلة نقل نظرية تهدف إلى الانتقال بين نقطتين على سطح أي كرة بعد نفق مستقيم
الورقة الخضراء,الورقة الخضراء الورقة الخضراء تقرير حكومي مؤقت و وثيقة تشاور مع المقترحات السياسية للمناقشة، في الاتحاد الأوروبي، دول الثروة المشتركة،
نمو الخلايا الشمسية,لأكثر من عقدين أصبح منحنى إنتشار الخلايا الشمسية منحنى تصاعديا . فخلال هذه الفترة ، الخلايا الضوئية ( PV )
خريطة تحرش,خريطة تحرش هي مبادرة غير هادفة للربح تعمل علي الحد من حالات التحرش الجنسي في المجتمع عن طريق بلاغات الموبايل
لقاح فيروس نقص المناعة البشرية,لقاح فيروس نقص المناعة البشرية '' لقاح فيروس نقص المناعة البشرية هو لقاح من شأنه أن يحمي الأفراد الذين ليس
لغة ترميز النص الفائق,لغة ترميز النص التشعبي ( بالإنجليزية : HyperText Markup Language ) ( إختصار إتش تي إم إل HTML ) ،
هاكتفيزم,هاكتفيزم ( بالإنجليزية : hacktivism ) هو استخدام أجهزة الحاسوب والشبكات الحاسوبية لتعزيز أجندة سياسية . وغالبا ما ترتبط أهدافه
أداة كتابة المساعدات ( هات ),أداة كتابة الإرشادات برنامج حاسوبي يستعمل لكتابة محتوى الإرشادات ( قسم المساعدة ) في البرامج المتصلة بالإنترنت .
تقنية عالية,التقنية العالية ( بالإنجليزية : High Tech هاي تيك، اختصارا لـ High Technology ) هي التقنية المتواجدة في الوضع الأكثر
تاريخ الألومنيوم,تاريخ الألومنيوم ( بالإنجليزية : History of aluminium ) يعتبر الألومنيوم عنصرًا كيميائيًا يحمل الرمز ( Al ) ورقمه الذري
تاريخ التقانة الحيوية,== قبل الميلاد ==
تاريخ صناعة الشموع,تطورت صناعة الشموع بشكل مستقل في العديد من الأماكن على مر التاريخ . استخدمت الشموع من قِبَل اليونانيون القدامى تكريماً
تاريخ الواقي الذكري,تاريخ الواقي الذكري يعود على الأقل عدة قرون، وربما بعده . بالنسبة لمعظم تاريخهم، وقد استخدمت الواقي الذكري على حد
تأريخ تقنية النانو,تأريخ تقنية النانو على الرغم من أن تقنية النانو ظهرت حديثا نسبيا كتقنية في مجال البحث العلمي، فأن تطوير المفاهيم
تاريخ الورق,المخطوطات الورقية عبر العصور : كل الناس يعلمون ما يؤديه الورق من خدمات في ميادين : الكتابة والطباعة ولف البضائع
تاريخ الصواريخ,وقد وضعت الصواريخ التي تعمل بطاقة البارود الأولى في عهد أسرة سونغ في الصين في القرن ال13 . وانتشرت في
تاريخ العلوم والتكنولوجيا,تاريخ العلوم والتكنولوجيا على ( HST ) هو حقل من التاريخ الذي يدرس كيفية فهم البشرية للعالم الطبيعي ( العلم
تاريخ التكنولوجيا,تاريخ التكنولوجيا هو تاريخ اختراع الأدوات والتقنيات، وهو يشبه بعدة طرق تاريخ الإنسانية . وقد مكنت المعرفة التقنية الناس من
تاريخ محرك الاحتراق الداخلي,ساهم العديد من العلماء والمهندسين في تطوير محركات الاحتراق الداخلي . طور جون بربر تربينة في عام 1791 . سجل
تاريخ التلسكوب,ظهر أول تلسكوب معروف عام 1608 في هولندا عندما حاول صانع النظارات هانز ليبرشي الحصول على براءة الاختراع على واحد
تاريخ آلات قياس الوقت,عبر آلاف السنين، استخدمت العديد من الآلات لقياس وتتبع الوقت . واعتمد الإنسان على النظام الستيني لقياس الوقت منذ نحو
تاريخ أجهزة ضبط الوقت في مصر,كان المصريون القدماء من أوائل الثقافات التي تقسم الأيام إلى أجزاء متساوية متفق عليها بشكل عام، وذلك باستخدام أجهزة ضبط
كيفية,الكيفية هي وصف لطريقة عمل شيء أو صنعه أو توضيح لمسألة، يقدمه ذوو الاختصاص للعامة من قليلي الخبرة والهواة .
آي فون ( الجيل الأول ),أي فون ( بالإنجليزية : iPhone ) هو أول هاتف ذكي صمم و صنع من قبل شركة أبل يعمل بنظام
سرعة الحمل الخالي,سرعة الحمل الخالي ( بالأنكليزية : Engine idle speed ) هي السرعة الدورانية للمحرك عند عدم التحميل أي عند عدم
الثورة الصناعية,الثورة الصناعية هي انتشار وإحلال العمل اليدوي بالمكننة . شهدت بلدان أوروبا الغربية خلال القرن الثامن عشر نهضة علمية شاملة
نظام الملاحة بالقصور الذاتي,نظام الملاحة بالقصور الذاتي ( INS ) عبارة عن وسيلة مساعدة للملاحة تستخدم الحاسوب وأجهزة استشعار الحركة ( مقاييس التسارع
الحصول على المعلومات,الحصول على المعلومات ( بالإنجليزية : Information access ) هي أحد النظم الفرعية في نظام المعلومات وظيفته الأساسية هي اختزان
عمارة المعلومات,هندسة المعلومات أو عمارة المعلومات هي فن التعبير عن نموذج أو مفهوم للمعلومات المستخدمة في الأنشطة التي تتطلب تفاصيل واضحة
تقنية المعلومات,تقنية المعلومات أو تكنولوجيا المعلومات وتختصر إلى IT وحسب تعريف ( مجموعة تقنية المعلومات الأمريكية ) ITAA، هي `` دراسة،
بنية تحتية,البنية التحتية هي الهياكل التنظمية اللازمة لتشغيل المجتمع أو المشروع أو الخدمات والمرافق اللازمة لكي يعمل الاقتصاد . ويمكن تعريفها
زحف التعليمات,تحدث عملية زحف التعليمات عندما تزداد التعليمات في العدد والحجم بمرور الوقت حتى يصعب السيطرة عليها . ومن الممكن أن
المنظمة الدولية للمعايير,المنظمة الدولية للمعايير ( أيزو ) ( بالإنجليزية : International Organization for Standardization ) ( بالفرنسية : Organisation internationale de
الجمعية الدولية للتكنولوجيا في التعليم,`` الجمعية الدولية '' للتكنولوجيا في التعليم ( إيست ) هي منظمة غير ربحية مهنية التي تضم في عضويتها زعماء
توطين وعولمة ( معلوماتية ),التدويل والتطويع المحلي هما الآلياتان المستخدمتان، في مجال الحوسبة، في تهيئة برامج الكمبيوتر لتتسع للغات المختلفة والاختلافات الناجمة باختلاف المناطق
إنتربرس,إنتربرس ( بالإنجليزية : Interpress ) هي لغة لوصف الصفحات طورت في زيروكس بارك، اعتمادًا على لغة فورث ولغة رسومية
اختراع الهاتف,كان اختراع الهاتف تتويجا للعمل الذي قام به العديد من الأفراد ، وأدى إلى مجموعة من الدعاوى القضائية المتعلقة بمطالبات
منسج جاكارد,منسج جاكارد ( بالإنجليزية : Jacquard loom ) هو منسج ميكانيكي اخترعه جوزيف ماري جاركارد في سنة 1801 م .
جون هولدرن,جون هولدرن ( بالإنجليزية : John Holdren ) ( و . 1944 – م ) هو فيزيائي، وبروفيسور ( أستاذ
قاعدة معرفة,قواعد المعرفة هي نوع من أنواع قواعد البيانات لإدارة المعرفة . قواعد المعرفة هي مخزن للمعلومات التي توفر وسيلة لجمع
فجوة معرفية,الفجوة المعرفية هي الفجوة في المقاييس المعيشية بين من يمكنهم العثور على المعلومات أو المعرفة وتكوينها ومعالجتها ونشرها وبين العاجزين
تطور طويل الأمد ( شبكات إتصالات ),تطور طويل الأمد ( بالإنجليزية : Long Term Evolution ) ويعرف اختصارا ب ( ال تي إي ) ( LTE
قانون قمع الإمكانات المتطورة,قانون قمع الإمكانات المتطورة هو فكرة تم وصفها لأول مرة من قِبل براين وينستون ( Brian Winston ) في كتابه،
لورانس ليسيج,لورانس ليسيج أكاديمي وناشط سياسي أمريكي وصاحب كتاب الثقافة الحرة . عمل أستاذاً للقانون في كلية الحقوق بجامعة ستانفورد كما
شذرة تعلم,شذرة التعلم هو نشاط تعلمي مصغر مدته لا تتجاوز الخمس دقائق يعرض على المتعلم بناء على سياق محدد من اجل
منتجات كانون,== الكاميرات ==
التقنيات التكنولوجية التي نشأت حديثا,تضم القائمة التالية للتقنيات التكنولوجية التي نشأت حديثًا بعضاً من أبرز ما شهدته العلوم والتقنية من تقدم وابتكار في المجالات
قائمة أعلى المطارات,"هذه قائمة بأعلى المطارات المدنية في العالم، والتي تقع على ارتفاعات أعلى من 2,500 م ( 8,202 قدم ) 2500"
قائمة المنابع الضوئية,هذه قائمة بالمنابع الضوئية، تتضمن المنابع الطبيعية والاصطناعية .
قائمة أطول مدارج الطيران,على الرغم من أن طول المدرج قد حاز على الاهتمام الأكاديمي، من حيث قابليتها للاستخدام في خطوط شركات الطيران، فالمدرج
قائمة رموز المراصد الفلكية,هذه قائمة رموز المراصد الفلكية، أو رموز الاتحاد الفلكي الدولي، والمراصد الفلكية المقابلة لها . مركز الكواكب الصغيرة– هو منظَّمة
قائمة أجهزة الاستشعار,قائمة بأجهزة الاستشعار ( المجسات ) مقسمة على حسب النوع والإستخدام .
قائمة المجتمعات الافتراضية التي تحتوي على أكثر من 100 مليون مستخدم نشط,هذه القائمة الحالية تحتوي على أكثر من 100 مليون مستخدم نشط على المجتمعات الإفتراضية . اعتباراً من شهر نوفمبر 2016،
حكومة إلكترونية محلية,الحكومة الإلكترونية المحلية عبارة عن حكومة إلكترونية في علاقتها بـ الحكومة المحلية، وسلطات الشرطة والحرائق والحدائق الوطنية وهيئات النقل .
لاضية,اللاضية ( بالإنجليزية : Luddite ) هي حركه أجتماعية ثورية نشأت في أنجلترا مع بدايات الثورة الصناعية في أوائل القرن
تعلم جوال,التعلم الجوال، التعليم الجوال، أو الموبايل التعليمي هو مصطلح لغوي جديد يشير إلى أستخدام تكنولوجيا المعلومات المتنقلة والأجهزة المحمولة، مثل
لقاح الملاريا,لقاح الملاريا ( بالإنجليزية : Malaria vaccine ) هو لقاح يستخدم لمنع الإصابة بالملاريا . اللقاح الوحيد المعتمد اعتبارًا من
صفحة دليل ( يونكس ),صفحات الدليل هي وثائق تاتي مسبقا مع يونكس، تعرض جميع المعلومات المتعلقة باي أمر ( حوسبة ) تريد مثل (
ضابط تدفق الكتلة,ضابط تدفق الكتلة هو جهاز يُستخدم لقياس وللتحكم في سريان أو تحكم السوائل والغازات . ويتم تصميم هذا الضابط ومعايرته
ثقافة مادية,في العلوم الاجتماعية يشير مصطلح الثقافة المادية الذي ظهر في أواخر القرن التاسع عشر وأوائل القرن العشرين إلى العلاقة بين
سير ميكانيكي,السير الميكانيكي عبارة عن جزء متحرك من آلة، وعادة ما يكون عبارة عن حلقة تنزلق بين المواضع المختلفة على قضيب
وادي ميديكون,وادي ميديكون هو مركز تجمّع علوم الحياة في أوروبا ويمتد على طول منطقة أوريسند في شرق الدنمارك وجنوب السويد .
تحالف وادي ميديكون,يُعد تحالف وادي ميديكون منظمةً تتكون من مجموعة كبيرة من الشركات الدنماركية-السويدية التي تُمثل علوم الحياة البشرية في وادي ميديكون
تكنولوجيا العصور الوسطى,تكنولوجيا العصور الوسطى وتعني التكنولوجيا المستخدمة في أوروبا في عصور وسطى تحت الحكم المسيحي . بعد عصر النهضة في القرن
بيانات وصفية,البيانات الوصفية أو ( بالإنجليزية : MetaData ) هي بيانات رقمية تصف خصائص المصادر الرقمية المتاحة علي شبكة الانترنت، أو
حاسوب دقيق,الحاسوب الدقيق ( بالإنجليزية : Microcomputer ) هو جهاز الكترونى رقمى قابل للبرمجة يتكون من وحدة أساسية هي المعالج الدقيق
تعلم مصغر,يتعامل التعلم المصغر [ بحاجة لمصدر ] مع وحدات ونشاطات تعلم قصيرة المدى . وبوجه عام، يشير تعبير `` التعلم
تقانة ميكروية,التقانة الميكروية ( Microtechnology ) هي تكنولوجيا متخصصة في الأمور من مقياس ميكرومتر ( جزء من مليون من المتر أي
آلة نسخ الرسائل,آلة نسخ الرسائل هي آلة طباعة منخفضة التكلفة تعمل من خلال ضغط الحبر من خلال المرسام على الورق . أستعملت
التبسيطية,( التقليلية أو الحد الأدنى ) ( بالإنجليزية : Minimalism ) وهو أسلوب في الكتابة المهيكلة ابتكرها العالم جون ميلر
وزارة الشؤون الاقتصادية ( هولندا ),وزارة الشئون الإقتصادية ( بالهولندية : Ministerie van Economische Zaken؛ EZ ) هي وزارة هولندية مسئولة عن الإقتصاد، الصناعة، التعدين،
مونبوشو,وزارة التعليم والثقافة والرياضة والعلوم والتقنية ( باليابانية : 文部科学省 مونبوكاغاكوشو ) وتعرف اختصارا بـ MEXT ( مكست ) أو
وزارة التعليم العالي والبحث العلمي ( الإمارات ),هذه قائمة بالوزارات في دولة الإمارات العربية المتحدة
وزارة العلوم,وزارة العلوم أو قسم العلوم هي وزارة أو وكالة حكومية أخرى معنية بالعلوم . وغالبًا ما يرأس الوزارة وزير العلوم
تجارة خلوية,التجارة المحمولة ( بالإنجليزية : M-Commerce ) هو مفهوم مشابه للتجارة الالكترونية من حيث المبدأ، وهو القيام بالأنشطة التجارية مثل
مشغل الهاتف المحمول,مشغل الهاتف المحمول أو مزود الشبكات اللاسلكية هي شركة الهاتف التي تقدم خدمات لمستخدمي الهاتف المحمول . مشغل يعطي بطاقة
مشغل شبكة محمول افتراضية,مشغل شبكة محمول إفتراضية ( بالإنجليزية : MVNO ) هو مقدم لخدمة الاتصالات اللاسلكية المحمولة ولكنه لا يملك ترددات خاصة
بنية نانوية,إن البنية النانوية هي الأغراض ذات الأحجام المتوسطة بين البنى الجزيئية وبين البنى المجهرية ( ذات الحجم الميكرومتري ) عند
الثورة الزراعية,كانت الثورة الزراعية أو التحول الديموغرافي ( السكاني ) في العصر الحجري الحديث، أو الثورة الزراعية، أو الثورة الزراعية الأولى
تأثير الشبكة,"تأثير الشبكة ( بالإنجليزية : Network effect , Network externality ) في مجال التجارة والاقتصاد هي تأثير مستخدم واحد لخدمة"
نوكيا 1,هاتف نوكيا 1 هو هاتف ذكي من صنع شركة نوكيا المملوكة لشركة إتش إم دي العالمية تم الإعلان عن الهاتف
نوكيا لوميا 1320,نوكيا لوميا 1320 ( بالإنجليزية : Nokia Lumia 1320 ) هو هاتف ذكي من نوكيا ضمن سلسلة لوميا يعمل بنظام
هوية مفتوحة للباحثين والمساهمين,الهوية المفتوحة للباحثين والمساهمين ( بالإنجليزية : Open Researcher and Contributor ID؛ تختصر : ORCID ) رمز من حروف وأرقام
نظام دفع فوري,Online Charging System ويرمز اليه أختصارا في اللغة الإنجليزية ب COS. هو عبارة عن نظام يسمح لمقدمي خدمة الاتصالات المتجولة
هندسة عبر الإنترنت,الهندسة عبر الإنترنت ( في بعض الأحيان تسمى الهندسة عن بُعد ) هي اتجاه حالي في الهندسة والعلوم يهدف إلى
أنطولوجية ( علم المعلومات ),الأنطولوجية أو هندسة الأطولوجيات ( علم التوصيف، توصيف المصطلحات ) هي أحد فروع هندسة البرمجيات والمعلوماتية وهي حقل جديد يدرس
الاتحاد المفتوح للهواتف النقالة,التحالف المفتوح للهواتف النقالة ( بالإنجليزية : Open Handset Alliance ) هو تجمع أربعة وثمانون شركة اتصالات ومصنعي المعدات والبرمجيات
معيار مفتوح,معيار مفتوح ( بالإنجليزية : Open Standard ) هو معيار متوفر للجميع كما يرتبط به مجموعة من حقوق الاستخدام وقد
أوبو أف 7,هاتف أوبو أف 7 ( بالإنجليزية : Oppo F7 ) هو فابلت ذكي يعتمد على أندرويد 8.1، والذي تم كشف
مخطط الهندسة المعمارية,المخطط التالي يمثل خطوط عريضة والدليل الموضعي للهندسة المعمارية : العمارة هي فن وعلم تصميم وتخطيط وتشييد المباني والمنشآت ليغطي
مخطط الاتصال,يقدم المخطط التالي نظرة عامة ودليلاً موضوعيًا إلى موضوع الاتصال : الاتصال هو ظاهرة نعتقد جميعًا أننا نستطيع التعرف عليها
مخطط عن الهندسة,الهندسة هي تخصص علمي وهوالعلم الذي يطبق النظريات العلمية، والطرق الرياضية والدليل التجريبي للتصميم، خلق وتحليل الحلول التكنولوجية بالاعتماد على
مخطط تصنيفي للتصنيع,يمثل الإطار التفصيلي التالي نظرةً عامةً على التصنيع وكذلك دليلاً موضوعيًا له : يشير التصنيع إلى مفهوم استخدام الآلات، الأدوات
بيجر,جهاز المناداة أو بيجر أو `` النداء الألي `` هو جهاز الإلكتروني صغير يسهل حمله ويستخدم لاستقبال الرسائل قصيرة أو
وسائط الإعلام التشاركية,في إشارة إلى تعريف صحافة المواطن، يمكن وصف وسائط الإعلام التشاركية بأنها وسائل الإعلام التي يمكن للجمهور من خلالها لعب
حركة أبدية,الحركة الأبدية أو الآلة الأبدية من المفترض أن تحدث في جهاز أو نظام افتراضي ما بحيث تستمر الحركة بعد بدايتها
فلسفة الذكاء الاصطناعي,هناك العديد من التعريفات للذكاء الاصطناعي ولكن هناك أربعة تعاريف هي الأكثر شهرة وانتشاراً في أوساط المجتمع العلمي والجامعات في
فلسفة التقنية,فلسفة التكنولوجيا، أو فلسفة التقنية، هو حقل فرعي من فروع الفلسفة الذي يدرس طبيعة التكنولوجيا وآثارها الاجتماعية . بدأت النقاشات
أسطوانة فونوغراف,أسطوانة فونوغراف؛ الأسطوانة هي قرص دائري به أخاديد حلزونية مركزية، وهي بأحجام وأشكال مختلفة لتسجيل الأصوات تستمعل على جهاز فونوغراف
لوح بايونير,"لوح بايونير هو زوج من الألواح الذهبية مطلى بأكسيد الألومنيوم وُضعت عام 1972 على مركبة بيونير 10 وبيونير 11 ,"
تدوين صوتي,التدوين الصوتي أو البث الصوتي أو البودكاست ( بثّ جيبي ) ( بالإنجليزية : Podcast ) هو سلسلة وسائط متعددة
محطة البيانات المحمولة,محطة البيانات المحمولة ، أو PDT باختصار ، هو جهاز إلكتروني يستخدم لإدخال البيانات أو استرجاعها عبر الإرسال اللاسلكي (
ورقة الموقف,ورقة الموقف هي مقال يعرض رأيًا ما بشأن إحدى القضايا . ويكون عادةً رأي الكاتب أو جهة أخرى محددة، مثل
بوست سكريبت,لغة الـ بوست سكريبت ( بالإنجليزية : PostScript PS ) هي لغة برمجة ديناميكية متسلسلة ابتكرها جون وورنوك، شارلز جيشكي،
تقنية ما قبل التاريخ,تقنية ما قبل التاريخ هي التقنية التي تسبق التاريخ المسجل، التاريخ هو دراسة الماضي باستخدام سجلات مكتوبة، أي شيء قبل
مؤتمر باجواش للعلوم والشؤون الدولية,مؤتمر باجواش للعلوم والشؤون الدولية ( بالإنجليزية : Pugwash Conferences on Science and World Affairs ) هي منظمة دولية تحاول
أر تي إف إم,RTFM هو تعبير مركب من الأحرف الأولى لجملة `` Read The Fucking Manual ( أقرأ الدليل اللعين ) '' أو
تفاعل البوليميراز المتسلسل اللحظي,تفاعل البوليميراز المتسلسل اللحظي تفاعل البوليميراز المتسلسل اللحظي ( بالإنجليزية : real-time polymerase chain reaction ) ويسمى أيضا تفاعل البوليميراز
تنظيم تقنية النانو,تنظيم تقنية النانو ان مسألة تنظيم مهم جدا بسبب الجدل المستمر بشأن الآثار المترتبة على تقنية النانو، وهناك جدل كبير
مصادر الطاقة المتجددة والتخفيف من آثار التغير المناخي,نشرت اللجنة الدولية للتغيرات المناخية في الأمم المتحدة مقالاً خاصاً بمصادر الطاقة المتجددة والتخفيف من آثار التغير المناخي في 9
طاقة متجددة,الطّاقة المتجددة هي الطّاقة المُستَمّدة من الموارد الطبيعية التي تتجدد أي الّتي لا تنفذ . تختلف جوهريًا عن الوقود الأحفوري
مكرر,في مجال الاتصالات، المكرر ( بالإنجليزية : Repeater ) هو جهاز إلكتروني الذي يتلقى إشارة و يعيد بثها بعد ذلك
تقرير,التقرير هو شكل من أشكال إيصال المعلومات، والتي تكون مصاغة بحيث تكون معدّة بشكل شبه نهائي للوصول إلى المستقبل .
تجوال ( اتصالات ),التجوال في مجال الاتصالات هو التنقل من مكان لآخر بحيث يظل المتنقل متصلا بشبكته الأصلية دون انقطاع، مثلا بأن يتلقى
روبرت إي . هورن,روبرت إي . هورن ( بالإنجليزية : Robert E. Horn ) هو عالم سياسة أمريكي، ولد في 1933 .
اقتصاديات الروبوت,تسعى اقتصاديات الروبوت ( Robot economics ) لإدراك وظيفة وديناميكيات السوق الخاصة بالروبوت . حيث تؤدي الأسواق الخاصة بالروبوت وظيفتها
روبوتي,"روبوتي هو روبوت بعجلات تفاضلية بمزايا التوازن الذاتي , الحركة , الكلام و تمييز الأشياء . روبوتي هو أيضاً أول"
حلقة مطاطية,الحلقة المطاطية ( بالإنجليزية : Rubber washer ) هي حلقة مصنوعة من المطاط وتستخدم في الأجهزة الميكانيكية . تستخدم هذه
سامسونج جلاكسي جي 4,سامسونج جالكسي جي 4 بالانجليزي Samsung Galaxy J4، هو جوال ذكي يعمل بنظام أندرويد ويعتبر من اجهزة الجوال متوسطة العمر
قابلية التوسع,قابلية التوسع ( بالإنجليزية : Scalability ) هي قدرة نظام، أو شبكة، أو عملية، على التعامل بكفاءة مع الكم المتزايد
العلوم والتكنولوجيا,"العلم والتكنولوجيا هو موضوع الذي يشمل العلم , التكنلوجيا والعلاقه فينا بينهمها . العلم هو عمل الهدف منه استكشاف وجمع"
دراسات العلوم والتقنية,"العلم التكنولوجيا و المجتمع ( بالإنجليزية : Science , technology and society ) و يرمز لها بالرمز ( STS )"
دورية علمية,الدورية العلمية هي نشرة تصدر على فترات محددة وتهتم بأخبار الأبحاث العلمية الأكاديمية . على العكس من المجلات العلمية، جمهور
الثورة الصناعية الثانية,كانت الثورة الصناعية الثانية، أو المعروفة أيضًا باسم الثورة التكنولوجية، هي مرحلة ضمن الثورة الصناعية الكبرى وتوافق النصف الثاني من
سيرفو درايف,سيرفو درايف مضخم إلكتروني خاص يستخدم في عملتي تشغيل والتحكم في محركات السيرفو . يقوم الدرايف بمراقبة إشارة التغذية المرتدة
القرية الذكية,القرية الذكية ( بالإنجليزية : Smart Village ) شركة مصرية تسمى ( المصرية للقرى الذكية ) لها عدة قطع اراضى
خدمة شبكة اجتماعية,خدمات الشبكات الاجتماعية ( بالإنجليزية : Social networking service ) وهي تختلف عن وسائل التواصل الإجتماعي ( بالإنجليزية : Social
برمجية اجتماعية,تطبيقات البرمجيات الاجتماعية ( بالإنجليزية : Social software ) تحتوي على أدوات للاتصال و التفاعل . تعالج أدوات الاتصال عادة
توثيق البرمجيات,توثيق البرمجيات ( بالإنجليزية : Software Documentation ) أو توثيق الشيفرة البرمجية المصدرية هي عملية كتابة نصوص ترفق ببرمجيات الكمبيوتر
دراسات البرمجيات,دراسات البرمجيات عبارة عن حقل بحثي جديد متعدد التخصصات، يهتم بدراسة أنظمة البرامج ومعرفة تأثيراتها الاجتماعية والثقافية .
صمام ملف,صمام ملف في الهندسة الكهربائية ( بالإنجليزية : solenoid valve ) هو صمام كهربائي يستخدم لتمرير أو أيقاف غاز أو
مخلفات فضائية,المخلفات الفضائية ( بالإنجليزية : Space debris أو Space junk ) عبارة عن مجموعة من النفايات الناتجة من مخترعات الإنسان
مصعد الفضاء,== مصعد الفضاء هو عبارة عن هيكل افتراضي مصمم لنقل المعدات من سطح كوكب ( الأرض ) إلى الفضاء .
مواصفة,المواصفات تشير إلى مجموعة من المتطلّبات التي ينبغي توافرها في مادة أو تصميم أو منتج أو في خدمة مقدّمة .
تغرير بالمواصفات الخادعة,فن التغرير بالمواصفات الخادعة ( بالإنجليزية : Specsmanship ) : هو تعريف حادث للاستخدام غير الملائم للمواصفات، أو نتائج القياس،
لغة الترميز القياسي العام,SGML هي لغة التأشير العامة القياسية وتعتبر مقياس لإدارة المعلومات تم تبنيه من قبل هيئة التوحيد القياسي ISO عام 1986
ستانفورد المستدير,ستانفورد المستدير ( بالإنجليزية : Stanford torus ) وهو نموذج أولي من الثمانينات لصالح ناسا لمحطة فضائية تكون مدينة عملاقة
إرشادات التنسيق,إرشادات التنسيق هي مجموعة من المعايير لكتابة وتصميم الوثائق من أجل الاستخدام العام أو نشر خصوصي أو منظمة ما أو
غمر ( تكنولوجيا ),الغمر هو مصطلح عام يُستخدم عادةً للإشارة إلى المعدات والتكنولوجيا والطرق المستخدمة في علم الأحياء البحرية وجيولوجيا قاع البحر وصناعات
سوفتكي,سوفتكي ( بالإنجليزية : SwiftKey ) هو لوحة مفاتيح لإدخال لأجهزة أندرويد و آي أو إس ( أبل ) .
سويسكوم,سويسكوم هي الشركة الرائدة في سوق الاتصالات السويسري . وهي نتيجة لتقسيم تلغراف البريد والهاتف في عام 1998، وغالبية المملوكة
ساو كارلوس,ساو كارلوس ( بالبرتغالية : São Carlos‏ ) وهي مدينة تقع في البرازيل في ولاية ساو باولو ويبلغ عدد سكانها
ساو جوزيه دوس كامبوس,ساو جوزيه دوس كامبوس ( بالإنجليزية : São José dos Campos ) هي إحدى أهم المدن في ولاية ساو باولو
تي ناين,تي ناين ( الإنجليزية : T9‏ – Text on 9 keys [ كتابة ] النص بالأزرار التسعة ) هي تقنية
فهرس,الفهرس أو الفهرسة ( بالإنجليزية : Table of contents ) هو قائمة المحتويات للكتب، وقد جاء في معجم لسان العرب
مشروع تانغو,مشروع تانغو ( بالأنجليزية : Project Tango ) هو الاسم الرمزى لمشروع تحت التطوير من قبل قسم المشاريع و التقنيات
تعريف تقني,التعريف الاصطلاحي؛ هو الذي يمثل اللغةَ الفنيَّةَ الخاصَّة بكل علم، والتي يستخدمها أصحابه في التعبير عن قضاياهم وأفكارهم، وربما استغلقت
معيار,المعيار خطوطٌ مرشدةٌ تقنيةٌ مقبولةٌ بالتحكيم تُعِدُّها منظمةٌ معروفةٌ حكومية أو غير تجارية، تُستخدَمُ لتحقيق توحيدٍ في مجال تطوير عتاديات
ترجمة تقنية,"الترجمة التقنية : هي نوع من الترجمات المتخصصة و التي تتضمن ترجمة وثائق كتبها كتاب تقنيون ( كتيبات المالك ,"
كاتب تقني,الكاتب التقني ( ويسمى أيضا المتواصل التقني ) هو كاتب محترف يصمم، وينشأ، ويحافظ على التوثيق التقني . هذا التوثيق
تغيير تكنولوجي,التغيير التكنولوجي ( بالإنجليزية : Technological change ) ، أو التطور التكنولوجي أو التقدم التكنولوجي هي العملية الشاملة للاختراع والابتكار
حتمية تكنولوجية,الحتمية التكنولوجية أو الحتمية التقنية هي نظرية اختزالية تفترض أن تكنولوجيا المجتمع تحدد تطور هيكله الاجتماعي وقيمته الثقافية . يعتقد
أدب المدينة الفاسدة,أدب المدينة الفاسدة أو ديستوبيا أو عالم الواقع المرير ( بالإنجليزية : Dystopia ) هو مجتمع خيالي، فاسد أو مخيف
التصعيد التكنولوجي,التصعيد التكنولوجي يصف الحالة التي يميل فيها طرفان في المنافسة إلى استخدام أحدث ما توصلت إليه التكنولوجية الحديثة والمستمرة في
التطور التكنولوجي,التطور التكنولوجي : هو نظرية تصف التحول الجذري للمجتمع من خلال التطور التكنولوجي . نشأت هذه النظرية مع الفيلسوف التشيكي
بطالة تقنية,البطالة التكنولوجية ( Technological unemployment ) البطالة التكنولوجية هي خسارة العمل بسبب التغيير التكنولوجي . يتضمن مثل هذا التغيير بالإجمال
تكنولوجيا,التقانة ويعرف أيضًا بالتقنية أو التكنولوجيا ( بالإنجليزية : technology ) والتكنولوجيا لغوياً، كلمة أعجمية ذات أصل يوناني، تتكوّن من
اعتمادالتكنولوجيا في الحياة,ان دورة حياة اعتماد التكنولوجيا هي نموذج اجتماعي يصف تبني أو قبول منتج جديد أو ابتكار جديد ، وفقًا للخصائص
التكنولوجيا والمجتمع,التكنولوجيا والمجتمع أو التكنولوجيا والثقافة يشير إلى كوديبيندينسي الدورية، كوينفلوينسي، والإنتاج المشترك التكنولوجيا والمجتمع عند الأخرى ( التكنولوجيا إلى الثقافة،
تقييم التكنولوجيا,تقييم التكنولوجيا ( تاوالألمانية تينتيراكتيفي، وعملية التواصل التي تهدف إلى المساهمة في تشكيل الرأي العام والسياسي على الجوانب الاجتماعية للعلوم
تعليم التقنية,تعليم التقنية Technology education هي دراسة التقنية ، وفيها يتعلم الطالب العمليات والمعرفات الخاصة بالتكنولوجيا . ويشمل تعليم التقنية قابلية
دورة حياة التقنية,دورة حياة التقنية أو ( بالإنجليزية : Technology life cycle ) تقوم بوصف المكاسب التجارية للإنتاج من خلال مرحلتي حساب
ولع التكنولوجيا,ولع التكنولوجيا ( بالإنكليزية Technophilia ) هو مصطلح يشير بشكل عام إلى الحماسة الشديدة تجاه التكنولوجيا، و خاصة التكنولوجيات الجديدة
تكنوبوليس غوسيف,تكنوبوليس في مدينة غوسيف هو مشروع لإنشاء صناعة الالكترونيات الحديثة المعقدة في منطقة كالينينغراد .
التلسنتر,التلسنتر هو مكان عام يتمكن فيه الناس من الوصول إلى الإنترنت وأجهزة الحاسوب والتقنيات الرقمية الأخرى، والتي تمكنهم من الحصول
نقطة الوصول المحمولة,نقطة الاتصال المحمولة نقطة الوصول المحمولة وهي عبارة عن وسيلة تمكن الأجهزة الأخرى من المشاركة بالاتصال عبر شبكة جوالك سواء
مستقبل العمل والموت,مستقبل العمل والموت، فيلم وثائقي تم اصداره عام 2016 من قبل سين بلاكنيل وواين والش عن نمو التكنولوجيا الذكية والذكاء
خط زمني للأنابيب النانوية الكربونية,== العصور الوسطى == ربما تكون الأنابيب النانوية الكربونية قد أسهمت في قوة الفولاذ الدمشقي، رغم أن هذا لم يكن
جدول زمني للاختراعات التاريخية,الجدول الزمني للاختراعات التاريخية : هو قائمة مرتبة ترتيبًا زمنيًا للاختراعات الهامة والشعوب التي قدمتها . ملاحظة : قد تكون
بعد إنسانية,ما بعد الإنسانية Transhumanism ( يختصر أحيانا ب > H أو H+ ) عبارة عن حركة فكرية ودولية تدعم استخدام
مقذاف,مـِقذاف ضرب من المجانيق كان يستخدمه المقاتلون في العصور الوسطى لضرب الأسوار بالحجارة الثقيلة .
قابلية الاستخدام,قابلية الاستخدام ( بالإنجليزية : usability ) هو مصطلح يُقصد به قابلية الأجهزة أو الأنظمة للاستخدام بسهولة من أجل تحقيق
تصميم موجه للمستخدم,التصميم الموجه للمستخدم ( بالإنجليزية : user-centered design ) ( اختصاراً UCD ) هي نظرية وفلسفة وتطبيق لإقحام المستخدم في
دليل المستخدم,دليل المستخدم ( بالإنجليزية : User Guide ) هي وثيقة مساعدة تهدف إلى تقديم المساعدة إلى الأشخاص الذين يستخدمون منتج
مولد الضباب,مولد الضباب ( بالإنجليزية : Utility fog ) هو مصطلحٌ اقترحه دكتور جون ستورز هال لوصف مجموعةٍ نظريةٍ من الروبوتات
إدارة المحتوى التعليمي,يعتبر نظام إدارة المحتوى التعليمي LCMS الجيل المطوَّر من نظام إدارة التعلم LMS ولكنه يزيد عليه في أنه يتيح للعديد
التكنولوجيا البصرية,التكنولوجيا البصرية هي فرع من العلوم الهندسية الذي يتعامل مع التمثيل البصري .
تدوين مرئي,التدوين المرئي أو تدوين الفيديو ( بالإنجليزية : video blog ) وتختصر vlog، تدوين عبر التصوير المتحرك ( الفيديو )
لوحة فوياجر الذهبية,لوحة فوياجر الذهبية Voyager Golden Records هي لوحة معدنية مطلية بالذهب منقوش عليها بيانات عن الإنسان ووضع الأرض بين النجوم
هشاشة المنشئات النووية للهجوم,هشاشة المنشئات النووية للهجوم هو تعرض المنشئات النووية لهجوم متعمد وهو مصدر قلق في مجال السلامة والأمن النووي على مستوى
دبليو 74 - 75 ( قنبلة نووية ),دبليو 74 ( قنبلة نووية ) هو قذيفة مدفعية نووية أمريكية . رداً على طلب جيش الولايات المتحدة عام 1969
كاميرا الويب,كاميرا الويب ( بالإنجليزية : Webcam ) هي كاميرا تستعمل للتواصل عبر ويب، عن طرق نقل صور فورية بين متصلين
ورقة بيضاء,الورقة البيضاء هي اصطلاحاً عبارة عن تقرير أو دليل يخبر القرّاء بإيجاز عن قضية معقدة، ويقدم مفهوم الكاتب في هذا
ويكي صحافة,إن ويكي الصحافة شكل من أشكال صحافة المواطن أو التعهيد الجماعي، والتي تستخدم تقنية ويكي لتسهيل التعاون بين المستخدمين .
قائمة مشاهير النساء في مجال الحوسبة,المرأة في الحوسبة هو مجال لاهتمام عالمي يدرس طبيعة مساهمة المرأة في مجالات الحوسبة عالميا . هذا الاهتمام ظهر في
اليوم العالمي للاتصالات ومجتمع المعلوماتية,أُعلن السابع عشر من مايو اليوم العالمي للاتصالات ومجتمع المعلوماتية في الوقت الذي تتزامن فيه مناسبتان هما اليوم العالمي لمجتمع
لغة الترميز القابلة للامتداد,لغة الترميز القابلة للامتداد ( إكس إم إل ) ( بالإنجليزية : XML The Extensible Markup Language ) ) هي
يوكنعام,يوكنعام أو يوكنعام عيليت ( بالعبرية : יָקְנְעָם עילית ) مدينة إسرائيلية تقع جنوب شرق مدينة حيفا ضمن اللواء الشمالي
ضوء زركونيا,ضوء زركونيا هو ضوء كيميائي لامع وشديد القوة يُنتج عبر مادة أكسيد الزركونيوم الرباعي المشع . وهو شبيه في تصميمه
