as4 schnittstelle,as4 b2b-schnittstelle austausch daten dokumenten handelspartnern entwickler kommunikationsstandards technische komitee kommunikationsdienste oasis organization for the advancement of structured information standards
astm international,astm international ursprünglich american society for testing and materials internationale standardisierungsorganisation sitz west conshohocken pennsylvania usa veröffentlicht technische standards dienstleistungen
accelerating change,futurologie bezeichnen accelerating change law of accelerating returns deutsch gesetz beschleunigenden nutzens zunehmen qualität quantität technischer errungenschaften erfindungen wissen gezählt
botschaften außerirdische,botschaften außerirdische verschiedene projekte bezeichnet ziel informationen erde natur menschheit aktiv bewusst gesteuert etwaigen außerirdischen zuzusenden bzw überlassen hierfür englischsprachigen
akteur-netzwerk-theorie,akteur-netzwerk-theorie ant englisch actor-network theory sozialwissenschaftliche schule 1980er bereich science and technology studies sts entwickelt bereichen soziologie benachbarter disziplinen etablieren
advanced distributed learning initiative,advanced distributed learning initiative adl organisation sitz alexandria virginia federführend bereich standardisierung e-learning-technologien adl veröffentlicht standardsammlung scorm konkurrierenden standard aicc
heronsball,heronsball äolsball aeolipile äolipile genannt heron alexandria beschriebene maschine expansionskraft wasserdampf rückstoßprinzip demonstriert aeolipile zuvor altägyptischen priestern heronsball schriftlich überlieferten
alliance ground surveillance,alliance ground surveillance ags programm nato aufbau fähigkeit gefechtsfeldaufklärung -überwachung nutzung unbemannter luftfahrzeuge typ rq-4d stationiert system italienischen militärflugplatz sigonella
american national standards institute,american national standards institute ansi private gemeinnützige amerikanische organisation koordinierung entwicklung freiwilliger normen vereinigten staaten sitz non-profit-organisation washington d.c jährliche
elektromotorischer verstärker,elektromotorischer verstärker emv hochleistungsverstärker aufgebaut kombination drehstrommotor modifizierten wechselspannungsgenerator elektromotorischen verstärker lasten elektrisch ferngesteuert bewegt ausgangsleistung elektromotorischen verstärkers mehrere kilowatt
drehratensensor,drehraten-sensoren messen rotationsgeschwindigkeit körpers drehratensensor gehört gruppe inertialsensoren
anti-atomkraft-bewegung,anti-atomkraft-bewegung bezeichnet weltweite soziale bewegungen zivilgesellschaftliche engagements atomausstieg nutzung kernenergie wenden
antiatombewegung australien,antiatombewegung australien jahrelange entwicklung zurückblicken nuklearwaffentests uranbergbau -export australiens zahlreichen zwischenfälle nutzung kernenergie häufig gegenstand öffentlicher debatten australien wurzeln anti-atom-bewegung
anti-atomkraft-bewegung deutschland,anti-atomkraft-bewegung deutschland 1970er entstandene soziale bewegung zivile nutzung kernenergie wendet europäischen vergleich zeichnet deutsche anti-atomkraft-bewegung stärke insbesondere kontinuität joachim radkau
anti-atomkraft-bewegung,anti-atomkraft-bewegung bezeichnet weltweite soziale bewegungen zivilgesellschaftliche engagements atomausstieg nutzung kernenergie wenden
programmierschnittstelle,programmierschnittstelle anwendungsschnittstelle genauer schnittstelle programmierung anwendungen häufig api genannt englisch application programming interface wörtlich anwendungs­programmier­schnittstelle programmteil softwaresystem programmen anbindung system
angewandte physik,angewandte physik steht unscharfer abgrenzung experimentalphysik teilweise theoretischen physik wesentliches kennzeichen gegebenes physikalisches phänomen willen erforscht hintergrund technischen interdisziplinären problems
arecibo-botschaft,arecibo-botschaft botschaft erde mögliche außerirdische form radiowellen-signals einmalig november 1:00 ast atlantic standard time ausgehend arecibo-observatorium gesendet weltweit zweitgrößten radioteleskop
künstliche intelligenz,künstliche intelligenz ki artifizielle intelligenz ai bzw a i englisch artificial intelligence ai teilgebiet informatik automatisierung intelligenten verhaltens maschinellen lernen
assisted global positioning system,assisted global positioning system a-gps dt unterstütztes globales positionierungssystem verfahren übermittlung hilfsdaten gps verschiedenes übertragungsnetz genaueren schnelleren gps-positionsbestimmung
künstlicher horizont,künstlicher horizont englisch artificial horizon gyro horizon attitude indicator ersetzt natürlichen horizont sichtbar raumlage gemessen künstliche horizonte benötigt  luftfahrt
automatic identification system,begriff automatic identification system ais deutsch automatisches identifikationssystem universal automatic identification system uais bezeichnet funksystem austausch navigations- schiffsdaten sicherheit lenkung
aviation industry cbt committee,aviation industry cbt committee aicc gremium amerikanischen luftfahrtindustrie richtlinien entwicklung verbreitung evaluation e-learning-angeboten entwickelte gremium sogenannten cmi-richtlinien computer managed instruction
spurweite kraftfahrzeugtechnik,spurweite spurbreite bezeichnet kraftfahrzeugtechnik abstand radaufstandspunkten achse ansicht hinten entspricht projektion y-z-ebene fahrzeugfesten koordinatensystems doppelbereifung jeweils mitte zwillingsbereifung gemessen spurweite
business to manufacturing markup language,business to manufacturing markup language b2mml xml-implementierung ansi/isa standard-familie isa-95 international bezeichnung iso/iec b2mml besteht satz definitionen isa-95 datentypen form
bandbremse,bandbremse mechanische reibungsbremse gegensatz backenbremse band trommel geschlungen bremswirkung entsteht reibung trommel band unterscheidet  außenbandbremse bremsband außen bremstrommel geschlungen
blockkette,blockkette kette gebohrten metallblöcken außenlaschen besteht stiften zusammengesteckt weist jeweils kurze teilung block teilung außenlaschen blockketten relativ hohes gewicht hohen
basic english,basic english einfaches englisch charles kay ogden geschaffene vereinfachte form englischen sprache stark verkleinertem vokabular englischvariante manchmal plansprache bezeichnet form
bettwärmer,bettwärmer form glühenden holzkohlen bestückten bettpfanne diente frühen neuzeit europa wärmen schlafstätte jahrhundert heißem wasser gefüllten wärmflasche abgelöst
berkman klein center for internet society,berkman klein center for internet society interdisziplinäres forschungszentrum harvard university erforschung internets spezialisiert ehemals harvard law school institut traditionell rechtlichen
durchsteckschlüssel,durchsteckschlüssel berliner schlüssel doppelschlüssel englisch berlin key schlüssel identischen bärten aufschließen schlosses lässt schlüssel schloss hindurchschieben tür seite abgeschlossen lässt
biovalley,biovalley gegründeter trinationaler zusammenschluss biotechnologisch biomedizinal arbeitenden universitäten unternehmen dreiländereck oberrhein gründungsinitiative frankophilen deutsch-schweizerischen unternehmer georg endress zahlreiche führungspersönlichkeiten regionalen
biofakt,begriff biofakt besteht verbindung wörter bios griech leben artefakt bezeichnet biotisches artefakt
gehirn tank,gehirn tank englisch brain vat gedankenexperiment vorstellungen wissen realität wahrheit bewusstsein bedeutung durchdenken herangezogen computers gehirn künstlich elektrischen impulsen versorgt
gehirnwäsche,gehirnwäsche konzept sogenannter psychologischer manipulation taktiken mentalen umprogrammierung selbstvertrauen urteilskraft zielperson angegriffen grundeinstellungen realitätswahrnehmungen destabilisieren anschließend einstellungen ersetzen ältere gehirnwäsche-methoden
bricolage,claude lévi-strauss anthropologie eingeführte begriff bricolage frz bricoler herumbasteln zusammenfummeln steht verhalten akteur bricoleur verfügung stehenden ressourcen probleme löst besondere
richard buckminster fuller,richard buckminster fuller abgekürzt r buckminster fuller bucky fuller genannt juli milton massachusetts juli angeles us-amerikanischer architekt konstrukteur visionär designer
bussardkollektor,bussardkollektor bussard ramjet hypothetisches gerät sammeln wasserstoff mittels elektromagnetischen feldes weltall benannt robert w bussard technik energieversorgung raumschiffen vorschlug interstellaren
button copy,button copy bezeichnet spezielles herstellungsverfahren verkehrszeichen verkehrszeichen regel wegweiser dargestellten buchstaben piktogramme reflektoren sogenannten buttons bestückt weise sichtbarkeit dunkelheit deutlich
cals,cals engl computer-aided acquisition and life-cycle support computergestützte beschaffungs- lebenszyklus-unterstützung 1980er bezeichnung weltweite strategie behörden unternehmen umstellung umfangreicher technischer dokumentationen
ceced home appliances interoperating network,ceced europäischer verband hausgerätehersteller chain ceced home appliances interoperating network standard kommunikation elektrischer hausgeräte weg gebracht maßstäbe bereich heimautomatisierung bzw
sexroboter,sexroboter roboter bzw elektronische sexpuppe gegensatz reinen sexmaschine meist anthropomorphes aussehen sexuelle handlungen fantasien genutzt liebe robotern computer computerliebe roboterliebe
wagen,wagen meist vierrädriges fahrzeug mehrspurig mehrachsig kutsche gefedertes fuhrwerk gefederter zugtieren gezogener gedeckter wagen begriff karre(n beschreibt einachsiges fahrzeug rädern
katapult,katapult altgriech καταπέλτης katapeltēs κατά kata πάλλειν pallein schleudern wurfmaschine genannt bezeichnet tragbare fernwaffe geschosse mittels mechanischer energie ruhenden zustand
cell of origin,cell of origin coo deutsch ursprungszelle verfahren mobilen positionsbestimmung ortung bestimmt hilfe gsm-netzes mobiles gerät nutzer befinden coo liefert geographischen
fliehkraftschalter,fliehkraftschalter elektromechanisches betriebsmittel erreichen bestimmten drehzahl kontakt schaltet drehzahl bewegung mitdrehender massen gemessen fliehkräfte rückstellkraft feder arbeiten fliehkraftschalter eingesetzt drehzahlabhängig
,weltweit agierende plattform online-aktivismus hauptsitz san francisco millionen nutzern angaben größte petitionsplattform welt organisation themen politische einstellung überlässt nutzern plattform
änderungsprotokoll,änderungsprotokoll englisch changelog protokoll aufzeichnung änderungen projekt beispielsweise software website wort changelog englischen übernommenes kofferwort englisch change änderung log logbuch
tschebyschow-lambda-mechanismus,tschebyschow-lambda-mechanismus viergliedriges koppelgetriebe bzw kurbelschwinge drehbewegung annähernd geradlinige bewegung nahezu konstanter geschwindigkeit umwandelt verwandten hoecken-mechanismus verwechselt satz roberts stellt mechanismus
chinesisches zimmer,chinesische zimmer name gedankenexperiment philosophen john searle hilfe versucht searle meinung widerlegen digitale computer bewusstsein erlangen könnten passendes programm ausführen
graswurzel-journalismus,graswurzel-journalismus grassroot partizipativer journalismus bürger-journalismus form journalismus zivilgesellschaft medien gesellschaftlichen diskurs teilnimmt publikationsmöglichkeiten internet weblogs podcasts videoplattformen verbreitung graswurzel-journalismus beigetragen
civic technology,civic technology steht technische konzepte insbesondere bereich informationstechnik engagement beteiligung bürgerinnen bürgern fördern schwerpunktbereiche bilden schaffung kommunikationsplattformen verbesserung öffentlicher infrastrukturen
teilnehmerbetriebsklasse,isdn nachrichtennetzen teilnehmer teilnehmerbetriebsklasse engl closed user group cug zugeordnet externe verbindungen eingeschränkt unterschiedliche berechtigungen innerhalb cug teilnehmer zugewiesen wobei
collingridge-dilemma,collingridge-dilemma steuerungs- kontrolldilemma methodische zwickmühle versuche insbesondere technikfolgenabschätzung gestaltung technikentwicklung beizutragen stehen typischen doublebind- doppelbindungs- problem  informationsproblem wirkungen vorhergesehen
kombispeicher,kombispeicher kombiniert warmwasserspeicherung sowohl heizungsunterstützung trinkwassererwärmung größeren behälter warmes wasser typischerweise solarthermie zwecke späteren verbrauch zwischengespeichert sonnenscheinpausen jegliche zuheizung überbrückt
kommunikationssystem,kommunikationssystem kommunikationsnetz speziell bezug telekommunikation telekommunikationssystem telekommunikationsnetz nachrichtentechnik bezeichnung zusammengefassten merkmale nachrichtenverkehrs nachrichtennetz engeren sinn kommunikationssystem einrichtung bzw infrastruktur übermittlung
canon-eos-digitalkameras,canon-eos-digitalkameras eos-d-reihe electro-optical system digital reihe digitalen spiegelreflex- systemkameras japanischen herstellers canon digitalen kamerasystem canon eos reihe umfasst fotokameras passende
liste nikon-dslr-kameras,d-serie japanischen herstellers nikon reihe digitalen spiegelreflexkameras bildsensoren größe mm × mm herstellerbezeichnung dx-format mm × mm vollformat herstellerbezeichnung fx-format
computer,computer kɔmˈpjuːtɐ rechner gerät mittels programmierbarer rechenvorschriften daten verarbeitet vereinzelt abstrahierenden bzw veralteten synonym gebrauchten begriffe rechenanlage datenverarbeitungsanlage elektronische datenverarbeitungsanlage
programmierung,programmierung altgriechisch πρόγραμμα prógramma öffentlich schriftlich gemachte nachricht befehl bezeichnet tätigkeit computerprogramme erstellen teilbereich softwareentwicklung umfasst umsetzen implementierung softwareentwurfs quellcode
konfigurationsmanagement,konfigurationsmanagement km englisch configuration management cm managementdisziplin organisatorische verhaltensmäßige regeln lebenslauf produkts konfigurationseinheiten entwicklung herstellung betreuung entsorgung anwendet
content-management,content-management cm sammelbegriff tätigkeiten prozesse hilfsmittel lebenszyklus digitaler informationen form unterlagen dokumenten unterstützen content-management-system cms organisiert tätigkeiten archiviert inhalte digitalen
kontrolliertes vokabular,kontrolliertes vokabular sammlung bezeichnungen wortschatz eindeutig begriffen zugeordnet homonyme auftreten fällen gilt umgekehrte richtung begriff präferierte benennung d h synonyme
kühlhaus,kühlhaus lagerhaus künstlich temperatur erzeugt üblicherweise umgebungstemperatur liegt innentemperatur abhängig lagernden bekannte anwendung lagerung lebensmitteln konservieren beispielsweise tiefkühlkost minustemperaturen gelagert
lektorat,lektorat begrifflich eigentlichen berufsbild lektors bzw organisationsform spezifischen bearbeitungsform textes unterscheiden organisationsform lektorats einerseits abteilung verlag werbeagentur handeln andererseits dienstleistung
schöpferische zerstörung,schöpferische zerstörung kreative zerstörung engl creative destruction begriff makroökonomie kernaussage lautet ökonomische entwicklung sinne bloß quantitativer entwicklung baut prozess schöpferischen
technikskepsis,technikskepsis bzw technikfeindlichkeit technikkritik bezeichnet sichtweise gegenwärtigen zustand  zukunft menschheit fortschritte wissenschaft technik forschung gefährdet bedroht sieht
crowdfunding,crowdfunding ˈkɹaʊdˌfʌndiŋ englisch crowd menschen-)menge funding finanzierung deutsch schwarmfinanzierung gruppenfinanzierung art finanzierung methode geldbeschaffung lassen projekte produkte umsetzung geschäftsideen vieles
theorie kulturellen phasenverschiebung,theorie kulturellen phasenverschiebung engl cultural lag selten social lag besagt teile immateriellen kultur z b institutionen werte normen organisationen schnellen
leergewicht,leergewicht eigentlich leermasse versteht masse festgelegten maßstäben gewogenen objekts leergewicht insbesondere wichtiges merkmal kraftfahrzeuges
signalpegeldifferenz,signalpegeldifferenz differenz pegel signals pegel trägers engl carrier referenzsignals beschreibt signalpegeldifferenz logarithmische verhältnis signalleistung leistung referenzsignals angabe dbc db carrier
darwin information typing architecture,darwin information typing architecture dita dokumentenformat ähnlich bekannten docbook dita firma ibm organisation oasis freie architektur entwickelt steht dokumenttypdefinition dtd
data steward,dateneigner dateneigentümer englisch data owner begriff informationsmanagement analog prozesseigner bestimmten prozess zuständig dateneigner bestimmten unternehmensdaten lieferantendaten zuständig rolle bewegt rahmen
datenkompetenz,informationskompetenz englisch information literacy versteht fähigkeit beliebigen informationen selbstbestimmt souverän verantwortlich zielgerichtet umzugehen einzelnen gelten ethische verantwortungsbewusste ökonomische effiziente effektive
dateneigner,dateneigner dateneigentümer englisch data owner begriff informationsmanagement analog prozesseigner bestimmten prozess zuständig dateneigner bestimmten unternehmensdaten lieferantendaten zuständig rolle bewegt rahmen
datafizierung,datafizierung englisch datafication moderner technologischer trend aspekte unseres lebens computerisierte daten verwandelt kenneth neil cukier victor mayer-schönberger englischen begriff datafication
datenblatt,datenblatt engl data sheet hersteller produkts herausgegeben erläutert entwickler produkt verwenden bauteil produkt einbauen genauen eigenschaften einsatzmöglichkeiten produkts einfachen fällen
de-mail,de-mail deːˈeː|mɛɪ̯l e-mail-technik beruhendes hiervon technisch getrenntes kommunikationsmittel sicheren vertraulichen meist nachweisbaren kommunikation internet abs de-mail-gesetz realisiert betrieben de-mail regel
industriestandard,industriestandard englischen sprachraum de-facto-standard seltener quasistandard technischer standard normengremium verabschiedet industrieunternehmen definiert industriestandard laufe praxis vieler anwender verschiedener hersteller technisch
device under test,device under test dt prüfling dut elektrischen mess- prüftechnik prüfendes objekt bezeichnet isolierter bereich wafer einzelnes bauteil baugruppe komplettes gerät
wählleitung,wählleitung telekommunikationsleitung mittels signalisierungsverfahrens verbindung bestimmten gegenstelle aufgebaut fortgeschrittene dienste isdn eröffnen zahlreiche möglichkeiten bzgl umganges wählleitungen umlegen anrufes endgeräte
diffusionstheorie,begriff diffusionstheorie fachgebieten soziologie kommunikationswissenschaft betriebswirtschaft theoretischen konzepte diffusion adoption zusammengefasst diffusionstheorie beschäftigt prozessen einführung verbreitung innovationen sozialen system marktes
cyberanthropologie,cyberanthropologie englisch cyber kurzform kybernetik altgriechisch ánthrōpos  -logie neueres forschungsfeld fachgebiet ethnologie völkerkunde sozialanthropologie untersucht transnational zusammengesetzte online-gemeinschaften berücksichtigung
digitale kluft,begriff digitale kluft englisch digital gap digitale spaltung englisch digital divide italienisch divario digitale französisch fracture numérique spanisch brecha digital
historische fachinformatik,historische fachinformatik dokumentation beschäftigt formalen verfahren bereich historischen wissenschaften einerseits unterstützt gesamten forschungsprozess dokumentation quellen und/oder phänomene analyse darstellung gegenstände
online-journalismus,online-journalismus onlinejournalismus genannt verbindet klassische journalistische darstellungsformen online-typischen möglichkeiten interaktion kommunikation aufbauprinzip nicht-lineare hypertext bzw hypermedia typisch teaser anreißer entstanden
digital native,digital native deutsch digitaler eingeborener plural digital natives person gesellschaftlichen generation bezeichnet digitalen welt aufgewachsen antonym existiert begriff digital immigrant
dispositiv,dispositiv frz dispositif maßnahme vorrichtung handlungsplan internationalen standpunktpapier institution begreift soziologie anschluss michel foucault gesamtheit bestimmter begrifflich fassbarer vorentscheidungen innerhalb
disruptive technologie,disruptive technologien disruptive innovationen englisch to disrupt unterbrechen bzw stören innovationen erfolgsserie bestehenden technologie bestehenden produkts bestehenden dienstleistung ersetzen vollständig
semantische suchmaschine,semantische suchmaschine suchmaschine natürliche sprache eingabe akzeptiert versucht semantik frage erfassen anschließend sucht datenbestand semantik suchmaschine üblicherweise vorab analysiert passenden
docbook,docbook dokumentenformat sgml xml vorliegenden dokumenttypdefinition dtd festgelegt eignet erstellung büchern artikeln dokumentationen technischen umfeld hardware software docbook offener standard
doc searls,david doc searls new jersey us-amerikanischer redner autor journalist
dokumentation,dokumentation versteht nutzbarmachung informationen verwendung ziel dokumentation schriftlich weise dauerhaft niedergelegte informationen dokumente gezielt auffindbar dokumente sinne fachbücher zeitschriftenartikel sonstige
dyson-sphäre,dyson-sphäre ˈdaɪ̯sn̩ ˌsfɛːrə benannt freeman dyson hypothetisches konstrukt energie sterns absorbiert umlenkt somit optimal nutzen
enhanced observed time difference,enhanced observed time difference eotd bzw e-otd bezeichnet verfahren ortung mobilfunkendgeräten gsm-netzen häufig genauer cell-id methode erfordert aufwändige zusatzinstallationen netz
e-services,e-services dienstleistungen internet hilfe informations- kommunikationstechnologie iuk erbracht e-services selbständige marktfähige leistungen bereitstellung elektronischer leistungsfähigkeiten anbieters potentialdimension integration externen faktors
ean-8,european article number ean frühere bezeichnung artikelidentifikationsnummer global trade item number gtin stellt international eindeutige produktkennzeichnung handelsartikel dar nummer besteht
universal computer protocol,universal computer protocol ucp verwendet kurznachrichten smsc netzwerkelementen auszutauschen software-entwickler existierte logicacmg telecoms acision api unterschiedliche betriebssysteme linux digital unix
etrice,etrice case-tool echtzeit-software entwickeln werkzeug open source produkt offizielles eclipse projekt linie protos software gmbh münchen entwickelt basiert real-time object-oriented
early adopter,begriff early adopter englisch frühzeitiger anwender stammt diffusionsforschung bezeichnet neuesten technischen errungenschaften neuesten varianten produkten modischen accessoires nutzen early adopters
ebxml,ebxml steht electronic business using xml d h xml elektronische geschäftsprozesse ebxml gestartete gemeinsame initiative un/cefact oasis ziel initiative entwicklung
ebara seisakusho,k.k ebara seisakusho jap 株式会社荏原製作所 kabushiki-gaisha engl ebara corporation japanischer maschinenbaukonzern
eclipse software-suite,eclipse european cooperation for space standardization ecss konforme plattform softwareanwendungen vorbereitung bearbeitung durchführung weltraum-projekten unterstützung missionsteams verfügung stehen firmen luft-
schaltschrank,schaltschrank beherbergt elektrischen elektronischen komponenten verfahrenstechnischen anlage werkzeugmaschine fertigungseinrichtung direkt maschine feldgerät befinden
elektrotechnik,elektrotechnik ingenieurwissenschaft forschung entwicklung produktionstechnik elektrogeräten befasst zumindest anteilig elektrischer energie beruhen hierzu gehören bereich wandler elektrischen maschinen bauelemente schaltungen
abgasnorm,abgasnorm z b euro-norm legt kraftfahrzeuge grenzwerte ausstoß luftschadstoffen fest eu gelten grenzwerte kohlenstoffmonoxid co stickstoffoxide nox kohlenwasserstoffe cnhm partikelmasse
encoded archival description,encoded archival description ead dokumentarischer xml-standard beschreibung archivischen findmitteln verantwortlich definition ead technical subcommittee for encoded archival description society of
ingenieurwissenschaften,ingenieurwissenschaften ingenieurwesen technikwissenschaften technische wissenschaften wissenschaften bezeichnet technik beschäftigen zentrale fragestellungen betreffen forschung  entwicklung konstruktion  produktion prüfung befassen
engineering-procurement-construction,engineering procurement and construction epc deutsch detail-planung kontrolle beschaffungswesen ausführung bau- montagearbeiten bezeichnet internationalen bauwesen speziell anlagenbau übliche form projektabwicklung
technische zeichnung,technische zeichnung dokument vorwiegend grafischer schriftlicher form notwendigen informationen herstellung beschreibung geforderten funktionen eigenschaften einzelteils baugruppe kompletten produkts zeigt technischen
enterprise mobility management,enterprise mobility management emm beschreibt ganzheitlichen ansatz entsprechende komplexe softwarelösungen sog emm suites verwaltung mobilgeräten unternehmen emm suites bilden zentrale
ephemerisierung,ephemerisierung richard buckminster fuller geprägter begriff tendenz heutigen technologie beschreibt kleineren leichteren effizienteren maschinen bzw technischen anwendungen führt fuller benutzte
erewhon,erewhon roman englischen schriftstellers samuel butler spielt fiktiven land erzähler entdeckt name landes erewhon anagramm englischen wortes nowhere nirgendwo wiederum
jewgeni jewgenjewitsch podkletnow,jewgeni jewgenjewitsch podkletnow russisch евгений евгеньевич подклетнов wiss transliteration evgenij evgen'evič podkletnov international eugene podkletnov russischer chemiker materialwissenschaftler zurzeit moscow
euphonia sprachmaschine,euphonia maschine erzeugung menschlicher sprache joseph faber wien vorstellte sprechmaschine besaß zunge formveränderlichen rachenraum synthese gesang anderem god save the
euronorm,euronormen stück 1950er europäischen gemeinschaft kohle stahl herausgegeben warenverkehr mitgliedstaaten regeln name offiziell großbuchstaben geschrieben euronorm inhaltlich betrafen euronormen technische
funkrufnetz,funkrufnetz anfangszeit mobiltelefonie einfachste alarmierungsinformationen pieper kurze nachrichten funkmeldeempfänger pager genannt übertragen privaten nutzerbereich funktion weitestgehend mobiltelefonie bzw.dem mobilfunk-short message
egt luftfahrt,egt exhaust gas temperature dtsch abgastemperatur gemessene temperatur abgases kolbenmotors gasturbine
extensible forms description language,extensible forms description language xfdl gehört klasse xml-sprachen world wide web consortium w3c note-xfdl-19980902 extensible forms description language xfdl september
frequently asked questions,frequently asked questions faq faqs englisch häufig gestellte fragen meistgestellte fragen zusammenstellung gestellten fragen dazugehörigen antworten thema  faq informationstechnik
tischvorlage,tischvorlage hochschul- verwaltungssprache kurzes dokument meist seiten a4-format beginn vortrags zuhörern verfügung gestellt informationsaufnahme anschließende diskussion möglicherweise vortrag folgenden entscheidungen
fault,fault engl fehler bezeichnet spezielle art ausnahmesituation ablauf computerprogrammen faults gehören sogenannten prozessorinternen ausnahmesituationen gegensatz trap treten faults ausschließlich ausführen
fibre channel over ip,fibre channel over ip fcip transportprotokoll fibre channel-pakete tcp einpackt standardmäßige tcp/ip-netzwerke transportieren fcip offener standard rfc beschrieben verschiedenen herstellern
financial transaction services,financial transaction services fints deutscher standard betrieb online-banking fints weiterentwicklung online-banking-standards hbci zweck fints verbindung bankkunden kreditinstitut blick multibankfähigkeit vereinheitlichen
feuerlöschanlage,feuerlöschanlage ständig betriebsbereite technische anlage brand löschmittel löscht stationäre ortsfeste feuerlöschanlagen bestehen rohrleitungssystem geeigneten ausgabevorrichtungen beispiele sprinkler löschdüse einsatzfall löschmittel
flammenprojektor,flammenprojektor gerät kontrolliert stichflamme erzeugt flammenprojektoren bühnenveranstaltungen pyrotechnischer effekt eingesetzt flammenprojektor brennbarer stoff regel propangas lycopodium luft geblasen zündquelle brand
flight envelope protection,flight envelope protection flugbereichsgrenzschutz selbstständiger hintergrund wirkender schutz gefährlichen überschreitungen flugenveloppe flugbereichsgrenze prüft computer steuerbefehle piloten bevor umgesetzt
schwimmerschalter,schwimmerschalter schaltvorrichtungen flüssigkeit bewegten schwimmer betätigt
programmablaufplan,programmablaufplan pap ablaufdiagramm computerprogramm flussdiagramm engl flowchart programmstrukturplan bezeichnet grafische darstellung umsetzung algorithmus programm beschreibt folge operationen lösung aufgabe symbole
fliegende spritze,fliegende spritze bezeichnung transgene stechmücken insektenstich sekret impfstoff injizieren fliegende spritzen veraltete bezeichnung blutsaugende insekten infektionskrankheiten übertragen
footbonaut,footbonaut trainingsgerät fußballer misst mal meter meter innen befindet mal meter feld kunstrasen herum angeordneten einheiten hereingabe balls einheiten ball
formatkrieg,formatkrieg wirtschaftliche auseinandersetzung anbietern verschiedenen kombinierbaren technischen standardlösungen gemeinsames sachproblem formatkriege enden durchsetzung konkurrierenden angebote formatkriege begannen frühzeit industrialisierung konkurrenzkampf
netbeui,netbeui netbios extended user interface netzwerkprotokoll
free on-line dictionary of computing,free on-line dictionary of computing foldoc kostenfreies online-fachwörterbuch begriffe informatik englischer sprache erläutert prinzip freien inhalte unterliegt projekt denis howe
eancom,eancom ean communication untermenge edifact-standards weltweit konsumgüterindustrie verwendung findet edifact nachrichtenstandards teilmenge verwendeten segmente ausgewählt eancom nachrichten bilden untermenge einzelnen
martin heidegger#technik gestell,martin heidegger september meßkirch mai freiburg breisgau deutscher philosoph stand tradition phänomenologie vornehmlich edmund husserls lebensphilosophie insbesondere wilhelm diltheys existenzdeutung
ausbreitung buchdrucks,globale ausbreitung buchdrucks beweglichen lettern prozess erfindung druckpresse johannes gutenberg deutschland begann einführung buchdrucks weltgegenden jahrhundert andauerte genealogisch stellt gutenbergs
abschirmung gravitation,abschirmung gravitation absorption gravitation hypothetischer prozess objekt einfluss gravitationsfeldes zumindest teilweise abgeschirmt verringerung gewichts objektes führen fachwelt anerkanntes mehrfach reproduziertes
gravitationstunnel,gravitationstunnel physikdidaktisches gedankenexperiment zug reibungsfrei antriebslos tunnel erde bewegt tiefsten punkt strecke beschleunigt gravitation zug bremst gefragt reisezeit geraden tunnel
grünbuch europäische kommission,grünbuch europäischen kommission farbbuch diskussionspapier bestimmten thema dient begriff insbesondere vorlagen verordnungen richtlinien verwendet zweck gebiet öffentliche wissenschaftliche diskussion herbeizuführen
graue literatur,graue literatur bezeichnet bibliothekswissenschaft privatdrucke firmenschriften kongressberichte akademische schriften publikationen elektronischer beziehungsweise gedruckter form herausgegeben kommerzielle verlags­wesen kontrolliert buchhandel erhältlich
gryphon fallschirmsystem,gryphon greif entwicklung befindliches zivil militärisch nutzbares mini-fluggerät bestehend ähnlich rucksack rücken getragenen tragfläche deutschen unternehmens esg technik militärischen bereich
hiv-impfstoff,hiv-impfstoff hypothetischer impfstoff humane immundefizienz-virus hiv verursacher immunschwächekrankheit aids hiv-infektion bislang verlässliche praxis einsetzbare heilungsmöglichkeit entwicklung wirksamen impfung versuche fortschreitende
hypertext markup language,hypertext markup language englisch hypertext-auszeichnungssprache abgekürzt html textbasierte auszeichnungssprache strukturierung elektronischer dokumente texte hyperlinks bildern inhalten html-dokumente grundlage world wide
hacktivismus,hacktivismus kofferwort hack aktivismus englisch hacktivism variation cyberaktivismus verwendung computern computernetzwerken protestmittel politische ideologische ziele erreichen
taschenfernseher,taschenfernseher minifernseher tragbarer fernseher englisch pocket tv portable tv handheld tv gerät mobiles fernsehen batterien betriebenes fernsehgerät bilddiagonale ungefähr zoll
handover,handover verbindungsübergabe engl handover ablieferung übergabe bezeichnet vorgang mobilen telekommunikationsnetz gsm umts mobile endgerät mobilstation gesprächs datenverbindung unterbrechung verbindung funkzelle
hardwarebeschreibungssprache,hardwarebeschreibungssprache englisch hardware description language hdl formale sprache operationen integrierten schaltungen design beschrieben simulationen getestet hardwarebeschreibungssprachen drücken zeitliches verhalten und/oder
wärmezähler,wärmezähler wärmemengenzähler wmz messgerät wärmemenge messgerät ermittlung wärmeenergie verbrauchern heizkreislauf zugeführt wärmetauschern kühlkreislauf entnommen wärmezähler ermittelt wärmeenergie volumenstrom zirkulierenden mediums
autorenwerkzeug,autorenwerkzeug englisch help authoring tool bezeichnet software online-hilfen informationsprodukte erstellt
spitzentechnologie,begriffe spitzentechnologie hochtechnik bzw hochtechnologie englisch high technology hightech ˌhaɪ̯ˈtɛk bezeichnen technik aktuellen technischen stand entspricht angewandte forschungsfelder verstanden innovativ
technikgeschichte,technikgeschichte wissenschaftliche disziplin teilgebiet geschichtswissenschaft umfasst wege bedingungen technische wandel vollzogen wissenschaft technikgeschichte untersucht dokumentiert analysiert bedeutet technik gesamtheit artefakte
geschichte zeitmessgeräte,geschichte zeitmessgeräte lässt sumerern ägyptern zurückverfolgen v chr sonnenuhren basis einfacher schattenstäbe kannten schattenstab v chr china griechen nannten gnomon
geschichte windenergienutzung,windenergie ältesten genutzten energieformen langer hilfe windmühlen mechanische arbeit mahlen getreide pumpen wasser durchgeführt siehe windpumpe artikel beschreibt geschichte windenergienutzung
hoecken-mechanismus,hoecken-mechanismus benannt karl hoecken 1874–1962 viergliedriges koppelgetriebe drehbewegung annähernd geradlinige bewegung annähernd konstanter geschwindigkeit umwandelt geradführung mechanismus tschebyschow-mechanismus insbesondere tschebyschow-lambda-mechanismus
homekit,homekit software-framework apple benutzer iphone anderes apple-gerät einrichten smart-home-geräte konfigurieren kommunizieren steuern gestaltung räumen gegenständen aktionen homekit app benutzer automatische
howto,howto deutsch gewusst-wie  kurzanleitung englisch sinngemäß übersetzt mache zuweilen kurze anleitung lösen eng begrenzten problems beschränkt meist howto laien
hybridnavigation,hybridnavigation nutzt mehrere navigationssysteme hybrid gewinnung ortsdaten navigation bündelung daten einzelnen teilsysteme bessere ortsdatenqualität erreichbar autonomes fahren genaue lückenlose kenntnis
hype-zyklus,hype-zyklus stellt dar phasen öffentlichen aufmerksamkeit technologie einführung durchläuft begriff hype-zyklus gartner-beraterin jackie fenn geprägt dient technologieberatern bewertung einführung neuer
hyperrealität,hyperrealität abbild realität simulacrum überhöhte idealisierte vorstellungen künstlers entsprechende bild existierenden objektes denkweise u a philosophen ludwig feuerbach guy debord
leibniz-institut photonische technologien,leibniz-institut photonische technologien e.v ipht institut physikalische hochtechnologie jena gegründet gemeinnützige forschungseinrichtung eingetragener verein institutionellen förderung bund freistaat thüringen vereinsmitgliedern
iphone generation,iphone inoffiziell iphone iphone edge smartphone iphone-reihe apple januar steve jobs vorgestellt iphone apples betriebssystem ios einsatz einführung version mitgeliefert
iso,standardisierte werte breite höhe papier-blättern papierformat deutschen institut normung din erstmals august din-norm din festgelegt verhältnis breite höhe blattgrößen nämlich
itap,itap texterkennungssoftware erleichterten eingabe texten mobiltelefonen motorola entwickelt mobiltelefonen marke vertrieben weiterentwicklung text on keys t9 angesehen
leerlauf,leerlauf bezeichnet betrieb anlage maschine arbeit verrichtet vorgesehen häufig benötigen anlagen gewisse anlaufzeit parameter gewünschten werte z b temperatur betriebstemperatur
implementation rule vr china,implementation rules regularien volksrepublik china rahmen gültigen produktzertifizierungen festlegen produktgruppe spezifische implementation rules chinesischen behörden festgelegt
portal elektrotechnik/liste elektrotechnischer themen,stichwortverzeichnis themen elektrotechnik betreffend personen aufgeführt finden liste persönlichkeiten elektrotechnik
industrielle revolution,industrielle revolution tiefgreifende dauerhafte umgestaltung wirtschaftlichen sozialen verhältnisse arbeitsbedingungen lebensumstände bezeichnet hälfte jahrhunderts begann verstärkt jahrhundert england westeuropa usa späten
trägheitsnavigationssystem,trägheitsnavigationssystem inertiales navigationssystem engl inertial navigation system 3-d-messsystem inertialen messeinheit engl inertial measurement unit imu zentraler sensoreinheit mehreren beschleunigungs- drehratensensoren
information access,information access informationszugang beschreibt begriffsbedeutungen wirtschaftlicher gesellschaftlich/rechtlicher situation
informationsarchitektur,informationsarchitektur bezeichnet prozess gestaltung struktur informationsangebots informationsarchitektur informationsangebotes zählen sinnvolle unterteilung inhalte navigationswege suchmöglichkeiten innerhalb angebots gebrauchstaugliche gestaltung zugangs informationen
information mapping,information mapping handelsmarke eingetragene methode informationen vereinzeln strukturieren bereich wissensmanagements zuzuordnen
informationstechnik,informationstechnik it häufig englische aussprache aɪ tiː oberbegriff informations- datenverarbeitung basis bereitgestellter technischer services funktionen dahinterliegenden technischen it-infrastruktur bereitgestellt spielt
infrastruktur,begriff infrastruktur lateinisch infra unterhalb structura zusammenfügung taucht hälfte jahrhunderts bezog französischen unterbau erdarbeiten urbarmachung böden nivellement eisenbahnbau englischen beschrieb
interaktionsdesign,interaktionsdesign interaction design abgekürzt ixd interaktionsgestaltung beschäftigt gestaltung mensch-maschine-schnittstellen interaktionsdesign vergleichsweise junge designdisziplin 1980er zuge grafischen bedienoberflächen gui eigenständige disziplin
internationale organisation normung,internationale organisation normung iso griechisch ἴσος isos deutsch internationale vereinigung normungsorganisationen erarbeitet internationale normen bereichen ausnahme elektrik elektronik internationale elektrotechnische
internationalization set,spezifikation internationalization set its menge attributen elementen internationalisierung lokalisierung xml-dokumenten unterstützen its-spezifikation identifiziert konzepte its data categories genannt wichtig internationalisierung
internationalisierung softwareentwicklung,internationalisierung bedeutet informatik beziehungsweise softwareentwicklung programm gestalten quellcode ändern sprachen kulturen angepasst internationalisierung englisch internationalization internationalisation gerne numeronym i18n abgekürzt
cyberaktivismus,cyberaktivismus cyberprotest e-protest internetaktivismus online-aktivismus nutzung digitaler informations- kommunikationstechnologien e-mail foren twitter podcasts websites wikis verschiedene protestformen internettechnologien protestakteuren praxen
interpress,interpress jam basierende seitenbeschreibungssprache ähnlich forth xerox parc entwickelt xerox geschafft interpress kommerziell vermarkten schied erfinder interpress john warnock xerox
erfindung telefons,erfindung telefons mehrere personen hierbei wahre erfinder gelten umstritten
ionenstrahlgestützte deposition,ionenstrahlgestützte deposition ionenstrahlgestützte abscheidung ionenstrahlgestützte beschichtung ionenstrahlgestützte beschichtungstechnik genannt englisch ion beam assisted deposition ibad beschichtungsverfahren gruppe physikalischen gasphasenabscheidung vorrangig
jacquardwebstuhl,jacquardwebstuhl bezeichnet joseph-marie jacquard weiterentwickelten webstuhl  prähistorischer teilen welt einfache webstühle erfand engländer edmund cartwright mechanischen webstuhl erhebliche verbesserung
john holdren,john holdren john p holdren märz sewickley pennsylvania us-amerikanischer physiker us-präsident barack obama berater wissenschaft technologie märz einstimmiges votum senat
kwp2000,kwp2000 abkürzung key-word-protokoll verbreitetes diagnose-protokoll umfeld elektronischer steuergeräte automobilbereich definiert protokoll iso reinen diagnosefunktionalität klassisch abgasdiagnose bietet diagnoseprotokoll anderem möglichkeit
kinescope,kinescope kine abgekürzt großbritannien telerecording bezeichnet aufnahme fernsehprogramms fotografischem film linse bildschirm videomonitors fokussiert begriff aufnahmeprozess verwendete equipment videomonitor angebrachte
kista,kista schwedisch /'ɕiːsta/ stadtteil nordwesten stockholms stadtbezirk rinkeby-kista gehört kista gilt größte it-zentrum schwedens sogar europas spitznamen wireless valley science
bausatz,bausatz kit satz einzelnen unmontierten teilen preisgünstige variante fertig montierten modells geräts angeboten besondere bausätzen kosten zusammenbau gespart gewisser lerneffekt
wissensdatenbank,wissensdatenbank wissensbasis englisch knowledge base spezielle datenbank hinterlegen wissen wissensdatenbank deutschen sprachgebrauch definierter begriff meistens zusammenhang wissensmanagement verwandt sammlung expliziten
wissenskluft,hypothese wachsenden wissenskluft erstmals phillip j tichenor george a donohue clarice n olien artikel mass media flow and differential growth
long term evolution,long term evolution lte bezeichnung mobilfunkstandard generation erweiterung lte-advanced bzw abwärtskompatibel lte projekt next generation mobile networks ngmn marketing-gründen lte
lte-advanced,lte-advanced long-term-evolution-advanced abgekürzt lte-a lte+ mobilfunkstandard generation erweiterung lte höhere datenübertragungsraten ermöglicht verbesserungen gehören ausprägung gerätestandard höhere bandbreiten megabit pro
fahrzeugscheinwerfer,fahrzeugscheinwerfer scheinwerfer fahrzeugbeleuchtung strahlen licht grundsätzlich fahrtrichtung fast fahrzeug vorhanden bzw gebrauch öffentlichen straßenverkehr ländern pflicht hauptsächliche funktionen  ausleuchtung
stromstoßschalter,stromstoßschalter elektromagnetisch betätigte schalter relais elektrischen impuls ihren schaltzustand ändern typischen einsatz mehreren tastern verbunden gemeinsamen verbraucher ein- ausschalten beispielsweise
lofstrom-schlaufe,lofstrom-schlaufe vorgeschlagenes system objekte umlaufbahn erde schleudern zirkulierendes kabel enden erde angebracht langer mittlerer abschnitt mesosphäre gehoben
lawrence lessig,lawrence larry lessig juni rapid city south dakota us-amerikanischer professor rechtswissenschaften harvard law school harvard university reden schriften beteiligungen urheberrechtsprozessen
lazy learning,lazy learning engl träges lernen klasse maschinellen lernverfahren gegensatz eager learning findet modellbildung trainieren anfrage vorteil abfrage modellbildung lokal umgebung
leapfrogging,leapfrogging leap-frogging engl leap frogging bockspringen allgemeiner begriff wirtschaftswissenschaften bezeichnet freiwilliges auslassen einzelner stufen laufe entwicklungsprozesses prinzip wirtschaftssektoren nationalwirtschaften z
learning objects metadata,learning object metadata lom engl metadaten lernobjekte offener standard metadaten beschreibung lernobjekten institute of electrical and electronics engineers ieee verabschiedet
altsystem,begriff altsystem englisch legacy system bezeichnet informatik etablierte historisch gewachsene anwendung bereich unternehmenssoftware legacy hierbei englische wort vermächtnis hinterlassenschaft erbschaft
legal technology,legal technology legal tech bezeichnet software online-dienste juristische arbeitsprozesse unterstützen gänzlich automatisiert durchführen it-produkte start-ups entwickelt ziel verfolgen effizientere alternativen
leonardo vinci medal,leonardo vinci medal leonardo-da-vinci-medaille höchste auszeichnung society for the history of technology shot ausgezeichnet regel jährlich personen forschung lehre publikation
hebetechnik,hebetechnik umfasst technischen maßnahmen lotrechten lastenbewegung sowohl montagetechnik fördertechnik
leuchttisch,leuchttisch arbeitstisch arbeitsplatte lichtverteilung teilweise sogenanntem milchglas opakem acrylglas besteht unten künstliche lichtquelle durchleuchtet leuchtmittel meist leuchtstoffröhren normlicht verwendet gleichmäßige
achsnagel,achsnagel bauteil achse hölzernen speichenrädern verhindert verschieben nabe abgleiten rades unterbinden achsnagel quer achse rad gesteckt untere herausstehende oftmals umgeschlagen
leitungsverstärker,leitungsverstärker leitungstreiber englisch line driver extender bezeichnet elektronische verstärkerschaltung verbesserung qualität übertragung elektrischen signalen leitungsverstärker hebt pegel nutzsignals einspeisung übertragungsleitung
transmission maschinenbau,transmission historisches riemengetriebe gehört zugmitteltrieben typischerweise transmissionen frühen industrialisierung eingesetzt wurzeln konstruktion reichen antike zentrales element bildet treibriemen transmissionsriemen erhaltene
open-source-software öffentlichen einrichtungen,open-source-software oss freie software häufig linux kernbestandteil alternative proprietäre software computern öffentlichen einrichtungen eingesetzt vorreiter entwicklung europa großstadt münchen wesentliche
flüssigkeitskühlung,flüssigkeitskühlung versteht kühlung wärmeerzeugenden geräts hilfe flüssigkeit vorteil luftkühlung größere wärmemengen abgeführt nachteil erhöhte technische aufwand sehen
liste virtueller digitaler bibliotheken,folgender artikel listet virtuelle digitale bibliotheken datenbanken fachbereichen erfolgen virtuellen bibliotheken abschluss digitalen bibliotheken zahlreiche e-books medien internet  angeboten
liste spiel-engines,artikel stellt liste bekannter spiel-engines dar
liste spielkonsolen,folgende auflistung enthält erschienene stationäre tragbare hybride handheld)-spielkonsolen erscheinungsdatum liste vollständig konsolengeneration zahlreiche verschiedene importe klone konsolen wichtig konsolengenerationen alter
liste interstellarer radiobotschaften,liste interstellarer radiobotschaften enthält aufzählung menschlichen interstellaren radiobotschaften interstellare radiobotschaften englischen irm interstellar radio messages abgekürzt
liste knoten,liste knoten enthält wichtigsten gebräuchlichsten knoten knotenkunde
lichtquelle,lichtquelle ort licht ausgeht primäre globale lichtquelle sonne
liste längsten start- landebahnen,länge start- landebahnen abhängig  typ/zweck flugplatzes militärflugplatz test flugzeugtypen benötigt längere pisten segelfluggelände status flugplatzes länge start- landebahnen aufkommenden
liste historischer stromausfälle,liste historischer stromausfälle umfasst ereignisse großflächigen stromausfall aufgrund unbeabsichtigten unterbrechung versorgung elektrischer energie
liste mikrofonherstellern,liste mikrofonherstellern enthält mikrofonhersteller weltweit
liste sternwarten-codes,sternwarten-code sternwarte beziehungsweise weltraumteleskop minor planet center vergeben dienst internationalen astronomischen union astrometrische beobachtungen kleinkörpern sonnensystem katalogisieren
liste verkehrsschriften,orientierung öffentlichen raum finden signalisation besondere schriftarten anwendung erheben meist hohen anspruch leserlichkeit textinformationen einige schriften finden lediglich historisch bedingt
radarstation,radarstation gebäudekomplex betreiben radaranlage insbesondere flugsicherungsradar anlagen meist berggipfeln exponierter stelle geländezug angelegt größtmögliche reichweite radarortung erzielen antennenanlagen großraumradars breit
freies funknetz,freie funknetze wlan-basierte funknetze kommerziellen anbietern privatpersonen vereinen ähnlichen organisationen angeboten demnach benutzer gleichzeitig betreiber computernetzwerke einfachen heimnetzwerken ausgehend häuser
long-range identification and tracking,long-range identification and tracking lrit deutsch system identifizierung verfolgung entfernungen vorschrift schiffe identifikationsdaten größere entfernung abfrage auszustrahlen folge erhöhten sicherheitsanforderungen
low-tech,begriff low-tech bildet gegensatz high-tech bezieht technik maßstäben  einfache funktion einfache herstellung einfache bedienung robustheit einfache wartung einfache reparierbarkeitentwickelt
luddismus,begriff luddismus deckungsgleich maschinensturm verwendet bezeichnet wellen kampfes englischer arbeiter anfang jahrhunderts statusverlust drohende soziale verelendung einsetzende industrialisierung ludditen textilarbeiter
kofferwaage,kofferwaage handliches instrument gewichtsmessung gegenständen hauptsächliche einsatzgebiet kofferwaage reisen dient ermittlung gepäckgewichts entscheidend transport via flugzeug fluggesellschaften gewisse gepäckgrenzen überschreiten
m-learning,m-learning mobile learning bedeutet mobiles lernen begriff m-learning manchmal mlearning geschrieben eindeutig definiert abgeleitet begriff e-learning m-learning allgemein lernen portablen
meetin,meetin-gruppe web-basierte soziale gemeinschaft ziel lokale veranstaltungen organisieren weder monatsbeiträge erhoben veranstaltungen gewinn angestrebt gründung usa dehnte organisation weltweit städte
mc-thyristor,mct englisch mos controlled thyristor spezieller thyristor weiterentwicklung gto-thyristors gegensatz hilfe einschalt-mosfet engl on-fet ausschalt-mosfet engl off-fet spannungsgesteuert geschaltet kombination
mpu-401,mpu-401 midi processing unit midi-verarbeitungseinheit wichtiger standard midi-schnittstellen pcs ursprünglich vorgestellt firma roland definition midi-standards beteiligte ursprüngliche mpu-401 externe breakout-box
msxml,microsoft xml core services msxml programmierschnittstelle entwicklung nativen windows-programmen xml-unterstützung programmierumgebungen jscript vbscript microsoft-entwicklungsumgebungen erlaubt unterstützt xml version dom sax
malariaimpfstoff,impfstoff plasmodien erreger malaria wesentlicher bestandteil kampf infektionskrankheit vergleich verwendeten strategien impfstoff enorme vorteile vergleichsweise geringen logistischen aufwand könnten abgelegene
manpage,man-pages unix-kommando englisch manual handbuch steht sammlung hilfe- dokumentationsseiten unix verwandten betriebssystemen kommandos whatis durchsucht ausgegeben schnellen durchmusterung index sogenannte
meerestechnik,meerestechnik engl marine technology umfasst verfahren fähigkeiten umsetzung moderner naturwissenschaftlicher erkenntnisse produktion industrieller erzeugnisse erforschung wirtschaftliche nutzung meere fördern sichern
massendurchflussregler,massendurchflussregler mass flow controller mfc gerät massenstrom sollwert geregelt jedes fluid kalibrierdaten geladen programmierschnittstelle geschieht massendurchflussmesser mfm enthält mfc programmierbaren
materielle kultur,materielle kultur materiale kultur kultur gesellschaft hervorgebrachte gesamtheit geräte werkzeuge waffen bauten kleidungs- schmuckstücke anderes materielles bezeichnet forschung materiellen kultur
traveller segeln,traveller dt laufkatze beweglicher festmachepunkt großschot segelschiffen dient optimalen segeltrimm prinzip traveller laufschlitten üblicherweise leinenhilfe luv lee bewegt holepunkt großschot
metadaten,metadaten metainformationen strukturierte daten informationen merkmale anderer daten enthalten metadaten beschriebenen daten handelt größere datensammlungen dokumente bücher datenbanken dateien angaben
metadata encoding transmission standard,metadata encoding transmission standard mets xml schema definiertes xml-format beschreibung digitalen sammlungen objekten metadaten
mikrocomputer,mikrocomputer mikrorechner computer kompakter großrechner minirechner einzelnen person bedient begriff meistens assoziiert welle 8-bit-heim- bürocomputer engeren definition verstand computer bestimmten
mikrolernen,mikrolernen englisch microlearning bezeichnet lernen lerneinheiten kurzen schritten allgemein verweist begriff mikrolernen mikro-aspekte kontext lern- ausbildungs- trainingsprozessen häufiger begriff spezieller
chm dateiformat,chm compiled html help compressed html help compiled help module(s dateiformat firma microsoft hilfedateien betriebssystem windows verwendet zugehörige system erstellung
mikrotechnik,"mikrotechnik mikrostrukturtechnik befasst verfahren herstellung körpern geometrischen strukturen dimensionen mikrometerbereich 0,1–1000 µm angewandt strukturgrößen nanometer redet nanotechnik"
mimeographie,mimeographie siebdruckverfahren fasergewebe beispielsweise druck lettern farbstoffundurchlässige schicht entfernt matrize dient spiegelbildliches zwischenoriginal druckzylinder gespannt stellen farbstoffundurchlässige schicht entfernt druckfarbe
mind uploading,mind uploading mind copying mind transfer genannt beschreibt hypothetischen prozess mentale inhalte externes medium übertragen verwendeten medien simulieren funktionen gehirns
miniaturisierung,miniaturisierung englisch downscaling prozess verkleinerung strukturen beibehaltung funktion eventuell form
ministerium bildung kultur sport wissenschaft technologie japan,mombu-kagaku-shō jap 文部科学省 dt kultus- wissenschaftsministerium abgekürzt 文科省 monkashō engl ministry of education culture sports science and technology abgekürzt mext
ministerium bildung wissenschaft sport republik litauen,ministerium bildung wissenschaft sport republik litauen lit lietuvos respublikos švietimo mokslo ir sporto ministerija  ministerien regierung litauens sitz litauischen
uddannelses- og forskningsministeriet,uddannelses- og forskningsministeriet ausbildungs- forschungsministerium dänische forschungsministerium sitz slotsholmsgade zentrum kopenhagens aufgaben zählt zusammenwirken betrieben universitärer forschung ausbildung sichern wirtschafts-
wissenschaftsministerium,wissenschaftsministerium nennt ministerium portefeuille betreuung wissenschaften hochschulbildung funktion bildungsministeriums schulsektor ministerium jugendministerium bereich angewandte wissenschaften forschung entwicklung besteht überlappung begriff
ministerium wissenschaft technologie raumfahrt israel,israelische ministerium wissenschaft technologie raumfahrt hebräisch מִשְׂרָד המַדָּע הטֶכְנוֹלוֹגְיָה והחָלָל misrad hamadda hateknologia we-hachalall besteht märz namen  ministerium wissenschaft
ministerium wissenschaft hochschulbildung,ministerium wissenschaft hochschulbildung polnisch ministerstwo nauki szkolnictwa wyższego abgekürzt mnisw oberste behörde republik polen regierungsverwaltung bereichen wissenschaft hochschulbildung leitet disponent
ministerium wissenschaft technologie china,ministerium wissenschaft technologie kurzzeichen 中华人民共和国科学技术部 pinyin zhōnghuá rénmín gònghéguó kēxué jìshùbù most engl ministry of science and technology ministerium chinesischen
mobile station roaming number,mobile station roaming number mobile subscriber roaming number msrn nummer identifikation mobilstation ms
mobile commerce,mobile commerce m-commerce mc spezielle ausprägung elektronischen handels englisch electronic commerce ec verwendung drahtloser kommunikation mobiler endgeräte mobile commerce bezeichnet
mobile metering,mobile metering energiemessung hilfe mobilen stromzählers ermöglicht mobile messdatenerfassung energiemarkt deutsche bahn technologie züge einsetzt findet erfassen ladevorgängen elektroautos anwendung
mobilfunknetzbetreiber,mobilfunknetzbetreiber mobile network operator abk mno unternehmen öffentliches mobilfunknetz betreibt dienstleistungen privat- geschäftskunden anbietet zweck beantragt erwirbt z  b
gsm-ortung,gsm-ortung bezeichnet ortsbestimmung eingeschalteten funknetz eingebuchten basis global system for mobile communications gsm betriebenen endgerätes mobiltelefon mobilfunknetz
mobile funkstelle,mobile funkstelle mobfust gemäß definition internationalen fernmeldeunion funkstelle mobilfunkdienstes bestimmt bewegung haltens beliebigen orten betrieben auswahl mobiler funkstellen
mobile ticketing,mobile ticketing anwendung mobile-commerce deutschland mobile ticketing handyticket bezeichnet mobiltickets ersetzen eintrittskarten fahrscheine übliche physische belege mobilgerät klassisches mobiltelefon smartphone
mobile virtual network enabler,mobile virtual network enabler mvne versteht anbieter infrastruktur netzelementen mittels mobilfunkanbieter netz mobilfunkdienste teilnehmer anbieten bedeutet mvnes übernehmen netzbetrieb anbieter
mobilfunkprovider,mobilfunkprovider mobilfunkdiscounter bzw mobilfunk-discounter englisch mobile virtual network operator mvno bezeichnet mobilfunkbereich telekommunikationsdiensteanbieter vergleichsweise günstige gesprächsminuten gerätesubventionen anbieten mobilfunknetz verfügen
mobile vpn,mobile virtual private network mobile vpn mvpn stellt mobilen geräten smartphones notebooks netbooks pdas unterbrechungsfreie verbindung zugriff anwendungen daten verfügung
molinologie,molinologie lateinisch molīna mühle griechisch λόγος kunde lehre deutsch mühlenkunde -lehre -wesen fachgebiet bau betrieb geschichte kultur mühlen müllereihandwerk befasst
monstranzuhr,monstranzuhr spiegeluhr beliebter uhrentyp renaissance gebaut handelt tischuhr gehäuse form monstranz gearbeitet ziseliertem bronzeguss getriebenem teils vergoldetem kupfer- messingblech bestand
dualband,begriff dualband fähigkeit geräten bezeichnet unterschiedliche frequenzbereiche abdecken
multimedia broadcast multicast service,multimedia broadcast multicast service mbms dienst mobilfunkstandard umts multimediadaten mobile-tv dateien gleichzeitig effizient nutzer übertragen vorteil klassischen verfahren umts datenstrom
mumasy,mumasy multimediales maschineninformationssystem herstellerunabhängiges informationsmodell maschinenbau dient datenaustausch zulieferern hersteller kunden bzw verschiedenen phasen produktlebenszyklus geschaffen verbundprojekt deutschen maschinen- anlagenbaus
conselho nacional de desenvolvimento científico tecnológico,nationale rat wissenschaftliche technologische entwicklung portugiesisch conselho nacional de desenvolvimento científico tecnológico nationaler forschungsrat cnpq organisation brasilianischen wissenschafts- forschungsministerium portugiesisch
induktionssender,induktionssender spule ausgestatteter sender wobei spule wechselstrom frequenz khz khz gespeist gelegentlich fernsteuerungsanwendungen reichweiten metern verwendet zunehmend uhf-systeme verdrängt siehe
neihu,neihu chinesisch 內湖區 pinyin nèihú qū pe̍h-ōe-jī lāi-ô͘ khu bezirk taiwanischen hauptstadt taipeh
neolithische revolution,neolithische revolution erstmalige aufkommen erzeugender produzierender wirtschaftsweisen ackerbau viehzucht vorratshaltung sesshaftigkeit geschichte menschheit bezeichnet löste einigen gebieten lebensweise reinen jäger
neophilie,neophilie griech νέος neos neu φιλία philía zuneigung begriff schriftsteller robert anton wilson populär neugier offenheit affinität neuem andersartigem veränderungen
netzwerkeffekt,netzwerkeffekt netzeffekt netzwerkexternalität gehört neoklassischen volkswirtschaftslehre externen effekten beschreibt nutzen produkt konsumenten ändert anzahl anderer konsumenten produktes bzw komplementärer produkte
neutronensuperspiegel,neutronensuperspiegel spiegel neutronenleitung anwendung findet maximalen reflexionswinkel neutronen vergrößert reflexion grenzwinkel obersten schichtmaterials eigentliche totalreflexion zustande schließen maxima braggreflexion zunehmendem
nixie-röhre,nixie-röhre elektrisches bauelement darstellung verschiedener zeichen anzeige funktioniert prinzip glimmlampe vorgestellt  darzustellenden zeichen üblicherweise ziffern dezimalpunkt -komma anwendung zeichen
nyctographie,nyctographie deutsch nachtschrift form kurzschrift einfaches alphabet verwendet punkten strichen besteht innerhalb quadrates angeordnet square alphabet laut universal wörterbuch jahrhundert
orcid,non-profit-organisation orcid gegründet vergibt orcid-ids name orcid open researcher contributor identification initiative orcid initiative offiziellen firmengründung aktivitäten organisierte langform akronyms
karl klammer microsoft,karl klammer assistent microsoft office office-assistent benutzer microsoft office unterstützen aussehen interaktiven animierten benutzer sprechblasen ansprechenden cartoon-büroklammer augen englischen windows-version
omnistar,omnistar globaler anbieter bereich dgnss-korrekturdatenübertragung satellit gehört trimble-gruppe omnistar bietet kommerziellen dgnss-dienste weltweit satellit omnistar-dienste omnistar-vbs virtual base station virtuelle
ontologie informatik,ontologien informatik meist sprachlich gefasste formal geordnete darstellungen menge begrifflichkeiten bestehenden beziehungen bestimmten gegenstandsbereich genutzt wissen digitalisierter formaler form anwendungsprogrammen
open handset alliance,open handset alliance oha konsortium unternehmen stand februar ziel konsortiums schaffung offenen standards mobilgeräte mitgliedern konsortiums gestattet geräte herzustellen android
offener standard,offene standards standards marktteilnehmer zugänglich weiterentwickelbar einsetzbar  standard einigermaßen standard funktionieren insofern attribut redundant halten besteht häufig regulatorisches interesse
wikipedia wikiprojekt listen/listenübersicht verkehr,liste dient lediglich systematische übersicht listenbestand wikipedia themenbereich verkehr erhebt anspruch aktualität vollständigkeit sporadisch gepflegt
gebrauchsanleitung,gebrauchsanleitung gebrauchsanweisung sammlung informationen benutzer sicheren bestimmungsgemäßen umgang produkt begriff gebrauchsanleitung entstammt deutschen übersetzung erstellen gebrauchsanleitungen regelt begriff original englisch
pdf/e,pdf/e spezielles portable document format pdf engineering dt ingenieurwesen anderem fähigkeit interaktiven 3d-darstellung besitzt typisches einsatzfeld pdf/e konstruktionszeichnung unmittelbar klassisch
packet loss concealment,packet loss concealment deutsch maskierung datenpaketverlust verfahren bezeichnet verluste datenpakete digitalen datenstrom überbrücken digitalen sprachübermittlung ip-telefonie verwendet einfache verfahren ersetzen
funkmeldeempfänger,funkmeldeempfänger fme pager personenrufempfänger funkrufempfänger umgangssprachlich gelegentlich funkwecker tragbarer funkempfänger rahmen funkdienstes üblicherweise alarmierungszwecken nachrichtenübermittlung personen eingesetzt bezeichnung pager hotelbranche
perpetuum mobile,perpetuum mobile lat ständig bewegendes mehrzahl perpetua mobilia unterschiedliche kategorien ausgedachter existierender geräte bezeichnet gang gesetzt –ohne energiezufuhr ewig bewegung
persona mensch-computer-interaktion,persona lat maske modell bereich mensch-computer-interaktion mci persona stellt prototyp gruppe nutzern dar konkret ausgeprägten eigenschaften konkreten nutzungsverhalten personas anforderungsmanagement
phasengang,phasengang phasenfrequenzgang phasenmaß englisch phase response meistens zusammenhang amplitudengang amplitudenfrequenzgang betrachtet  phasenverschiebung lässt ableitung frequenz gruppenlaufzeit errechnen anschaulich gesprochen
phonographenwalze,phonographenwalze phonographenzylinder genannt medium tonaufzeichnung chichester alexander bell charles sumner tainter fortentwicklung edison-phonographen erfunden thomas alva edison verbesserten phonographen veränderter
pioneer-plakette,pioneer-plaketten goldene platten bord interstellaren raumsonden pioneer pioneer angebracht plaketten botschaft außerirdische hoffnung hergestellt etwaige intelligente außerirdische lebensformen könnten menschheit
plug pray,plug pray computern dokumentarfilm jens schanze möglichkeiten konsequenzen computertechnologie künstlichen intelligenz titel wörtlich einstecken beten verbreitete verballhornung microsoft hot swapping
podcast,podcast serie meist abonnierbaren mediendateien audio video internet kofferwort setzt englischen rundfunkbezeichnung broadcast bezeichnung entstehungszeit marktbeherrschenden tragbaren mp3-player ipod erfolg
polschuh,polschuh bauteil material hoher permeabilität eisen dient magnetischen feldlinien permanentmagneten wicklung definierten form heraustreten lassen verteilen elektromotor magnetische erregerfeld polschuh
poliscan speed,poliscan speed system geschwindigkeitsüberwachung herstellers vitronic messen laserbasierte lidar-technologie light detection and ranging eingesetzt laufzeitmessung ermittelt scannender laser geschwindigkeiten positionen
mobile datenerfassung,mobile datenerfassung mde bezeichnet konzept ermöglicht abseits computerarbeitsplatz daten erfassen mobile datenerfassung findet beispielsweise industrie- produktions- handelsunternehmen verwendung
wegsensor,wegsensor dient messung abstandes objekt bezugspunkt längenänderungen änderung weges einheitssignal umgewandelt feldbus steuergerät übermittelt begriffe hierfür wegmesssystem wegaufnehmer abstandssensor positionssensor
postindustrielle gesellschaft,begriff postindustrielle gesellschaft französischen soziologen alain touraine geprägt amerikanischen soziologen daniel bell theoretisch weiterentwickelt nachindustrielle gesellschaft postindustrielle gesellschaft gesellschaft industriegesellschaft
postscript,postscript seitenbeschreibungssprache frühen 1980er adobe systems entwickelt üblicherweise vektorgrafikformat dokumente drucker verwendet stellt turing-vollständige stackorientierte programmiersprache dar postscript weiterentwicklung interpress
postgender,postgenderismus steht ignorieren abschaffung geschlechterunterschieden
predictive learning,predictive learning deutsch vorausschauendes lernen technik maschinellen lernens agent versucht modell umgebung erstellen verschiedene aktionen verschiedenen umständen ausprobiert nutzt wissen
handlungswissen,know-how ˈnoʊhaʊ noʊˈhaʊ englisch wissen-wie gewusst anglizismus wissen prozedurale vorgänge sog handlungswissen fallen lösungswege verschiedensten problemen z b wissenschaft bankwesen
prozess begriffsklärung,prozess steht  prozess gerichteter ablauf geschehens prozess informatik computerprogramm gesteuerter informationsverarbeitungsvorgang prozess streitiges verfahren gericht prozess technik gesamtheit vorgänge
netzwerker,netzwerker bezeichnet umgangssprachlich  intensiv networking betreiben mitglieder netzwerk berlin zusammenschlusses spd-bundestagsabgeordneten
pronyscher zaum,pronysche zaum benannt französischen ingenieur gaspard de prony 1755–1839 gerät messen drehmomenten rotierenden wellen bezeichnungen holzbremse backenbremse gehört wasserwirbelbremse wirbelstrombremse
bluetooth-marketing,bluetooth-marketing international proximity-marketing kritikern bluespamming genannt bereitstellung informationen handys handyangepassten inhalten mobile-content werbung mobile-advertising gekennzeichneten stellen meist öffentlichen plätzen via
public land mobile network,public land mobile network plmn deutsch öffentliches terrestrisches mobilfunknetz bezeichnet öffentliche mobilfunknetze sendemasten satellitengestützt engl mobile satellite systems iridium globalstar
pugwash conferences on science and world affairs,pugwash conferences on science and world affairs tagungsreihe pugwash nova scotia kanada organisierte cyrus eaton angeregt russell-einstein-manifest pugwash conference on
impulswahlverfahren,impulswahlverfahren iwv bezeichnung älteste signalisierungsverfahren automatischen telefonvermittlung einzige wählverfahren brauchte eigennamen analoge telefonanschlüsse weitgehend mehrfrequenzwahlverfahren mfv dtmf dual-tone multi-frequency genannt
zeilenkamera,zeilenkamera bezeichnet kameratyp lichtempfindliche zeile zeilensensor aufweist gegensatz zweidimensionalen sensor vielzahl zeilen verfügt obwohl zeilensensoren gleichen pixelgrößen aufweisen flächensensoren zeilenlänge
push-model,push-model entwurfsmuster datenübertragung datenlieferant daten überwacht erkennt änderungen sendet geänderten werte datenempfänger empfänger verhält passiv wartet beobachter-muster angemeldet werte gegenteil
emdrive,emdrive englisch electromagnetic drive elektromagnetischer antrieb form hypothetischen mikrowellen-antriebes bezeichnet briten roger shawyer ehemaligen projektleiter raumfahrtunternehmens astrium entwickelt november veröffentlichte
receiver independent exchange format,receiver independent exchange format rinex empfängerunabhängiges daten-speicher- austauschformat gps- heutzutage allgemeiner gnss-rohdaten verwendet insbesondere pseudostreckenmessungen code- trägerphasenbeobachtungen satellitenephemeriden bereitstellung daten
liste abkürzungen netzjargon)#r,seite listet auswahl abkürzungen akronymen netzjargon deutschen sprachraum häufig chats instant messengern diskussionsforen e-mails sms usw verwendet meisten digital natives
ballenpresse entsorgungswirtschaft,ballenpresse maschine verdichtung verschiedener materialien  platzsparend transportieren wertstoff wiederverwerten
raman-faserlaser,raman-faserverstärker funktioniert vergleichbar normalen optischen verstärker basiert nichtlinearen raman-effekt energie eingekoppelten pumplichts bestimmte faserstrecke ebenfalls eingekoppeltes signallicht stokes anti-stokes übertragen
real time object oriented modeling,real time object oriented modeling room domänenspezifische sprache room anfang 90er modellierung echtzeitsystemen entwickelt ursprünglich bereich mobilen telekommunikation fokus einfachheit
echtzeitsystem,echtzeitsysteme englisch real-time systems systeme unmittelbaren steuerung abwicklung prozessen bezeichnet gestellte quantitative echtzeitanforderungen erfüllen diversen technikgebieten anwendung prozessleittechnik motorsteuerungen satellitensystemtechnik
echtzeitkinematik,echtzeitkinematik englisch real time kinematic rtk verfahren präzisen bestimmung positionskoordinaten methoden satellitennavigation arbeitet simultanem empfang gnss-satellitensignalen geodätischen empfängern präzisen positionen
echtzeit-lokalisierung,echtzeit-lokalisierung engl real-time locating begriff funknavigation bzw funkortung bestimmung ortes identifizierten objekts unbekannten ort nähere feststellung zugehörigen orientierung lage aufenthalt
real time quantitative pcr,quantitative echtzeit-pcr engl real-time quantitative pcr qpcr real time detection pcr rtd-pcr vervielfältigungsmethode nukleinsäuren prinzip herkömmlichen polymerase-kettenreaktion pcr beruht zusätzlich
erneuerbare energien,erneuerbare energien großgeschrieben erneuerbare energien regenerative energien energieträger bezeichnet rahmen menschlichen zeithorizonts praktisch unerschöpflich verfügung stehen verhältnismäßig schnell erneuern grenzen
repeater,repeater englisch wörtlich wiederholer regenerator genannt kommunikationstechnik elektrischer optischer signalverstärker -aufbereiter vergrößerung reichweite signals repeater befindet entfernung sender empfängt signale
bericht,bericht steht  bericht journalismus bericht informatik bericht verwaltung)komposita  abschlussbericht zusammenfassender bericht längeren agenda untersuchung augenzeugenbericht forschungsbericht geschäftsbericht jahresbericht
rich communication services,rich communication services rcs standard mobile messaging service mobilfunkindustrie entwickelt schirmherrschaft programms network gsma industrieverbandes internationalen mobilfunkanbieter obwohl standardisierung nischenlösungen
rich text format,rich text format rtf proprietäres dateiformat texte microsoft eingeführt austauschformat textverarbeitungsprogrammen verschiedener hersteller verschiedenen betriebssystemen dienen darstellung formatierten textes datenbankfeldern
riser-karte,riser-karte spezielle erweiterungskarte art winkelstück benutzt erweiterungskarten normalerweise senkrecht hauptplatine engl mainboard angeordnet räumlichen lage anzupassen häufig riser-karten 90-grad-„winkelstücke bewirken
roaming,begriff roaming englisch herumwandern streunen herumstreifen bezeichnet fähigkeit mobilfunknetz-teilnehmers netzwerk heimnetzwerk selbsttätig anrufe empfangen tätigen daten schicken empfangen zugriff mobilfunknetzdienste
roboterethik,roboterethik anwendung ethik robotik behandelt entwicklung herstellung verwendung robotern zunehmen robotern menschlichen lebenszusammenhängen klarwerden robotern reine werkzeuge handelt agenten begleiter
rasenmähroboter,rasenmähroboter rasenroboter genannt serviceroboter selbsttätig rasen mähen rasenmähroboter ferngesteuert mähen selbstständig vorgegebene fläche arbeiten autonom handel erhältlich rasenmähroboter mitte 1990er
materialseilbahn,materialseilbahn lastenseilbahn güterseilbahn genannt luftseilbahn normalerweise transport gütern beispielsweise erzen lebensmitteln zugelassen
rumfordofen,rumfordofen rüdersdorfer ofen bezeichnet brennofen industriellen fertigung branntkalk getrennte brennkammern kalk brennstoff verfügung stehen
troll-armee,troll-armee putinbots trollfabrik kremlbots кремлеботы web-brigaden gebräuchlichen bezeichnungen verdeckte organisation russland auftrag staates manipulationen internet betreibt mithilfe sockenpuppen fingierten identitäten
sae j1708,netzwerkprotokoll sae j1708 beschreibt kommunikation datenbus nutzfahrzeugen übermittlung diagnosedaten z b motordrehzahl temperatur steuerungsinformationen
geschützrichtstation grs-9,geschützrichtstation grs-9 grom-2 russisch станция орудийной наводки сон-9 гром sowjetisches radargerät diente suche begleitung identifizierung luftzielen ermittelten koordinaten rechengerät übermittelt
sollbruchstelle,sollbruchstelle besondere struktur gestalt konstruktion meist materialverjüngung bestimmte stelle belastung überlast vorhersagbar bricht kerbe perforation ritzspur kerbwirkung bauteil entscheidend geschwächt
absturzsicherung,absturzsicherung versteht praktiken vorrichtungen dienen absturz aufenthalt arbeit bereichen vermeiden absturz grund möglichen sturzhöhe verletzungen führen absturzsicherung verschiedenen lebensbereichen unterschiedliche
sarrus-mechanismus,sarrus-mechanismus wandelt teilkreisförmige bewegung geradlinige bewegung mechanismus pierre frédéric sarrus erfunden handelt präzise geradführung fand beachtung entdeckte inversor peaucellier 
skalierbarkeit,skalierbarkeit versteht fähigkeit systems netzwerks prozesses größenveränderung meist fähigkeit systems wachstum bezeichnet elektronischen datenverarbeitung bedeutet skalierbarkeit fähigkeit systems hard- software
wissenschaftliche fachzeitschrift,wissenschaftliche fachzeitschriften engl journals regelmäßig verlegte fachzeitschriften spezialthemen verschiedenen wissenschaftlichen disziplinen wissenschaftliche fachzeitschriften wichtigste medium veröffentlichung methoden ergebnissen forschung wissenschaft
wissenschaftsprosa,wissenschaftsprosa literaturgattung wissenschaftsprosa gilt ungenügende übersetzung englischen terminus science writing fachprosa handwerkliche kompetenz chirurgen vermitteln wissenschaftsprosa tradiertes theoretisches wissen vermitteln
industrielle revolution,industrielle revolution wirtschaftsgeschichtlichen forschung phase industrialisierung industriellen revolution bezeichnet zeitliche einordnung begriffsdefinition einheitlich wesentlichen lässt deutsche angloamerikanische variante unterscheiden aufstieg
sollwert,sollwert bezeichnet allgemein angestrebten wert quantitativen merkmales systems tatsächliche istwert abweichen sollwert system z b technik vorgegeben idealfall gilt istwert
short message peer to peer,short message peer to peer smpp protokoll übertragung daten netzwerk eingesetzt sms-kurznachrichten netzelement external short message entity short message service
short message service centre,short message service centre smsc bestandteil gsm- umts- lte-mobilfunknetzes speicherung weiterleitung konversion auslieferung nachrichten short message service zuständig vollständige bezeichnung
simplified english,simplified technical english ste simplified english kontrollierte sprache natürliche englisch bestimmten zweck standardisierte teilmenge begrenzt 1980er wartungsdokumentationen luft- raumfahrtindustrie entwickelt
single source publishing,single source publishing einzelquellenausgabe verstand ursprünglich verfahren quelle mehrere ausgabeformate erstellen winword-makros absatzformaten winword-dokument sowohl druckausgabe online-formate winhelp html erzeugen
short skip,short skip kurzer sprung verkürzung normalen ionosphärischen ausbreitungsweges funkwelle bezeichnet short skip starken ionisationszunahme ionosphäre auftreten erfolgt beispielsweise auftreten sporadischen
innovationszentrum skolkowo,innovationszentrum skolkowo russisch инновационный центр сколково innowazionny zentr skolkowo geplantes russisches forschungs- industriegebiet us-vorbild silicon valley hochmoderne technologien entwickelt moskauer
smarc,smarc smart mobility architecture spezifikation standardization group for embedded technologies e.v sget computer-on-module com smarc computer-on-module speziell ausgelegt entwicklung extrem
smart speaker,smart speaker internet verbundener lautsprecher musik drahtlos überträgt per eingriffsfreier sprachsteuerung spracherkennung funktionen intelligenten persönlichen assistenten ipa integriert deutschen einheitlicher
social construction of technology,social construction of technology scot spielart sozialkonstruktivismus technikgenese entstehung techniken befasst scot baut theorien wissenssoziologie sozialkonstruktivismus entwickelt berger luckmann wissenschaftssoziologie
soziales netzwerk internet,soziales netzwerk onlinedienst möglichkeit informationsaustausch beziehungsaufbau bietet entstehende online-community  kommuniziert interagiert entsprechend möglichkeiten jeweiligen plattform virtuellen raum technischen grundlage
social software,social software bezeichnung software menschlichen kommunikation zusammenarbeit dient z b zusammenhang social media schlagwort social software zusammenhang anwendungen wikis blogs
society for the history of technology,internationale society for the history of technology shot gesellschaft geschichte technik erforscht technikgeschichte ihren wechselbeziehungen wirtschaft politik kultur sitz department
soziotechnisches system,soziotechnischen system versteht organisierte menge verknüpfte technologien bestimmten weise strukturiert spezifisches ergebnis produzieren handelt spezialfall komplexen adaptiven systems verhalten derartiger
softwaredokumentation,softwaredokumentation bezeichnet dokumentation software erklärt entwickler anwender benutzer unterschiedlichen rollen software funktioniert erzeugt verarbeitet z b daten benutzen betrieb erforderlich
software competence center hagenberg,software competence center hagenberg scch größten unabhängigen forschungszentren bereich software österreich scch comet-kompetenzzentren stufe k1 gehört comet-kompetenzzentren spitzenstufe k2 zentral
magnetventil,magnetventil ventil elektromagneten betätigt abhängig bauart ventile schnell schalten magnetventile wegerfassung servoventile betrieben trend industrie spannungen dc leistungen vorsteuerung ventile
watchman,watchman warenzeichen sony tragbare fernsehgeräte taschenfernseher sony-watchman modellbezeichnung fd-210 vorgestellt gerät verfügt speziell konstruierte flachbildröhre bildinformation röhreninnenseite betrachtet sichtbare bilddiagonale
beschallungsanlage,beschallungsanlagen  elektrische anlagen audiosignale mikrofonen elektronischen elektromechanischen musikinstrumenten aufzeichnungsgeräten verstärken mittels lautsprechern menschlichen wahrnehmung zugänglich grundsätzlich arten unterschieden 
sousveillance,sousveillance suveˈjɑ̃s franz unterwachung bezeichnet umkehr gewohnten überwachungsweges normalerweise staatliche anderweitig privilegierte institutionen personen sonderrechte überwachen sousveillance überwachten höhergestellte einrichtungen
weltraummüll,weltraummüll weltraumschrott besteht künstlichen objekten gebrauchswert umlaufbahnen erde befinden gefahr raumfahrt darstellen laut modellen master-2005 meteoroid and space debris terrestrial
weltraumlift,weltraumlift weltraumaufzug engl space elevator hypothetischer transporter weltraum raketenantrieb entlang gespannten führungseils basisstation äquator raumstation geostationären orbit kilometer höhe konkurrierenden
space tether,space tether v engl space raum tether leine spannseil fessel langes starkes seil raumflugkörper gruppen zusammenhalten wissenschaftlichen vorschlag zufolge treibstoffsparenden
distanzring,distanzring distanzhülse distanzrohr -röhrchen einsatz bauteilen abstand distanz geschaffen nötig distanz überbrücken/auszufüttern distanzhülse distanzrohr -röhrchen gesprochen form rohrähnlich
spezifikation,spezifikation lateinisch specificatio auflistung verzeichnis vertragsrecht genaue bestimmung anforderungen käufers auftraggebers eigenschaften produktes leistung dienstleistung systems
spreadsheetml,spreadsheetml microsoft microsoft excel version entwickelte xml-basierte auszeichnungssprache tabellenkalkulationsdokumente spreadsheetml weiterentwicklung microsoft excel xp eingeführten xml-basierten dateiformats xml spreadsheet einführung
standard generalized markup language,genormte verallgemeinerte auszeichnungssprache englisch standard generalized markup language abgekürzt sgml metasprache hilfe verschiedene auszeichnungssprachen englisch markup languages dokumente definieren sgml
standard test data format,stdf standard test data format record-orientiertes binäres datenformat speichern messdaten ate-branche äquivalentes ascii-format atdf umgewandelt entwickelt datenformat teradyne inzwischen testsystemherstellern
stanford-torus,stanford-torus hypothetische weltraumkolonie form raumstation bewohner geplant besondere konstruktion ringförmigen struktur mittels künstlicher schwerkraft sonnenlicht erdähnlicher lebensraum erzeugt konstrukte ähnlichem
sternkoppler,sternkoppler netzwerkkomponente mehrere leitungen zusammenführt vergleichbar hub sternkoppler zentrale bauelemente sternförmige glasfasernetze verwendet lichtsignal mehrere glasfasern gleichzeitig einzukoppeln verschiedene verfahren
dampfwagen,dampfwagen automobil dampfmaschine hilfe wasserdampf angetrieben brennmaterial erhitzung wassers kessel koks braunkohle holz öl dampfwagen echten automobile anfang nicholas cugnot
storyful,storyful irischer redaktionsdienstleister dublin nachrichten sozialen netzwerken spezialisiert storyful filtert analysiert verifiziert beiträge fotos videos sozialen medien kunden gehören anderem
styleguide,styleguide deutsch gestaltungsrichtlinie beschreibt bestimmte elemente druckerzeugnisses website gestalten  richtlinien einheitliches erscheinungsbild verschiedener kommunikationsmittel institution firma z b werbe-
substrat materialwissenschaft,materialwissenschaft substrat behandelnde material meist oberfläche substrats veredelt beschichtet
swiftkey,swiftkey eingabemethode geräte touchscreens smartphones tabletcomputer anwendung verwendet technologien n-gramm künstliche neuronale netze autovervollständigung wortvorhersage lernt vorhergehenden nachrichten ziel texteingabe
swisscom,swisscom schweizerischen post nachfolgerin ptt führendes schweizer telekommunikationsunternehmen sitz worblaufen bern gemäss angaben verzeichnet swisscom schweiz marktanteil mobile- breitband- tv-bereich
swype,swype eingabemethode touchscreens gleichnamigen firma entwickelt samsung omnia gt-i8000)(windows mobile einsatz swype inc oktober amerikanischen unternehmen nuance übernommen weiterentwicklung februar
systemkamera,systemkamera fotoapparat austauschbaren komponenten innerhalb voll kompatiblen kamerasystems wichtigsten komponenten systems einerseits kamera body anderseits passenden objektive lense genannt anderer
são carlos,são carlos sɐ̃u̯mˈcar̯lus port heiliger karl stadt bundesstaat são paulo brasilien leben stand fläche km² são carlos liegt zentral bundesstaat
são josé dos campos,são josé dos campos stadt brasilianischen bundesstaat são paulo ca km entfernt são-paulo-stadt vale do paraíba tal flusses paraíba ca
text on keys,text on keys deutsch text tasten t9 patentiertes system erleichterten texteingabe eingabemethode mobiltelefon us-amerikanern clifford a kushler dale grover martin
inhaltsverzeichnis,inhaltsverzeichnis ihv stichwortartiges verzeichnis überblick inhalt mediums
tango plattform,tango entwicklung project tango technologie-plattform google entwickelt mittels maschinellem sehen mobilen geräten tabletcomputern smartphones ermöglichen relative position außenwelt gps signalbasierte
techne,techne altgr τέχνη téchne altgriechischer begriff europäisch geprägter philosophie verständnis kunst wissenschaft technik bedeutend
technische dokumentation,technische dokumentation technikdokumentation produktdokumentation umfasst informationsprodukte technisches erzeugnis beschreiben nutzung wartung reparatur anleiten bereitet informationen systematisch strukturiert jeweilige zweck vollständig
technischer defekt,technischer defekt salopp technische panne fehlfunktion automaten systemen ursache führt unerwünschten veränderung bzw stopps ursprünglich geplanten ablaufes
standard,standard vergleichsweise einheitliche vereinheitlichte weithin anerkannte meist angewandte zumindest angestrebte art weise herzustellen durchzuführen arten weisen durchgesetzt bedeutung begriff standard
technischer redakteur,technische redakteur konzipiert erstellt aktualisiert technische dokumentationen beispielsweise bedienungsanleitungen installations- montageanleitungen schulungsunterlagen online-hilfen zunehmend arbeiten technische redakteure unternehmensintern verfassen z
technischer fortschritt,technischem fortschritt versteht gesamtheit technischen innovationen kultur technischer fortschritt auswirkungen soziokulturellen wandel ökonomischen wandel technischen fortschritt gleiche produktionsmenge output geringeren
technikdeterminismus,technikdeterminismus technologischer determinismus industrie-soziologie gebräuchlicher begriff bedeutung  technik soziale politische kulturelle anpassungen hervorruft technische entwicklungen sozialen kulturellen wandel folge
dystopie,dystopie griechisch dys- tópos platz stelle englisch dystopia antiutopie selten kakotopie mätopie genannt gegenbild positiven utopie eutopie literaturwissenschaft fiktionale zukunft
allgemeine technologie,allgemeine technologie allgemeine technikwissenschaft bezeichnet generalistisch-transdisziplinäre technikforschung techniklehre wissenschaft funktions- strukturprinzipien technischen sachsysteme soziokulturellen entstehungs- verwendungszusammenhänge banse u a s
technology acceptance model,wirtschaftsinformatik bezeichnet technology acceptance model tam technologieakzeptanzmodell modell aussagen trifft personen technologie nutzen nutzen dissertation davis entwickelt veröffentlicht
technikfolgenabschätzung,forschungsgebiet technikfolgenabschätzung ta technologiefolgenabschätzung technikbewertung teilgebiet technikphilosophie -soziologie entstand 1960er usa verbreitete 1970er europa technikfolgenabschätzung befasst beobachtung analyse trends wissenschaft
technology evangelist,technology evangelist wörtliche übersetzung technik-prediger technik-missionar versucht technologie begeistern erreichen beteiligt technology evangelist ansprech- diskussionspartner aktiv foren konferenzen benutzertreffen z
technology readiness level,technology readiness level trl deutsch technologie-reifegrad übersetzt skala bewertung entwicklungsstandes technologien basis systematischen analyse skala entwickelt technologie entwickelt trl nasa
technologiescouting,technologiescouting versteht strukturierte beobachtung frühzeitige erkennen veränderungen potentialen relevantem wissen technologischer entwicklungen prozesse regel bedeutet nachfrage getriebene recherche experten implizitem
technophilie,einfachsten definition technophilie gleichbedeutend starken begeisterung technik insbesondere technologien computer internet mobiltelefone heimkino gegenwärtig psychische befindlichkeit störung beschrieben gilt weitgehend
technopolis gusew,technopolis stadt gusew projekt errichtung modernen produktionskomplexes elektronikindustrie region kaliningrad
telecentro,telecentros infocentros südamerika afrika errichtete öffentlich zugängliche räumlichkeiten dutzend computer breitbandanschluss installiert dienen überbrückung digitalen kluft allgemein ärmeren gebieten stadtteilen
tethering,tethering ˈteðəɹɪŋ englischen to tether deutsch anleinen anbinden bezeichnet verbindung smartphones mobilen endgeräts gerät z b tabletcomputer internetverbindung mobilfunknetz ermöglichen
texturierung,texturierung begriff textilindustrie bezeichnet vorgang glatten filamentgarnen kräuselstruktur verleihen textur ziel glatten kunstfasern polyamid polyester polypropylen charakteristik naturfasern wolle baumwolle
kalifornische ideologie,ausdruck kalifornische ideologie  bezeichnet kritisch glauben emanzipatorischen möglichkeiten informationsgesellschaft technologien prototypisch kalifornien 1990er entstanden britischen sozialwissenschaftler richard barbrook andy
arbeit,arbeit voller titel arbeit zukunft originaltitel engl the end of work the decline of the global labor force and the
the gutenberg galaxy,the gutenberg galaxy the making of typographic buch marshall mcluhan erstmals veröffentlicht deutsche übersetzung erschien titel gutenberg-galaxis buchzeitalters econ verlag
jacques besson ingenieur,jacques besson grenoble orléans französischer mathematiker ingenieur
zeitsprungverfahren,zeitsprungverfahren englisch time-hopping englischen time hopping spread spectrum thss bezeichnet modulationsverfahren einzelnen bits teilnehmers kurzen zeitabschnitten gesendet abstand zeitabschnitte innerhalb
zeitschloss,zeitschloss zeitverschluss genannt sperreinrichtung mechanische elektrische uhrwerke betätigt einbau zeitschlosses erfolgt normalerweise innenseite tresorraum- bzw geldschranktür verriegeln tür sperreinrichtung wirksam
chronologie technik,chronologie technik enthält wichtige meilensteine entwicklung geschichte technik
topic maps,topic maps abstraktes modell dazugehöriges sgml- beziehungsweise xml-basiertes datenformat formulierung wissensstrukturen topic maps iso-standard iso/iec normiert xml topic maps xtm
werg,werg arbeitsstoff hede kauder genannt niedere faserqualität reinigen hecheln bastfasern leinen hanf jute abfall arbeit werk anfällt besteht kurzen groben
transreflektiv,transreflektiv transflektiv genannte eigenschaft bezieht meist tft- lc-display digitalen gerätes monitor kamera pda mobiltelefon zusätzlich umgebungslicht bzw sonnenlicht anteilige reflexion
transhumanismus,transhumanismus zusammengesetzt lateinisch trans jenseits hinaus humanus menschlich philosophische denkrichtung grenzen menschlicher möglichkeiten intellektuell physisch psychisch einsatz technologischer verfahren erweitern
transition management,transition management bezeichnet übergeordneten sinne geplanten kontrollierten übergang funktionalen system deutschen begriff transition management hauptsächlich bezug vollkommen unterschiedliche themenfelder verwendet
blide,blide griech palida schleudern größte präziseste wurfwaffe mittelalterlichen belagerungsgeräten unterform katapults bezeichnungen tribock tribok plural triböcke trebuchet frz trébuchet lat
achterbahnfahrwerk,achterbahnfahrwerk aufgabe bewegung wagens häufig wagengarnitur achterbahn sicher entlang zumeist schiene(n führen eisenbahnwagen rollen zweischienengleis achse radsatz rädern fest materielle
gebrauchstauglichkeit produkt,gebrauchstauglichkeit englisch usability bezeichnet din iso ausmaß produkt system dienst bestimmte benutzer bestimmten anwendungskontext genutzt bestimmte ziele effektiv effizient zufriedenstellend
nutzerorientierte gestaltung,nutzerorientierte gestaltung zielt interaktive produkte gestalten hohe gebrauchstauglichkeit usability verfügen wesentlichen erreicht zukünftige nutzer produktes aufgaben zielen eigenschaften mittelpunkt entwicklungsprozesses
persona mensch-computer-interaktion,persona lat maske modell bereich mensch-computer-interaktion mci persona stellt prototyp gruppe nutzern dar konkret ausgeprägten eigenschaften konkreten nutzungsverhalten personas anforderungsmanagement
vda-fs,vda-fs bezeichnet datenformat austausch geometrieinformationen verschiedenen cad-systemen vda-fs abkürzung verband automobilindustrie flächenschnittstelle schnittstelle 3d-informationen übertragen zeichnungsinformationen iges step vda-fs hauptsächlich
versionsverwaltung,versionsverwaltung system erfassung änderungen dokumenten dateien verwendet versionen archiv zeitstempel benutzerkennung gesichert wiederhergestellt versionsverwaltungssysteme typischerweise softwareentwicklung eingesetzt quelltexte verwalten versionsverwaltung
verkehrszentrale,verkehrszentrale vkz englisch vessel traffic service center einrichtungen bezeichnet vessel traffic service vts betreiben schiffsverkehr revier see kontrollieren lenken vessel
vibrationsalarm,vibrationsalarm versteht signalgeber vibrationen eintritt ereignisses signalisiert anwender nimmt typischerweise haut gerät nahe körper trägt
vinyldisc,vinyldisc hybrider zweiseitiger tonträger besteht herkömmlichen digitalen cd dvd schicht polyvinylchlorid analoge vinyl-schallplatte aufgrund cd/dvd reduzierten größe minuten analogen ton
virtual engineering,virtual engineering ve deutsch virtuelle entwicklung technischer systeme bezeichnet unterstützung entwicklungsprozessen hilfe digitaler dreidimensionaler modelle schwerpunkte sowohl produktentwicklungsprozesse industrial engineering
vlog,video-blog vlog v-log aussprache vlɒɡ viːlɒɡ bezeichnet blog weblog internet-tagebuch form videos periodisch videos veröffentlicht z b leben person darstellen
vocalink,vocalink zahlungssystem-firma sitz großbritannien fusion voca link gegründet entwirft baut betreibt britische zahlungsverkehrsinfrastruktur bereitstellung bacs-zahlungssystems direct debit-systems britischen geldautomat-link-switching-plattform geldautomaten
volte,voice over lte engl telefonie lte volte mobilfunktechnologie ermöglicht 4g-netz sprachtelefonie nutzen bietet vergleich hauptsächlich genutzten 2g- 3g-netz sprachtelefonie deutliche
voyager golden record,voyager golden records datenplatten bild- audio-informationen bord gestarteten interstellaren raumsonden voyager voyager angebracht datenplatten botschaften außerirdische hoffnung hergestellt etwaige intelligente
know-how-computer, know-how-computer wdr-papiercomputer lehrmittel arbeitsweise computers mithilfe streichhölzern vorgedruckten feldern bogen papier darstellt interessierte lernen computer arbeitet elektronischen computer verfügung
wista,wissenschafts- wirtschaftsstandort adlershof wista liegt berliner ortsteil adlershof bezirk treptow-köpenick quadratkilometer fläche wissenschaftsstadt unternehmen stand mitarbeitern studenten entstanden laut spiegel
webcam,webcam versteht kamera kurzen intervallen bilder meist außerhalb gebäuden aufnimmt website öffentlich abrufbar einfache kamera bezeichnet videobilder person videochat bildtelefonie
white paper,white paper whitepaper ursprünglich englisch basierend politischen weißbuch instrument öffentlichkeitsarbeit übersicht leistungen standards technik it-themen hierzu zählen anwenderbeschreibungen fallstudien marktforschungsergebnisse
fördermaschine,fördermaschine maschinelle einrichtung bergbau antrieb förderkörbe fördergefäße dient antriebsmaschine schacht- schrägförderanlagen eingesetzt
wirthsches gesetz,wirthsches gesetz englisch wirth ’s law informatik phänomen betrachtet software kürzerer langsamer hardware schneller stützte niklaus wirth artikel plea for
frauen informatik,historischen beiträgen entwicklung computern heutigen informatik frauen informatik unterschiedliche rollen eingenommen anfangs insbesondere computing programmieren frauenberuf
world-information org,world-information org non-profit-organisation kritische öffentlichkeit bereichen kunst wissenschaft technologie schafft zweck organisiert ausstellungen konferenzen publikationsreihe heraus auswirkungen digitaler netzwerktechnologien gesellschaftliche
weltfernmeldetag,weltfernmeldetag world information society day internationale fernmeldeunion ausgerufen uno internationaler gedenktag anerkannt findet anlehnung gründungsdatum internationalen fernmeldeunion itu jährlich mai
weltzeituhr,weltzeituhr mehreren zeitzonen welt anzeigt weltzeituhren jahrzehnten hauptsächlich größeren installationen bestanden existieren einigen digitale modelle teilweise schreibtisch sogar ans handgelenk
extensible markup language,extensible markup language dt erweiterbare auszeichnungssprache abgekürzt xml auszeichnungssprache darstellung hierarchisch strukturierter daten format textdatei sowohl maschinen lesbar xml plattform-
jokne’am,jokne’am hebräisch יקנעם arabisch يوكنعام stadt israel
zero-rating,zero-rating praxis mobilfunkbetreiber mno telekommunikationsnetzbetreiber isp ihren endkunden datenvolumen spezifische dienste netz kostenfrei anzubieten ermöglicht kunden nutzung vorselektierten inhalten datendiensten
zhongguancun,zhongguancun chinesisch 中关村街道 pinyin zhōngguāncūn jiēdào straßenviertel stadtbezirks haidian chinesischen hauptstadt peking wissenschafts- technikzentrum sogenannter high-tech-park gerne silicon valley china
