evenings theatre and engineering,evenings theatre and engineering serie performances presentadas octubre artistas ingenieros laboratorios bell murray hill jersey colaboraron seria evento serie proyectos
alto xml,alto analized layout and text object esquema xml usado almacenar información forma electrónica detalla metadatos técnicos describir diseño gráfico texto
astm,american society for testing and materials astm international organización normas internacionales desarrolla publica acuerdos voluntarios normas técnicas amplia gama materiales
ley rendimientos acelerados,futurología historia tecnología cambio acelerado incremento tasa progreso tecnológico social cultural historia producir cambios rápidos profundos futuro desarrollada ley estrechamente
across the universe mensaje interestelar,across the universe mensaje interestelar radio consiste canción across the universe beatles transmitido febrero 00:00 utc nasa dirección estrella polaris.[1]​
teoría actor red,teoría actor red conocida ant sigla inglés actor network theory sociología traducción ontología actante rizoma enfoque sociológico característico teoría social
advanced distributed learning,adl advanced distributed learning iniciativa departamento defensa dod unidos implementar desarrollar herramientas tecnologías aprendizaje creada auspicio oficina subsecretario defensa personal
eolípila,eolípila máquina constituida cámara aire generalmente esfera cilindro tubos curvos expulsado vapor fuerza resultante expulsión mecanismo comience girar  ley
ajeeb,ajeeb 1]​ autómata ajedrez creado charles hooper ebanista)[2]​ presentado royal polytechnic institute particularmente intrigante pieza fraudulenta tecnología mecánica presentado totalmente
métrica alcubierre,métrica alcubierre idea especulativa basada modelo matemático supondría posibles viajes velocidades mayores velocidad luz superlumínicos efectuando trucos espacio alcubierre plantea
instituto nacional estadounidense estándares,instituto nacional estadounidense estándares conocido ansi siglas inglés american national standards institute organización fines lucro supervisa desarrollo estándares productos servicios
tecnología antiguo egipto,tecnología antiguo egipto caracterizó evolución lenta duró miles años egipcios inventaron utilizaron máquinas básicas rampa palanca ayuda construcciones papel egipcio
tecnología antigua grecia,tecnología antigua grecia desarrolló siglo ac periodo romano allá invenciones acreditan antiguos griegos incluyen engranaje tornillo molinos giratorios prensa eje
tecnología antigua,concepto tecnología antigua comúnmente referirse tecnologías artefactos herramientas originadas antigüedad entendida período histórico edad antigua usadas satisfacer necesidades hombre fuego
movimiento antinuclear,movimiento antinuclear respuesta organizativa reúne personas organizaciones partidos políticos compromiso expreso antinuclear ecologista movimiento surge respuesta peligrosidad desarrollo expansión civil
movimiento antinuclear,movimiento antinuclear respuesta organizativa reúne personas organizaciones partidos políticos compromiso expreso antinuclear ecologista movimiento surge respuesta peligrosidad desarrollo expansión civil
apple watch series,apple watch serie corresponde tercer modelo generación apple watch lanzado septiembre
interfaz programación aplicaciones,"interfaz programación  aplicaciones conocida sigla api inglés application programming interface,[1]​ conjunto subrutinas funciones procedimientos métodos programación orientada objetos ofrece"
física aplicada,física aplicada término genérico indica física interesa particularmente tecnologías aplicada distingue pura sutil combinación factores motivación investigación relación tecnología ciencia
mensaje arecibo,mensaje arecibo mensaje radio enviado espacio radiotelescopio arecibo noviembre conmemorar remodelación radiotelescopio mensaje longitud bits enviado dirección cúmulo estrellas cúmulo
inteligencia artificial fuerte,inteligencia artificial fuerte inteligencia artificial iguala excede inteligencia humana promedio inteligencia máquina éxito tarea intelectual humano objetivo importante investigación inteligencia
inteligencia artificial,inteligencia artificial ia inteligencia llevado cabo máquinas ciencias computación máquina inteligente ideal agente  flexible percibe entorno cabo acciones maximicen
útero artificial,útero artificial dispositivo permitiría embarazo externo crecimiento feto cuerpo organismo normalmente llevaría embarazo término útero artificial tendría numerosas aplicaciones servir
askmenow,askmenow inc empresa pública estadounidense especializado búsqueda móvil publicidad móvil compañía oficial sede irvine california lanzó noviembre sitio vivo ofrecimiento
gps asistido,sistema posicionamiento global asistido conocido gps asistido sistema ubicación teléfonos dispositivos móviles satélite gps agps desarrollado introducido mejorar funcionamiento gps
astra taylor,astra taylor nacida directora estadounidense cine documental escritora activista músico.[1]​ socia  fundación shuttleworth combatir prácticas predatorias torno deuda
indicador actitud,indicador actitud ia conocido horizonte artificial instrumento vuelo muestra orientación aeronave horizonte rápidamente ángulo alabeo cabeceo gracias instrumento volar condiciones
leyes augustine,leyes augustine formuladas norman r augustine complejidad peso precio cazas iría aumentando progresivamente convertirlos inasequibles único aparato fuese capaz servir
sistema identificación automática,ais corresponde siglas anglosajonas automatic identification system español sistema identificación automática pudiéndose encontrar sia objetivo fundamental sistema ais permitir buques
aviation industry computer based training committee,aicc aviation industry computer based training committee asociación internacional capacitación profesionales basada tecnología aicc desarrolla especificaciones industria aviación desarrollo entrega
vía automoción,vía sudamérica trocha representa distancia ruedas eje tomada plano central exterior interior aprecie simple vista vías delanteras traseras automóvil iguales
freno cinta,freno cinta freno primario secundario consta banda material fricción aprieta concéntricamente pieza cilíndrica equipamiento impidiendo dificultando rotación efecto estático 
cadena bloques mecánica,cadena bloques llamada cadena bloque barra inglés bar link chain tipo cadena transmisión mecánica compone placas laterales extienden lados bloque
inglés básico,inglés básico basic english lengua controlada construida basada simplificación vocabulario gramática lengua inglesa natural idioma basado vocabulario palabras seleccionado charles
calentador cama,calentador cama utensilio utilizaba casas calentar camas calentador consistía recipiente tapa mango deslizaba sábanas camas difusión sistemas calefacción hogares habitaciones
berkman klein center for internet society,berkman klein center for internet society centro investigación universidad harvard centra estudio ciberespacio fundado facultad derecho harvard institución centrado tradicionalmente
biofacto,concepto biofacto consiste unión palabras bios griego vida artefacto refiere artefacto originariamente biológico
cisterna flexible,cisterna flexible almacenamiento flexible tipo líquidos llamada aljibe flexible bladder tank inglés cisterna flexible autoportante necesita tipo soporte mantenerse estable
bleeding edge technology,bleeding edge technology refiere tecnología novedosa riesgo fiable incurrir costo usarla.[1]​ término bleeding edge forma alusión leading edge sinónimo cutting
cerebro cubeta,experimento cerebro cubeta experimento mental pretende arrojar luz punto vista filosofía características idea conocimiento realidad mente cerebro funcionamiento significados experimento
control mental,control mental técnica conjunto técnicas encaminadas modificación procesos mentales individuos emplearse persona personas ajenas fines diversos superación habilidades mentales dominio
bricolaje,bricolaje  actividad manual realiza persona aficionada recurrir servicios profesional creación mejora mantenimiento reparación especialidades albañilería carpintería electricidad fontanería etc.[1]​
richard buckminster fuller,richard buckminster bucky fuller milton julio ángeles julio diseñador arquitecto visionario inventor estadounidense profesor universidad sur illinois carbondale prolífico escritor
buffer gis,sistema información geográfica conocido acrónimos sig español gis inglés conjunto herramientas integra relaciona diversos componentes usuarios hardware software procesos permiten
bussard ramjet,bussard ramjet concepto futurista propulsión reacción vehículos espaciales propuesto físico estadounidense robert w bussard popularizado novela poul anderson tau zero
carruaje,carruaje provenzal cariatge vehículo tracción animal armazón madera hierro materiales desliza ruedas.[1]​ utilizado antigüedad transporte mercancías personas prácticamente desaparecido occidente
catapulta,catapulta instrumento militar utilizado antigüedad lanzamiento distancia objetos proyectiles inventada probablemente griegos posteriormente mejorada cartagineses romanos empleada edad media catapulta
repetidor celular,repetidor celular amplificador señal celular inalámbrico llamado amplificador bidireccional bda industria telecomunicaciones inalámbricas dispositivo usado levantar señal teléfonos celulares área
interruptor centrífugo,interruptor centrífugo interruptor eléctrico funciona fuerza centrífuga creada eje rotación común motor eléctrico motor gasolina interruptor diseña activar desactivar función
,pbc[1]​ organización corporación constituida legalmente persona jurídica cuyo negocio basa venta publicidad plataforma peticiones patrocinadas crowdfunding[2]​ actúa blog acogida libre
changelog,registro cambios[1]​ forma inglesa changelog archivo lista cambios hechos proyecto informático sitio web proyecto software versión incluyendo habitualmente corrección errores
mecanismo lambda chebyshov,mecanismo lambda chebyshov mecanismo barras convierte movimiento rotación aproximándolo movimiento rectilíneo velocidad prácticamente constante.[1]​[2]​ diseño preciso mecanismo determina rectitud trayectoria
habitación china,habitación china experimento mental propuesto originalmente john searle popularizado roger penrose rebatir validez test turing creencia pensamiento simplemente computación.[1]​ searle
historia espada,tipos espadas importancia historia arma espada objeto consideraciones especiales formando rituales funerarios mitología tradiciones fabricación espada bronce aleaciones hierro calidad
periodismo ciudadano,periodismo ciudadano periodismo participativo periodismo público periodismo democrático[1]​ inglés periodismo guerrilla[2]​ periodismo calle[3]​ movimiento ciudadanos convierten informadores ejercicio derecho amparado
aplicación cívica,aplicación cívica software aplicación destinado participación usuarios desarrollo público sociedades civiles aplicaciones cívicas crean mejoramiento público compromiso cívico generalmente capital
tecnología cívica,tecnología cívica tecnología tecnología información permite participación público propósito aumentar bienestar social tecnología cívica enfocarse promover desarrollo socioeconómico mejorar funcionamiento
colaboratorio,colaboratorio designa centro investigación distribuido explotar tecnologías información comunicación colaboratorio permite investigadores juntos proyecto hallen concepto colaboratorio acuñado koichirō matsuura
anexo dispositivos compatibles firefox,dispositivos compatibles firefox sistema operativo mozilla tuvieron expansión lanzamiento dispositivos oficiales open desarrollado empresa zte one touch fire alcatel fireweb
anexo comparativa tecnologías visualización,
anexo comparación lanzadores pesados,comparan cohetes espaciales capaces órbita masas heavy lift launch vehicles expresión heavy lift suele aplicar vehículos saturn titan iv ariane
teoría complejidad organizaciones,teoría complejidad organizaciones llamada estrategia complejidad organización compleja adaptativa teoría complejidad campo gestión estratégica estudios organizacionales
computadora,"computadora[1]​[2]​ inglés computer latín computare,[3]​ calcular’ denominada computador[4]​[1]​ ordenador[5]​[6]​ francés ordinateur latín ordinator máquina digital lee realiza operaciones  convertirlos"
mantenimiento computadoras,mantenimiento computadoras práctica mantenerlas  computadora contenga polvo residuos acumulados funcione correctamente polvo residuos acumularán resultado enfriamiento aire filtro utilizado
programación,programación proceso utiliza idear ordenar acciones realizarán marco proyecto anuncio partes componen acto espectáculo preparación máquinas cumplan tarea determinado elaboración
gestión configuración,gestión configuración activos conjunto procesos destinados asegurar calidad producto obtenido cualquiera etapas desarrollo sistema información estricto control cambios realizados disponibilidad
connections serie televisión,connections relaciones conexiones español serie televisión documental diez episodios creada escrita presentada historiador ciencia james burke serie producida dirigida mick
lenguaje indización,lenguaje indización vocabulario controlado diseñado criterios preestablecidos normalización buscan ofrecer modelo acceso recuperación información lenguajes indización considerados lenguajes artificiales estructuras
destrucción creativa,destrucción creativa economía concepto ideado sociólogo alemán werner sombart popularizado economista austriaco joseph schumpeter libro capitalismo socialismo democracia describe proceso
corrientes antiindustriales,corrientes pensamiento antiindustriales antiproductivistas tecnocríticas movimientos militantes elaboran crítica progreso tecnológico progreso tecnológico ideología nacida siglo xix revolución industrial guerra
micromecenazgo,micromecenazgo crowdfunding financiación colectiva mecanismo colaborativo financiación proyectos prescinde tradicional intermediación financiera consiste contacto promotores proyectos demandan fondos emisión valores
teoría gato adorable activismo digital,teoría gato adorable activismo digital teoría relacionada activismo internet censura internet gatos lindos término utilizado actividad popular on line desarrollada
ciberpolítica,ciberpolítica término empleado académicos analizan profundidad finalidad internet activismo político abarca formas software social incluye periodismo búsqueda fondos blogs construcción
arte cíborg,arte cíborg conocido ciborguismo movimiento artístico emergente empezó años bretaña basado creación adición sentidos cuerpo humano vía implantes cibernéticos creación
dita,siglas dita corresponden título inglés darwin information typing architecture arquitectura darwin transcribir información peculiar nombre esconde especificación xml diseñada elaborar
metadato,metadatos griego μετα meta allá de'[1]​ latín datum dato»[2]​ literalmente datos datos describen datos grupo metadatos refiere grupo datos describen
dataísmo,dataísmo datoísmo)[n 1]​ término utilizado describir mentalidad filosofía religión creada significado emergente big data inteligencia artificial internet iot catedrático ensayista
ficha técnica,ficha técnica hoja técnica hoja datos datasheet inglés ficha características hoja características documento resume funcionamiento características componente componente electrónico subsistema
estándar facto,estándar facto patrón norma caracteriza consensuada legitimada organismo estandarización efecto contrario norma generalmente aceptada ampliamente utilizada iniciativa número interesados estándares
conexión línea conmutada,conexión línea conmutada conexión dial up conexión utiliza telefónico analógico red telefónica conmutada fija digital gsm cuyo objeto principal telefonía
difusión negocios,difusión innovaciones  proceso idea producto aceptado mercado ratio[1]​ difusión velocidad idea propaga consumidor adopción similar difusión refiere procesos atraviesa
ciberantropología,ciberantropología antropología ciberespacio rama antropología sociocultural estudia sistemas cibernéticos relación humanos tecnologías ciberantropología diferencia etnografía virtual estudia relación humano tecnologías
ciudadanía digital,ciudadanía digital denominado ciberciudadanía ciudadanía)[1]​[2]​ concepto proceso definición permanente medida evolucionan posibilidades tecnología.[3]​ ciudadanía digital supone comprensión asuntos políticos culturales
brecha digital,entiende brecha digital distancia acceso apropiación tecnologías nivel geográfico nivel socioeconómico quintiles ingreso dimensiones género articulación desigualdades culturales etc cabe
historia digital,historia digital enfoque análisis representación aprovecha tecnologías comunicación tales ordenadores web basa características esenciales ámbito digital tales bases datos hipertextualización
periodismo digital,periodismo digital llamado ciberperiodismo periodismo web periodismo línea webperiodismo periodismo electrónico designa modalidad periodismo internet entorno principal desarrollo redes dispositivos
alfabetismo digital,alfabetismo digital conocido alfabetización digital alfabetización multimedia habilidad localizar organizar entender evaluar analizar información utilizando tecnología digital implica conocimiento alta
nativo digital,término nativo digital describe alguien nacido digital diferencia adquirieron familiaridad sistemas digitales adultos describe inmigrantes digitales.[1]​ términos utilizaron declaración independencia
film vs digital,film vs digital referencia comparación métodos captación concepto estudiando campos científicos artísticos aparición cámara digital mano kodak llegar conclusión sistemas
tecnología disruptiva,tecnología disruptiva innovación disruptiva tecnología innovación conduce aparición productos servicios utilizan preferiblemente estrategia disruptiva disruptivo produce ruptura brusca frente estrategia
docbook,docbook aplicación estándar sgml xml incluye dtd utiliza destacada área documentación técnica especialmente documentar tipo material programas informáticos comité técnico
automatización documentos,automatización documentos conocido ensamblaje documentos diseño sistemas flujos ayudan creación documentos electrónicos incluyen sistemas basados lógica utilizan segmentos texto información
esfera dyson,esfera dyson megaestructura hipotética propuesta físico freeman dyson artículo revista science llamado search for artificial stellar sources of infra red
emi protocolo,external machine interface emi extensión universal computer protocol ucp protocolo comunicaciones usado interacción smscs short message service center protocol propietario
alianza global et3,alianza global et3 consorcio abierto estadounidense licenciados dedicado implementación global tecnologías transporte tubos vacíoas[1]​ et3 fundado daryl oster objetivo establecer
señalización,denomina señalización hilos tipo señalización telefónica utilizado conmutadores analógicos circuitos telefónicos caracteriza vías separadas frecuencias señalización voz tipo señalización señales
editcam,editcam sistema cámara digital profesional fabricado ikegami introdujo disponible videocámaras profesionales videocámara mano característica distintiva soporte grabación  fieldpak cartucho
blog educativo,blog educativo edublog blog creado propósitos educativos brinda apoyo estudiante educador proceso aprendizaje facilitando reflexión cuestionamiento colaboración proporcionando contextos ejercicio
movimiento eficiencia,movimiento eficiencia movimiento ideológico preponderante unidos progresista
ingeniería eléctrica,ingeniería eléctrica campo ingeniería ocupa estudio aplicación electricidad electrónica electromagnetismo aplica conocimientos ciencias física matemáticas diseñar sistemas equipos permiten generar
electrogravedad,electrogravedad denomina tipo convencional efecto propulsión antigravitatoria creada efecto campo eléctrico masa término acuñado descubridor fenómeno thomas townsend brown años
electronic centralized aircraft monitor,engine indicating and crew alerting system eicas)en boeing ecam airbus 1]​ sistema integrado aeronaves comerciales modernas proporcionar tripulación información funcionamiento
transferencia electrónica fondos,transferencia fondos electrónica eft electronic funds transfer transferencia electrónica dinero bancaria institución financiera instituciones sistemas basados ordenador intervención directa personal
tecnologías emergentes,tecnologías emergentes tecnologías convergentes términos usados señalar emergencia convergencia tecnologías respectivamente potencial demostrarse tecnologías disruptivas citarse nanotecnología biotecnología tecnologías información
estándares emisiones,estándares emisiones requisitos límites específicos cantidad contaminantes liberados ambiente estándares emisiones focalizan regular contaminantes lanzados automóviles vehículos motor regular emisiones
encoded archival description,encoded archival description ead descripción archivística codificada norma utiliza vocabulario xml extensible markup language codificación instrumentos descripción archivos publicar intercambiar
encompass,encompass significa enterprise computing association grupo usuarios computadoras destinado clientes hewlett packard
ingeniería,ingeniería conjunto conocimientos científicos tecnológicos innovación invención desarrollo mejora técnicas herramientas satisfacer necesidades resolver problemas  empresas sociedad ingeniero apoya
epcm,epcm refiere siglas palabras inglesas engineering procurement construction management traducidas literalmente español corresponden ingeniería adquisiciones gestión construcción forma común arreglo
dibujo ingeniería,dibujo ingeniería tipo dibujo técnico utiliza definir completa claramente requisitos artículos ingeniería dibujo ingeniería actividad produce dibujos ingeniería documentos simplemente
ente nazionale italiano di unificazione,ente nazionale italiano di unificazione unificación italiana nacional sigla uni asociación privada ánimo lucro realiza actividades regulación italia uni reconocida
efemeralización,efemeralización concepto incide tendencia tecnología máximo mínimo autor ingeniero norteamericano visionario r buckminster fuller 1969.[1]​ historia evolución tecnológica pretende eficiencia
preguntas frecuentes,término preguntas frecuentes traducción español expresión inglesa frequently asked questions cuyo acrónimo faq refiere lista preguntas respuestas surgen frecuentemente determinado
filtro vídeo,filtro vídeo component software utilizado descodificar audio vídeo.[1]​ diferenciar categorías filtros renderización vídeo  prefiltros anteriores codificación intrafiltros utilizados mitad
ingeniería financiera,ingeniería financiera definir términos generales utilización instrumentos financieros reestructurar perfil financiero existente obtener propiedades deseables galitz 1994a ingeniería financiera enfoca
detector nivel líquido,interruptor nivel dispositivo instalado tanque recipiente almacenamiento sólidos líquidos permite discriminar altura nivel material elemento almacenado alcanza excede nivel predeterminado
diagrama flujo,diagrama flujo flujograma diagrama actividades representación gráfica algoritmo proceso utiliza disciplinas programación economía procesos industriales psicología cognitiva lenguaje unificado modelado
first robótica,first robótica for inspiration and recognition of science and technology organización animo lucro establecida dean kamen cuyo objetivo estimular jóvenes
revolución industrial etapa,cuarta revolución industrial conocida  industria revolución industrial etapa cuarta etapa industrial importante verificado inicio revolución industrial siglo xviii cuarta
netbeui,netbeui netbios extended user interface español interfaz extendida usuario netbios protocolo nivel red encaminamiento sencillo utilizado capas primeras redes microsoft
free on line dictionary of computing,diccionario informática línea libre foldoc free on line dictionary of computing diccionario enciclopédico informática línea fundado denis howe aloja imperial
french tech,french tech acreditación otorgada ciudades francesas reconocidas ecosistema empresa emergente nombre utilizado empresas francesas tecnológicamente innovadoras mundo convencido necesidad promover
shock futuro,future shock libro escrito futurista alvin toffler libro toffler define término shock futuro psicológico concreto afecta individuos sociedades enteras definición
tecnología utilidad,tecnologías utilidad gpt siglas inglés purpose technologies tecnologías afectar economía entera normalmente nivel nacional global gpt potencial alterar drásticamente sociedades
cabina cristal,"cabina cristal inglés glass cockpit),[2]​ cabina vuelo aeronave dotada pantallas presentación instrumentos electrónicos cabina tradicional basa numerosos instrumentos vuelo mecánicos"
tren gravitacional,tren gravitacional hipotético transporte conecta puntos esfera planeta recorriendo subterráneamente túnel rectilíneo cuerpo dimensiones planeta tren acelerado usando fuerza gravedad
literatura gris,literatura gris denominada literatura convencional literatura semipublicada literatura invisible tipo documento difunde canales ordinarios publicación comercial plantea problemas acceso posee
crecimiento energía solar fotovoltaica,crecimiento mundial energía solar fotovoltaica seguido curva exponencial décadas periodo evolucionado nicho mercado basado aplicaciones pequeña escala convertirse fuente convencional
vacuna vih,vacuna vih vacuna protegería personas vih contraer virus efecto terapéutico personas posteriormente contraen vih sida vacuna eficaz vih proyectos investigación
hp-22s,hp-22s calculadora electrónica algebraica científica manufacturada compañía hewlett packard calculadora comparable hp-32s programación incluido solver implementado sufrió limitaciones 32s puesto
html,html siglas inglés hypertext markup language lenguaje marcas hipertexto referencia lenguaje marcado elaboración páginas web estándar sirve referencia software conecta
hacktivismo,hacktivismo acrónimo hacker activismo entiende normalmente utilización violenta herramientas digitales ilegales legalmente ambiguas persiguiendo fines políticos herramientas incluyen desfiguraciones webs
handover,denomina handover traspaso handoff transferencia sistema utilizado comunicaciones móviles celulares objetivo transferir servicio estación base calidad enlace insuficiente estaciones mecanismo
har hotzvim,har hotzvim hebreo הר חוצבים transliterado har hotzvim español montaña cantero parque industrial alta tecnología parque ubicado colina situada noroeste
lenguaje descripción hardware,lenguaje descripción hardware hdl hardware description language lenguaje programación especializado utiliza definir estructura diseño operación circuitos electrónicos comúnmente circuitos electrónicos
alta tecnología,tecnología punta llamada tecnología alta tecnología traducción literal inglés high technology high tech  tecnología avanzado desarrollo sencillamente tecnología avanzada
historia biotecnología,usos biotecnología prácticos cultivo plantas producir alimentos agricultura convirtió principal forma obtener alimentos revolución neolítico mil años usando técnicas antiguas
historia fabricación velas,técnica fabricación velas desarrolló forma independiente diversos lugares historia.[1]​ año a c romanos fabricaban velas sebo inmersión china fabricaron velas
historia auxiliares auditivos,dispositivos mejorar audición creados siglo xvii desarrollo dispositivos llegar auxiliares modernos disponibles principios siglo xxi comenzó invención teléfono dispositivo auditivo
historia nanotecnología,historia nanotecnología desarrollo avances conceptos trabajos experimentales caen amplia categoría nanotecnología incluye discusión impacto distintos ámbitos sociales económicos educativos tecnológicos
historia máquinas movimiento perpetuo,historia máquinas movimiento perpetuo  data edad media milenios empero máquinas movimiento perpetuo pudieran realizarse teorías modernas termodinámica demostrado imposibles
historia tecnología,historia tecnología historia  invención herramientas técnicas propósito práctico historia moderna relacionada íntimamente historia ciencia número descubrimiento conocimientos permitido crear
historia motor combustión interna,orígenes motores remotos especialmente consideran inicios precedentes elementos constitutivos motores imprescindibles funcionaminto tales considerados máquinas completas funcionales productoras energía mecánica
historia máquina vapor,llama máquina vapor motor utiliza fuerza motriz resulta expansión vapor agua principio fundamental conversión calor[1]​ trabajo.[2]​ depende máquinas térmicas desnivel
historia telescopio,historia telescopio instrumento científico contribuido decisivamente modelar imagen universo inició galileo galilei dirigió anteojo cielo producido serie ininterrumpida mejoras instrumento
historia relojería,historia relojes denominada historia relojería secuencia eventos ocurrido torno descubrimientos científicos relojes autómatas denominados guardatiempos dispositivos mecánicos capaces fraccionar contar
medida antiguo egipto,egipcios pueblos dividir partes iguales empleando medida instrumentos relojes sol merjets plomadas utilizadas astrónomos periodo.[1]​[2]​
mecanismo hoecken,mecanismo hoecken[1]​ mecanismo barras convierte movimiento rotación aproximarlo movimiento rectilíneo denominación adoptó posterioridad fallecimiento karl hoecken 1874−1962).[1]​ gráfico animado apreciar
homekit,plantilla infobox componenthomekit marco software apple permite usuarios configurar dispositivo ios configurar comunicarse controlar electrodomésticos inteligentes diseñar habitaciones elementos acciones
honeywell agt1500,turbina honeywell agt1500 propulsor gas paquete motorización serie tanques m1 abrams.[1]​[2]​
howto,howto how to inglés documento informal generalmente corto describe cumplir tarea palabra jerga informática electrónica español habitual generalmente creados ayudar
parque científico industrial hsinchu,parque científico industrial hsinchu pinyin 新竹科學工業園區 parque industrial establecido gobierno república china taiwán diciembre inversiones procedentes kuomintang hsinchu condado hsinchu
ciclo sobreexpectación,ciclo sobreexpectación representación gráfica madurez adopción aplicación comercial tecnología específica  término acuñado gartner casa análisis investigación basada ee.uu proporciona
hiperrealidad,hiperrealidad concepto trabajado campo  semiótica filosofía postmoderna generalmente utiliza designar  incapacidad conciencia distinguir realidad fantasía especialmente culturas posmodernas
ipht jena,instituto tecnología fotónica ipht alemán institut für photonische technologien centro investigación universitario jena turingia alemania  centrado aplicaciones sistemas físicos
iphone 1.ª generación,iphone teléfono inteligente gama alta 1ª generación dispositivo telefonía móvil apple lanzado exclusiva mercado estadounidense aparición versiones conocido iphone iphone
iso,norma iso organización internacional normalización international organization for standardization iso especifica formatos papel usada países mundo estándar define popular tamaño
ralentí,ralentí régimen mínimo revoluciones minuto giros vueltas minuto ajusta motor combustión interna permanecer funcionamiento forma estable necesidad accionar mecanismo aceleración
revolución industrial,revolución industrial revolución industrial proceso transformación económica social tecnológica inició mitad siglo xviii reino bretaña extendió décadas europa occidental américa
procesos industriales,procesos industriales procedimientos involucran pasos químicos físicos eléctricos mecánicos ayudar fabricación artículo artículos generalmente llevan cabo escala  procesos industriales
tecnología industrial,tecnología industrial ingeniería manufactura producción rápida simple eficiente campo tecnología industrial emplea personas creativas técnicamente competentes ayudar empresa lograr productividad
sistema navegación inercial,"sistema navegación inercial ins siglas inglés inertial navigation system),[1]​ sistema ayuda navegación computador sensores movimiento acelerómetros sensores rotación giroscópicos calcular"
acceso información,acceso información refiere conjunto técnicas buscar categorizar modificar acceder información sistema bases datos bibliotecas archivos internet término estrechamente relacionado informática
arquitectura información,arquitectura información ai disciplina arte encargada estudio análisis organización disposición estructuración información espacios información selección presentación datos sistemas información interactivos
tecnología información,tecnología información aplicación ordenadores equipos telecomunicación almacenar recuperar transmitir manipular datos frecuencia utilizado contexto negocios empresas término utilizado sinónimo computadores
puerto infrarrojo,puerto infrarrojo inglés blaster transmisor luz infrarroja envía luz receptores infrarrojo control remoto puerto infrarrojo componente primario control remoto componente
infraestructura urbana,denomina infraestructura urbana etimología infra realización humana diseñada dirigida profesionales arquitectura ingeniería civil urbanistas etc sirven soporte desarrollo actividades funcionamiento
instituto argentino normalización certificación,instituto argentino normalización certificación originalmente instituto racionalización argentino materiales iram instituto encargado normalización certificación argentina organismo público cuyos orígenes remontan
intellipublia,intellipublia proyecto piloto implementar reforma proceso producción inteligencia unidos basado motor mediawiki intellipublia introduce capacidad opinión entorno colaboración existente similar
diseño interacción,"diseño interacción abreviado ixd definido práctica diseñar productos digitales interactivos entornos sistemas servicios.""[1]​ digital declaración diseño interacción válido creado espacio"
organización internacional normalización,organización internacional normalización originalmente inglés international organization for standardization conocida abreviación iso organización creación estándares internacionales compuesta diversas organizaciones nacionales
internacionalización localización,internacionalización proceso diseñar software adaptarse idiomas regiones necesidad cambios ingeniería código localización proceso adaptar software región específica adición componentes específicos
ciberactivismo,ciberactivismo activismo virtual activismo línea fenómeno cibercultura referido forma acción política participación social personas tecnología internet organizar actividades discutir compartir
telar jacquard,telar jacquard telar mecánico inventado joseph marie jacquard artilugio utilizaba tarjetas perforadas tejer patrones tela permitiendo usuarios inexpertos pudieran elaborar
john paul holdren,john paul holdren sewickley pensilvania marzo consejero presidente barack obama cuestiones ciencia tecnología rol asistente presidente ciencia tecnología director oficina
kwp2000,kwp2000 numerónimo key word protocol protocolo comunicaciones capa aplicación utilizado electrónica automóvil estandarizado international organization for standardization código iso básicamente
kinescopio,kinescopio griego kinos= movimiento skopios visión término referido originalmente tubo catódico utilizado receptores televisión nombrado inventor vladimir zworykin actualidad término
kista,kista ciudad afueras estocolmo habitantes origen extranjero kista convertido importante centro tecnológico suecia europa kista concentrado actividad académica universidades institutos
base conocimiento,base conocimiento tipo especial base datos gestión conocimiento provee medios recolección organización recuperación computarizada conocimiento
hipótesis brecha conocimiento,hipótesis brecha conocimiento explica conocimiento  formas riqueza distribuye diferencial sistema social  específicamente hipótesis predice medida aumenta infusión información
lte telecomunicaciones,lte  acrónimo long term evolution estándar comunicaciones inalámbricas transmisión datos alta velocidad teléfonos móviles terminales datos 3gpp definida evolución
lte advanced,lte advanced estándar  comunicación móvil preliminar formalmente inscrito candidato sistema itu finales fecha estimada finalización 2011.[1]​ estandarizado 3rd generation
lte advanced pro,lte advanced pro lte pro conocido pro pre-5 proyecto 5g )[1]​[2]​[3]​[4]​ indicador especificado versiones 3gpp.[5]​[6]​ evolución natural long term evolution
horno laboratorio,horno laboratorio tipo horno comúnmente usado deshidratar reactivos laboratorio secar instrumentos horno aumenta temperatura gradualmente conforme pase programación temperatura óptima
faro vehículo, faros coche  proyectores luz sirven iluminar camino vehículo noche sirven vehículo visible visibilidad componente obligatorio vehículos automóviles imaginar
ley desventaja ventaja,ley desventaja ventaja original holandés wet remmende voorsprong dialéctica liderar teoría sugiere obtener ventaja inicial área dada resultar desventa plazo
lawrence lessig,lawrence lessig dakota sur junio abogado académico especializado derecho informático fundador centro internet sociedad universidad stanford creador impulsor iniciativa creative
aprendizaje vago,inteligencia artificial aprendizaje vago método aprendizaje generalización allá datos entrenamiento demorada pregunta sistema contrario aprendizaje entusiasta sistema generalizar datos entrenamiento
learning object metadata,learning object metadata lom inglés metadatos objetos aprendizaje modelo datos usualmente codificado xml usado describir objeto aprendizaje recursos digitales similares
sistema heredado,sistema heredado sistema legacy sistema informático equipos informáticos aplicaciones quedado anticuado utilizado usuario generalmente organización empresa reemplazar actualizar forma sencilla
legaltech,legaltech español tecnología jurídica tecnología servicio derecho[1]​ noción salida inglés legal technology referencia tecnología softwares ofrecer servicios jurídicos defensores término
mesa luminosa,mesa luz[1]​ dispositivo visualización utiliza revisar película fotografía ilustraciones transparentes sobrepuestas suministra iluminación uniforme sujeto abajo cubierta translúcida iluminada normalmente
link capacity adjusment scheme,esquema ajuste capacidad enlace inglés link capacity adjustment scheme lcas método empleado aumentar disminuir dinámicamente ancho banda contenedor virtual concatenado
adopción linux,adopción linux referencia utilización sistema operativo gnu linux hogares organizaciones empresas administraciones públicas migración linux refiere cambio sistema operativo linux
anexo productos heckler koch,anexo lista productos heckler koch fabricados heckler koch empresa alemana dedicada fabricación armas fuego.[1]​
anexo dispositivos windows mobile,lista dispositivos fabricados windows mobile ediciones windows mobile enterprise windows iot mobile dispositivos actualizar windows mobile muestran dispositivos incluyen nativo
anexo dispositivos windows phone,lista dispositivos ejecutan windows phone sistema operativo microsoft  existencia windows phone socios htc samsung huawei gionee jsr karbonn lg
anexo radares navales británicos guerra mundial,página lista radares británicos guerra mundial
anexo fabricantes instrumentos astronómicos,continuación incluye lista fabricantes instrumento astronómicos época vivieron país realizaron dispone
anexo estándares comunes ensayos cem,lista perfila número estándares compatibilidad electromagnética cem escribir artículo  disponibles disponibles comentario público  normas tratan estadarizar operabilidad cem
anexo consolas dedicadas,lista consolas videojuegos dedicadas orden cronológico mayoría consolas videojuegos generación consolas dedicadas juego lista limitada juegos integrados equipadas juegos adicionales
anexo dispositivos gorilla glass,gorilla glass material sintético transparente[1]​ fabricado corning inc introducido mercado
anexo fabricantes baterías vehículos eléctricos,shenzhen guangdong industry research catl productor baterías iones litio movilidad eléctrica capacidad gwh seguido panasonic byd[1]​ shenzhen gaogong industry research
anexo tecnologías emergentes,lista tecnologías emergentes actualidad contiene destacados desarrollos avances innovaciones diversos campos moderna tecnología tecnologías emergentes innovaciones técnicas representan avances campo
anexo motores juego,motor videojuego base tecnología subyace videojuego motor abstrae código juego hardware pretende funcionar provee funciones clave renderización animación simulación física
anexo fabricantes videoconsolas sobremesa,amstrad amstrad gx4000
anexo fuentes luz,lista fuentes luz incluye procesos naturales artificiales emiten luz artículo centra fuentes producen longitudes onda nanómetros llamada luz visible
anexo apagones eléctricos,historia universal ocurrido apagones eléctricos mundo causas fallas humanas desperfectos equipos eléctricos sobrecarga corto circuito condiciones climatológicas adversas apagones mundiales
anexo microconsolas,lista microconsolas creado presente orden cronológico  mercado microconsola comenzó séptima generación consolas videojuegos mercado crecido rápidamente octava generación consolas
anexo códigos observatorios astronómicos,códigos observatorios astronómicos otorgados centro planetas menores inglés minor planet center  servicio unión astronómica internacional catalogar observaciones objetos sistema
anexo disciplinas tecnológicas,acuicultura salmonicultura agronomía arquitectura bioquímica biotecnología carpintería dactiloscopía ganadería informática desarrollo software ingeniería aeronáutica ingeniería civil ingeniería eléctrica ingeniería electrónica
coeficiente conductividad térmica,coeficiente conductividad térmica  característica sustancia expresa magnitud capacidad conducir calor símbolo letra griega λ sistema internacional unidades mide vatios
ludismo,ludismo movimiento encabezado  artesanos ingleses siglo xix protestaron años  máquinas destruían telares industriales máquina hilar industrial introducidos revolución
aprendizaje electrónico móvil,"aprendizaje electrónico móvil inglés learning,[1]​es forma aprendizaje facilita construcción conocimiento resolución problemas desarrollo destrezas habilidades diversas autónoma ubicua gracias mediación"
tiristores controlados mos,tiristor controlado mosfet  mejora tiristor par mosfet encender apagar actual mct siglas inglés supera limitaciones dispositivos existentes promete cambio
mpu-401,mpu-401 mpu significa unidad procesamiento midi interfaz importante obsoleta conectar hardware música electrónica equipado midi computadoras personales fue diseñado roland
máquina,máquina periodo inicia mediados revolución industrial guerra mundial.[1]​ época máquinas dominan vida cotidiana producidas máquina industria incluyen automóviles vehículos electrodomésticos
man unix,man herramienta sistemas unix utiliza documentar aprender comandos archivos llamadas sistema etc sistema operativo gnu linux basa groff sistema utilizado
cerebro matrioshka,cerebro matrioshka megaestructura hipotética inmensa capacidad computacional propuesta robert bradbury base esfera dyson motor estelar clase emplea producción completa energía
tecnología medieval,tecnología medieval aplica tecnología utilizada medieval particularmente europa dominio cristiano renacimiento siglo xii europa medieval experimentó cambio radical tasa inventos
mercedes euklid,mercedes euklid calculadora inventada alemania principios siglo xx construida turingia alemania modelos mecánicos manuales utilizaron diseño palanca proporcional diseñado christel
metadatos,metadatos griego μετα meta allá de'[1]​ latín datum dato»[2]​ literalmente datos datos describen datos grupo metadatos refiere grupo datos describen
metadata encoding and transmission standard,metadata encoding and transmission standard mets estándar codificación transmisión metadatos estándar metadatos codificar formato electrónico documento objeto biblioteca digital utiliza
microcomputadora,microcomputadora microordenador computadora pequeña microprocesador unidad central procesamiento cpu.[2]​ generalmente microprocesador incluye circuitos almacenamiento memoria caché entrada salida circuito integrado
microaprendizaje,término microaprendizaje inglés microlearning representa perspectiva modalidad aprendizaje orientada fragmentación contenidos didácticos adquieren determinadas competencias aprendizaje genera pequeños pasos interconectarse
microsoft compiled html help,archivo ayuda html compilado microsoft compiled html help inglés formato privativo ayuda línea desarrollado microsoft publicó sucesor sistema ayuda winhelp
mimeógrafo,mimeógrafo polígrafo llamado ciclostil instrumento utilizado copias papel escrito cantidades solía utilizar colegios utiliza reproducción tipo papel llamado esténcil.[1]​
transferencia mental,transferencia mental mind uploading inglés expresión acuñada corriente filosófica transhumanista utilizada contexto ciencia ficción referirse hipotético proceso codificación mente real
miniaturización,denomina miniaturización proceso tecnológico reducir tamaño dispositivos electrónicos miniaturización dispositivos parámetro medir avance desarrollo sector informático pequeños dispositivos utilizan número
ministerio educación cultura deportes ciencia tecnología japón,ministerio educación cultura deportes ciencia tecnología 文部科学省 monbu kagakushō conocido mext monkashō ministerios gobierno japón meiji gobierno japonés creó ministerio
ministerio educación ciencia rusia,ministerio educación ciencia federación rusia ruso министерство образования и науки российской федерации minobrnauki ministerio gobierno rusia 2004—2018[1]​ sede[2]​ moscú ministros
ministerio ciencia tecnología innovación brasil,ministerio ciencia tecnología innovación portugués ministério ciência tecnologia inovações comunicações siglas mcti órgano máximo administración federal brasil responsable formulación implementación
ministerio ciencia tecnología ambiente cuba,ministerio ciencia tecnología ambiente cuba conocido cuba siglas citma órgano estatal encarga dirigir ejecutar controlar política gobierno actividad científica tecnológica
ministerio ciencia tecnología enseñanza superior portugal,ministerio ciencia tecnología enseñanza superior ministério ciência tecnologia ensino superior mctes departamento gubernamental portugal responsable ciencia tecnología enseñanza superior mctes
ministerio ciencia tecnología innovación productiva,ministerio ciencia tecnología innovación productiva organismo público dependiente ejecutivo nacional argentina creado[2]​ diciembre iniciativa presidenta cristina fernández kirchner misión orientar
ministerio ciencia tecnología espacio israel,ministro ciencia tecnología espacio israel jefe político ministerio ciencia tecnología espacio israel posiciones gabinete israelí actual ministro danny danon likud
mobile assisted language learning,mobile assisted language learning mall aprendizaje idioma asistido dispositivo móvil.[1]​ mall subconjunto aprendizaje electrónico móvil computer assisted language learning call
mtso,oficina conmutación telefonía móvil mobile telephone switching office mtso equivalente oficina central pstn telefonía móvil función mtso controlar procesamiento establecimiento
commerce,commerce comercio móvil anglicismo mobile commerce toma bases commerce llevando transacciones nivel ejecutadas teléfono móvil dispositivo inalámbrico móvil
operador red móvil,operador telefonía móvil compañía telefónica provee servicios telefonía clientes telefonía móvil abreviado inglés mno mobile network operator proceso convertirse operador
operador telefonía móvil,operador telefonía móvil proveedor inalámbrico compañía teléfono proporciona servicios usuarios teléfonos móviles operador tarjeta sim cliente inserta teléfono móvil acceder
localización gsm,localización gsm servicio ofrecido empresas operadoras telefonía móvil permite determinar precisión físicamente terminal móvil determinado.[1]​ localización gsm incluir servicios basados
emisora móvil,término emisora móvil transceptor móvil radio móvil refiere sistemas dispositivos comunicaciones inalámbricas basan frecuencias radio camino comunicaciones mover entorno variedad
red social móvil,red social móvil espacio diversos individuos intereses comunes conversan comunican utilizando teléfono móvil dispositivo portátil capacidades telemáticas similar sucede redes
operador móvil virtual,operador red inalámbrica virtual operador móvil virtual omv inglés mobile virtual network operator mvno compañía telefonía móvil posee concesión espectro
red privada virtual móvil,red privada virtual móvil rpv mrpv red privada virtual capaz continuar sesiones importar cambios conexión física puntos conexión dirección ip.[1]​
molinología,"molinología ciencia encarga estudio molinos,[1]​ abarcando aspectos usos fuentes energía restauración tipos construcciones materiales empleados población utilizaba.[2]​[3]​ término portugués joao"
monitor monocromo,monitor monocromo tipo monitor ordenador común inicios computación década monitores color fuesen populares siguen utilizándose sistemas computarizados cajas registradoras aplicaciones
the motor industry software reliability association,the motor industry software reliability association misra español asociación fiabilidad software industria motor colaboración fabricantes vehículos proveedores componentes sector empresas
multibanda,telecomunicaciones términos multibanda doble banda tribanda cuatribanda pentabanda referencia dispositivo teléfono móvil soporta múltiples radio bandas frecuencia utilizadas comunicaciones caso
nanosocialismo,nanosocialismo generalmente referencia colección teorías económicas organización social recomiendan propiedad administración estatal colectiva investigación desarrollo nanotecnología
nanoestructura,nanoestructura estructura tamaño intermedio estructuras moleculares microscópicas tamaño micrométrico hablando nanoescala generalmente estructuras experimentan efectos cuánticos obvios estructuras tamaño propiedades
consejo nacional desarrollo científico tecnológico,conselho nacional desenvolvimento científico tecnológico español consejo nacional desarrollo científico tecnológico órgano ministerio ciencia tecnología innovación brasil promover investigación denominación
neoludismo,neoludismo ludismo corriente filosófica opone desarrollo tecnológico científico sociedad moderna.[1]​ término aplica personas fobia tecnología asociado legado luditas británicos activos
neovictorianismo,neovictorianismo movimiento estético combina sensibilidad estética victoriana eduardiana principios tecnologías modernas número revistas sitios web dedicado difundir vestir vida familiar
revolución neolítica,denomina revolución neolítica transformación radical forma vida humanidad pasa nómada sedentaria economía recolectora caza pesca recolección productora agricultura ganadería expresión
neofilia,neofilia término popularizado escritor culto robert anton wilson  tipo personalidad caracterizada fuerte afinidad novedad término utilizado anteriormente christopher booker
efecto red,término efecto red efecto red externalidad red describir situaciones consumo persona influye directamente utilidad positivas negativas concreto externalidades red forman
tubo nixie,tubo nixie consiste válvula utilizada representar visualmente serie símbolos normalmente cifras punto coma signos etc unidades representan símbolos especiales dólar
nictografía,nictografía inglés nyctography cuya traducción literal noctu grafía tipo escritura taquigráfica inventada charles dodgson conocido seudónimo lewis carroll objetivo escribir
obd ii pid,obd ii pid on board diagnostics obd parameter id pid códigos comunicarse sistema diagnóstico bordo vehículo.[1]​
orcid,orcid inglés open researcher and contributor id español identificador abierto investigador colaborador código alfanumérico comercial identifica única científicos autores académicos.[1]​[2]​[3]​[4]​[5]​
ayudante office,ayudante office interfaz usuario inteligente microsoft office ayudó usuarios personaje animado interactivo interconecta contenido ayuda office incluido microsoft office windows
aprendizaje móvil línea,aprendizaje móvil línea offline mobile learning refiere capacidad acceder materiales aprendizaje dispositivo móvil requerir conexión internet funcionalidades aplicaciones basadas web
ontología informática,ciencias computación ciencias comunicación ontología definición formal tipos propiedades relaciones entidades realmente fundamentalmente dominio discurso particular aplicación práctica ontología filosófica
ingeniería ontológica,ingeniería ontológica campo ciencias computación ciencias información estudia métodos metodologías construir esquemas conceptuales ontología corresponde representación formal grupo conceptos dominio
open handset alliance,open handset alliance oha alianza comercial compañías dedica desarrollar estándares abiertos dispositivos móviles miembros google htc dell intel motorola qualcomm
sistema código abierto,código abierto término denota producto incluye permiso código fuente documentos diseño contenido refiere modelo código abierto software código abierto productos
estándar abierto,estándar abierto especificación disponible públicamente lograr tarea específica estándar abierto estándar disposición público derechos asociados propiedades diseñado única definición interpretaciones
megaciencia,megaciencia ciencia llamada big science ciencia’ inglés término usado científicos particularmente empleado tratar historia ciencia tecnología concepto neologismo describen engloban
manual instrucciones,manual instrucciones explicaciones paso paso tarea tareas referirse siguientes ámbitos  informática instalación aplicación correctamente programación caso problema electrónica componentes
rueda paletas,rueda paletas armazón cilíndrico barras hierro coloca extremos ejes máquinas coloca rueda lateral buque proa centro gravedad ríos canales barcos
mensáfono,"mensáfono[1]​ inglés pager beeper llamado dispositivo buscapersonas,[2]​ busca,[3]​ bíper[4]​ hispanoamérica radiobúsqueda radiomensajería dispositivo localizador dispositivo telecomunicaciones recibe mensajes cortos mensáfono"
móvil perpetuo,móvil perpetuo latín perpetuum mobile máquina hipotética capaz continuar funcionando eternamente impulso inicial necesidad energía externa adicional basa idea conservación
persona experiencia usuario,diseño centrado usuario marketing personas personajes imaginarios creados representar tipos usuarios sitio web marca producto similar.[1]​  vendedores personas segmentación
servicio comunicación personal,servicio comunicación personal pcs siglas inglés nombre servicios telefonía móvil digital países operan bandas radio mhz servicio comunicaciones personales pcs
revolución petróleo,revolución petróleo catalán revolució petroli revolta petroli revuelta obrera carácter libertario sindicalista alcoy julio república española historiador manuel cerdá denominó
filosofía tecnología,filosofía tecnología rama filosofía dedicada estudio naturaleza tecnología efectos sociales filosofía nace sistemática siglo xix ingenieros época intentaron mostrar tecnología
cilindro fonógrafo,cilindros fonógrafo soporte método grabación reproducción sonido conocidos simplemente grabaciones época popularidad objetos forma cilindro tenían grabación sonido literalmente grabada
fotolito,fotolito impresión ófset huecograbado cliché reproduce objeto tipografía película soporte transparente época química electroquímica preimpresión mediados finales siglo xx grabar
placa pioneer,placas pioneer par planchas metálicas colocadas bordo sondas espaciales pioneer pioneer mensaje visual sondas espaciales pioneer pioneer primeras sondas programa
planografía,planografía impresión planográfica término genético utilizado definir distintos métodos clonacion estampado imagen superficie plana generalmente papel deja relieve procesos configuración
podcasting,"podcasting podcast adaptación español pódcast singular plural,[1]​ consiste distribución archivos multimedia normalmente audio vídeo suelen larga duración incluir texto subtítulos"
documento posición,documento posición ensayo presenta opinión problema típicamente autor entidad específica partido político documentos posición publicados mundo académico político derecho dominios
sociedad posindustrial,sociedad post industrial[1]​ concepto introducido teóricos sociología economía —entre estadounidenses daniel bell john kenneth galbraith francés alain touraine— describir alcanzado
postscript,postscript lenguaje descripción páginas inglés page description language pdl utilizado impresoras común formato transporte archivos gráficos talleres impresión profesional
posgenerismo,posgenerismo movimiento social político cultural diverso cuyos adherentes afirman eliminación voluntaria género especie humana aplicación biotecnología avanzada tecnologías reproducción asistida.[1]​
filosofía posmoderna,filosofía posmoderna orientación filosófica crítica asunciones fundamentales tendencia universalizadora filosofía occidental enfatiza importancia relaciones personalización discurso construcción examinar mundo filosofía
powervu,powervu sistema acceso condicional televisión digital desarrollado scientific atlanta.[1]​ utiliza radiodifusión profesional especialmente retevision bloomberg television discovery channel afrts abs
texto predictivo,texto predictivo tecnología entrada texto diseñada teléfonos móviles tecnología permite generar palabras presionando botón letra contrario presionar múltiples tecla obtener
conocimiento procedimental,psicología cognitiva conocimiento procedimental maneras almacena información memoria plazo conocimiento procedimental conocimiento relacionado conscientemente montar bicicleta hablar lengua procedimental adquiere
memoria procedimental,memoria procedimental memoria participa recuerdo habilidades motoras ejecutivas necesarias tarea sistema ejecutivo guía actividad suele funcionar nivel inconsciente necesario recuerdos
desmontaje producto,desmontaje producto sencillamente desmonaje teardown inglés acto desmontar producto forma ayuda identificar partes componentes funcionalidad sistema chip información coste componente
red profesional,red profesional contexto internet servicio red profesional tipo servicio red social enfoca interacción relacionamiento naturaleza comercial profesional relaciones personales.[1]​ ejemplos
freno prony,freno prony sistema dinamométrico utilizado medir par giro motores siglo xix nombre inventor ingeniero francés gaspard prony
mercadotecnia bluetooth,mercadeo publicidad bluetooth consiste distribución inalámbrica contenidos publicitarios informativos determinado contenidos recibidos espacio deseen dispongan simple teléfono móvil equipo receptor
conferencia pugwash,conoce conferencia pugwash conferencia pugwash conferencias internacionales ciencia asuntos mundiales creadas sugerencia serie científicos filósofos humanistas contaban santiago zarub santiago
marcación decádica pulsos,marcación decádica pulsos tecnología señalización telecomunicaciones circuito bucle local interrumpido codificación definida usualmente dígito diez dígitos codificado secuencias diez pulsos
tecnología push,tecnología push forma comunicación internet petición envío origen servidor oposición tecnología pull petición origen cliente
emdrive,emdrive propulsor cavidad resonante rf propuesta sistema propulsión funciona genera polémica inventado ingeniero británico roger shawyer fundador compañía satellite propulsion
rinex,rinex siglas inglés receiver independent exchange formato ficheros texto orientado almacenar estandarizada medidas proporcionadas receptores sistemas navegación satélite gps glonass
rtfm,rtfm acrónimo inglés significa read the fucking manual lee puto manual lee jodido manual lee maldito manual español suele respuesta
carrera máquina,"carrera máquina carrera máquina inglés race against the machine libro ficción año cuyos autores erik brynjolfsson[1]​[2]​y andrew mcafee,[2]​[3]​[4]​y interacción tecnología"
sistema real,sistema real sistema informático interacciona entorno físico responde estímulos entorno plazo determinado basta acciones sistema correctas ejecutarse intervalo determinado.[1]​ sistemas
rtk navegación,rtk inglés real time kinematic navegación cinética satelital real técnica usada topografía navegación marina basado medidas fase navegadores señales gps
sistemas localización real,sistemas localización real inglés real time locating system rtls sistemas identifican rastrean automáticamente localización objetos personas real usualmente edificio área
pcr real,pcr cuantitativa inglés quantitative polymerase chain reaction qpcr pcr pcr real inglés real time pcr variante reacción cadena polimerasa pcr
bomba alternativa,bomba alternativa mecanismo bombeo basado desplazamiento vaivén pieza estanca utiliza impulsar fluidos incluye bombas pistón bombas membrana mantenidas bombas alternativas
notas publicación,notas publicación conocidas release notes inglés documentos distribuyen productos software frecuentemente producto desarrollo pruebas fase beta productos clientes nota publicación
energía renovable,denomina energía renovable energía obtiene fuentes naturales virtualmente inagotables inmensa cantidad energía contienen capaces regenerarse medios naturales.[1]​ energías renovables cuentan
repetidor,telecomunicaciones término repetidor siguientes significados normalizados  dispositivo analógico amplifica señal entrada independientemente naturaleza analógica digital dispositivo digital amplifica conforma
informe,informe documento escrito prosa informativa científica técnica comercial  propósito comunicar información nivel alto organización consiguiente refiere hechos obtenidos verificados
respirocito,respirocito término acuñado investigador robert freitas instituto fabricación molecular california referencia pseudoglóbulo rojo artificial diseñado futuro complementar sustituir función glóbulos
reometría,reometría griego rheos ciencia describe métodos medida instrumentos permiten obtener datos reológicos material reología determina relaciones cuantitativas cualitativas deformación tensión
servicios comunicación enriquecida,servicios comunicación enriquecida[1]​[2]​[3]​ rcs siglas inglés comercialmente joyn[4]​ iniciativa proveer servicios comunicación operadores basado subsistema multimedia ip tecnología suceda sms
rich text format,rich text format formato texto enriquecido abreviado rtf formato archivo informático desarrollado microsoft intercambio documentos multiplataforma mayoría procesadores texto leer
riser card,riser card traducido placa hija tarjeta elevadora tarjeta ranuras vertical traducción exacta circuito impreso recoge multitud líneas señal mayoritariamente buses
itinerancia,itinerancia[1]​ inglés roaming concepto utilizado telecomunicaciones referirse posibilidad dispositivo inalámbrico utilizar cobertura red distinta principal permite conectarse redes secundarias utilizando
roboética,roboética expresión corta ética robótica utiliza sentido comportamiento seres humanos humanos diseño construcción tratamiento robots seres inteligencia artificial ética máquinas
sagem sigma,sigma 1]​ sistema navegación inercial producido sagem aplicaciones artillería incluidos obuses múltiples lanzadores cohetes morteros cañones ligeros produce programas internacionales
scr-277,scr-277 sistema móvil radioayuda aeronaves empleado ejército unidos posteriormente reemplazado sistema an mrn-2
mecanismo sarrus,mecanismo sarrus inventado pierre frédéric sarrus permite transformar movimiento circular limitado movimiento rectilíneo necesidad guía auxiliar mecanismo sarrus mecanismo espacial
escalabilidad,anglicismo describe capacidad negocio sistema crecer magnitud.[1]​ palabra escalabilidad diccionario rae adjetivo cercano ampliable telecomunicaciones ingeniería informática escalabilidad término tomado
esquematismo,esquematismo forma representar objetos reales estilo caracterizado trazos simbólicos simplificados pretenden realistas dibujo resultante usualmente omite detalles irrelevantes información interesa
estudios ciencia tecnología sociedad,estudios sociales ciencia tecnología abarcan campo transdisciplinar estudios efectos culturales éticos políticos conocimiento científico innovación tecnológica.[1]​ colocan énfasis interpretación utilidades
revista científica,revista científica publicación periódica recoger progreso ciencia incluyendo informes investigaciones revistas altamente especializadas antiguas nature science publican artículos amplio rango
filtración discos,filtración discos tipo filtración usada sistema riego similar filtro pantalla cartucho filtro apilado fueran fichas póquer filtro disco cuerpo filtrado
registro lecho marino,método registro lecho marino conocido bed logging sbl método prospección offshore permite detectar presencia cuerpos resistivos subsuelo marino zonas aguas
revolución industrial,revolución industrial llama conjunto transformaciones socioeconómicas interrelacionadas produjeron periodo cambios sufrieron fuerte aceleración proceso industrialización cambió naturaleza crecimiento económico varió
superpotencia,superpotencia superpotencia refiere específicamente nación particular bloque naciones movimiento sociedad civil global llega enorme fuerza política visibilidad opinión pública término
sumidero invertido selectivo,sumidero invertido selectivo sis dispositivo mecánico utiliza combatir heladas controlar propagación olores polvo nieblas inventado rafael guarga ingeniero uruguayo rector
sensorama,sensorama máquina ejemplos conocidos inmersión multi sensoriales conocido tecnología multimodal morton heilig considerado especialista multimedia década vio teatro actividad abarcar
smpp,smpp abreviación inglés short message peer to peer protocol protocolo estándar telecomunicaciones pensado intercambio mensajes sms equipos gestionan mensajes smsc
central servicio mensajes cortos,central servicio mensajes cortos smsc siglas inglés short message service center elemento red telefonía móvil cuya función enviar recibir mensajes
doble rayo,doble rayo rayos láser utilizados propósito generar hologramas doble rayo rayo transporta información guardar holograma caso imagen holográfica rayo refleja
repetidor celular,repetidor celular amplificador señal celular inalámbrico llamado amplificador bidireccional bda industria telecomunicaciones inalámbricas dispositivo usado levantar señal teléfonos celulares área
silicon wadi,"área silicon wadi hebreo סיליקון ואדי,[1]​ siliqon wadi localizado llanura costera israel reúne alta concentración empresas alta tecnología,[2]​[3]​del silicon valley"
inglés simple,inglés simple simple english lengua controlada —esto idioma artificial basado simplificación vocabulario gramática lengua natural caso inglés)— empleado documentos manuales
reloj esqueleto,reloj esqueleto reloj mecánico ocasionalmente cuarzo partes mueven visibles exterior reloj frente posterior ó abertura definida fines reloj realmente esqueletizado
centro innovación skólkovo,centro innovación skólkovo инновационный центр сколково centro tecnología punta construir skólkovo región moscú rusia.[1]​[2]​[3]​ conoce apelativo silicon valley ruso
altavoz inteligente,altavoz inteligente altavoz inalámbrico dispositivo comando voz viene integrado asistente virtual inteligencia artificial altavoces inteligentes populares mercado encuentran echo amazon
modelo scot,modelo scot  siglas inglés social construction of technology conocido construcción social tecnología programa sociología tecnología proceso desarrollo tecnológico descrito
periodismo social,periodismo social socialisa sociedad sociedad bonita amigos sosialiso socializamiento socializasion salu2 amigos :3
servicio red social,servicio red social comunicación social permite establecer contacto personas sitio web conformado conjunto equipos servidores programas conductores transmisores receptores personas
software social,software social confundir software análisis redes sociales engloba conjunto herramientas comunicación facilitan interacción colaboración convenciones sociales propiamente aspectos programación herramientas
sistema sociotécnico,término sistema socio técnico originalmente usado designar interacción obrero máquina ambientes industrial extendido alcance abarcar complejas interacciones tecnología personas consecuencias
electroválvula,electroválvula válvula electromecánica diseñada controlar paso fluido conducto tubería válvula mueve bobina solenoide generalmente posiciones abierto cerrado electroválvulas multitud aplicaciones
sord is-11,sord is-11 ordenador portátil leve tamaño hoja papel a4 basado microprocesador z80 is-11 is acrónimo integrated software)[1]​ sistema operativo equipado
sistema refuerzo sonido,sistema refuerzo sonido consiste combinación micrófonos procesadores señal amplificadores altavoces aumentan intensidad sonidos pre grabados vivo distribuir sonidos audiencia grande
sousveillance,sousveillance /suːˈveɪləns/ grabación actividad participante actividad típicamente pequeñas tecnologías personales portátiles término sousveillance acuñado steve mann surge contraste palabras francesas
basura espacial,llama basura espacial chatarra espacial objeto artificial utilidad orbita tierra compone variadas restos cohetes satélites viejos restos explosiones restos componentes
ascensor espacial,ascensor espacial ascensor hipotético conecta superficie planeta espacio básicamente estación espacial órbita geosíncrona cable km llega suelo forma riel mantener
idioma español ámbito ciencia tecnología,lengua española utilizada amplia gama áreas ciencia tecnología número hablantes lengua española presenta prominencia escritura científica excepción humanidades estimación establece
especificación,término derecho véase especificación derecho)en áreas ingeniería manufactura término especificación representa documento técnico oficial establezca forma clara características materiales servicios
pantalla partida,pantalla partida muestra técnica computación gráfica consiste dividir gráficos texto partes adyacentes móviles típicamente áreas rectangulares permitir simultáneamente presentación usualmente
sgml,lenguaje marcado generalizado estándar sgml siglas inglés standard generalized markup language sgml iso estándar definir lenguajes marcado generalizados documentos iso
toro stanford,toro stanford diseño propuesto[1]​ hábitat espacial capaz albergar residentes permanentes.[2]​ consiste toroide diámetro gira minuto proveer gravedad artificial fuerza centrífuga
startram,startram propuesta sistema lanzamiento espacial basado tecnología maglev generación sistema permitiría lanzar cargas produciéndose lanzamiento cumbre montaña km altitud tubo
automóvil vapor,automóvil vapor presenta particularidad mueve motor vapor locomotoras vapor máquinas pesadas vapor venían funcionando normalmente siglo xix peso limitaba aplicaciones
motor estelar,motores estelares clase megaestructuras hipotéticas utilizan radiación estrella crear energía utilizable variantes utilizan energía producir empuje acelerar estrella orbitándola dirección
luz estructurada,luz estructurada proceso proyectar patrón conocido píxeles ocasionalmente rejillas barras horizontales escena patrón deforma golpea distintas superficies permite sistemas visión
manual estilo,manual estilo guía estilo libro estilo guía compuesta conjunto criterios preceptuados normas diseño redacción documentos utilizados redactores periódicos organizaciones publican
swiftkey,swiftkey método entrada dispositivos android ios tales teléfonos inteligentes  tabletas swiftkey utiliza mezcla tecnologías inteligencia artificial permiten predecir palabra
swisscom,swisscom empresa suiza telecomunicaciones telefonía telefonía móvil proveedor servicios internet
swype,swype software teclado virtual diseñado específicamente dispositivos electrónicos multitáctiles facilitar agilizar escritura texto mismos.[1]​ utilización corrección errores algoritmos modelos lenguaje
são carlos,são carlos español san carlos municipio brasileño são paulo localizado latitud ° 01'04 sur longitud ° 53'27 oeste estando altura
são josé campos,são josé campos san josé campos municipio são paulo brasil localizado vale do paraíba são josé campos considerado centro investigaciones
sumario,sumario conocido índice materias tabla contenido lista secciones tomos partes capítulos libro revista ordenadas sucesión aparecen documento indicando número página
project tango,project tango tecnología realidad aumentada hecha smartphones desarrollada google project tango tipos usuarios implementar tecnología actividades diarias lograrán visualizar quedarían
tekné,tékne técne téchne griego antiguo τέχνη designa producción fabricación material acción eficaz antigua grecia opone praxis aristóteles esfera acción propiamente
comunicación técnica,comunicación técnica proceso transmisión información técnica escritura medios comunicación público específico información útil público dirigida acción tomar decisión basada comunicadores
norma tecnología,normas documentos técnico legales siguientes características  contienen especificaciones técnicas aplicación voluntaria elaborados consenso partes interesadas fabricantes administraciones usuarios consumidores
traducción técnica,traducción técnica traducción escritos técnicos manuales propietario guías usuarios etc específicamente textos contienen alta cantidad terminología palabras frases virtualmente utilizadas
tecnocapitalismo,tecnocapitalismo combinación  palabra tecnología capitalismo refiere cambios capitalismo asociados aparición sectores tecnología corporaciones formas organización
tecnocultura,tecnocultura  neologismo diccionarios estándares utilizado comunidad académica  popularizado editores constance penley andrew ross libro ensayos nombre [1]​ refiere
tecnogaianismo,tecnogaianismo palabra portmanteau combina tecno- tecnología gaian filosofía gaia postura ecologista verde apoyo activo investigación desarrollo tecnologías emergentes futuras ayudar
progreso técnico,progreso técnico cambio tecnológico aumento cantidad producida alterar cantidad factores utilizados persona produce herramienta aumento producto atribuible progreso técnico llamamos
convergencia tecnológica,convergencia tecnológica tendencia sistemas tecnológicos evolución realización tareas similares convergencia expresión utiliza ámbito telecomunicaciones denominar redes sistemas servicios generan tales
determinismo tecnológico,determinismo tecnológico responde creencia tecnología capaz incidir directa positiva desarrollo socioeconómico grupo determinado contexto social.[1]​ teoría coloca tecnología eje central
distopía,distopía[nota 1]​ antiutopía sociedad ficticia indeseable misma.[1]​ sociedad distópica suele introducida novela ensayo cómic serie televisiva videojuego película
evolución tecnológica,evolución tecnológica nombre teoría estudios ciencia tecnología sociedad describir desarrollo histórico tecnología explicitada filósofo checo radovan richta.[1]​
sistemas innovación tecnológica,sistemas innovación tecnológica sistemas innovación tecnológicos  herramienta permite entender diferencias tasas progreso tecnológico países regiones traduce diferencias resultados económicos
revolución tecnológica,revolución tecnológica proceso historia ocurre cambio importante introducirse tecnologías implementación puesta marcha marca época progreso desarrollo innovación serie aspectos sociedad
sonambulismo tecnológico,sonambulismo tecnológico consiste ignorancia posee sociedad proceso cambio sufriendo humanidad tecnología creado langdon winner utilizado comúnmente filosofía tecnología dicha ignorancia
desempleo tecnológico,desempleo tecnológico fenómeno sistema monetario mercado actual avances tecnologías producción servicios introducen empresas maquinaria automatizada alto rendimiento coste plazo comparación
utopismo tecnológico,utopismo tecnológico conocido tecno utopismo tecnoutopismo refiere ideología basada creencia avances ciencia tecnología conducirán utopía ayudarán cumplir ideal utópico
tecnología,tecnología ciencia aplicada resolución problemas concretos constituye conjunto conocimientos científicamente ordenados permiten diseñar crear bienes servicios facilitan adaptación ambiente satisfacción
modelo aceptación tecnología,modelo aceptación tecnología conocido siglas inglés tam technology acceptance model teoría sistemas información modela usuarios llegan aceptar utilizar tecnología modelo
impacto tecnológico,impactos tecnológicos análisis influencia tecnología distintas sociedades positiva negativa neutra análisis actividad tecnológica identificar distintos focos tales impacto tecnológico cultura
educación tecnología,educación tecnología estudio tecnología estudiantes aprenden acerca proceso conocimiento relacionados tecnología.[1]​ campo estudio cubre habilidad humana formar cambiar mundo físico
anticipación tecnológica,anticipación tecnológica contextos léase anticipación numérica anticipación digital anticipación prospectiva inglés tecnologic foresight”;[1]​ francés veille technologique”[2]​ consiste informarse ordenada sistemática
política tecnológica,política tecnológica  conformada arreglos públicos realizados consideración tecnología permitir desarrollo torno capacidades optimización capacidades tomando principal meta aplicación función
tecnofilia,"tecnofilia griego τέχνη technē arte habilidad oficio""[1]​ φιλία philia amistad""[2]​ afición tecnología dispositivos relacionados generalmente computadoras informáticos móviles.[3]​en caso personas"
tecnopolis gúsev,tecnopolis ciudad gúsev  proyecto creación moderno complejo producción industria electrónica provincia kaliningrad
estudios tecnohumanos,estudios tecnohumanos technoself comúnmente conocidos tss dominio emergente interdisciplinar investigación académica ocupa aspectos identidad humana sociedad tecnológica[1]​ centra naturaleza cambiante
tecnosexual,"término tecnosexual griego τέχνη technē arte habilidad oficio""[1]​ latín sexuālis- sexual""[2]​ referencia tendencia moda tipo fetichismo referencia personas poseen fuerte"
bulevar teherán,confundirse teheránteheranno coreano bulevar teherán calle distrito gangnam gu seúl corea sur extiende estación gangnam yeoksam dong samseong dong conoce
telecentro,telecentro público encuentro aprendizaje cuyo propósito ampliar oportunidades desarrollo grupos comunidades situación vulnerabilidad facilitándoles acceso efectivo tic espacios gente utilizar
usuario telefonía,tup telephone user part usuario telefonía versión internacional isup robusta protocolo ss7 utilizado administraciones europeas control básico conexión soportado redes
teststand,teststand coordinador pruebas configurable modular distribuido national instruments
tethering,denomina anclaje red tethering proceso dispositivo móvil conexión internet actúa pasarela ofrecer acceso red dispositivos cualesquiera asumiendo dispositivo móvil papel
the age of plastic,the age of plastic álbum estudio grupo británico the buggles publicado noviembre álbum conceptual diversos temas intensa nostalgia ansiedad posibles
ideología californiana,ideología californiana expresión designa conjunto creencias acuñaron combina actitudes bohemias antiautoritarias contracultura década utopismo tecnológico apoyo liberalismo económico creadores dicha
,declive fuerza global nacimiento posmercado libro ensayo economía escrito economista estadounidense jeremy rifkin autor plantea inevitable reducción jornada laboral -como
ola,ola libro publicado alvin toffler aire futurista basa historia humanidad describir configuración tomará mundo superada industrial significa superación ideologías modelos
funcionan,funcionan the way things work libro escrito ilustrado david macaulay busca servir introducción entretenida funcionamiento máquinas usadas vida cotidiana cubre
thumbcast,thumbcasting método envío contenidos tales audio vídeo fotos texto teléfono móvil dispositivo móvil sms wap push método entrega digital
intel tick tock,tick tock tictac español modelo adoptado fabricante chips intel corporation seguir cambio microarquitectura contracción tecnología proceso fabricación tic contracción tecnología
cerradura,cerradura candado inglés timelock forma mecanismo bloqueo normalmente bóvedas acorazadas bancos contenedores alta seguridad  cerradura temporizador diseñado evitar apertura
mapas tópicos,mapas tópicos instrumentos representación mapas conocimiento elemento básico nodo representa concepto elemento relaciona temas asociaciones tópico relacionado ocurrencias recursos externos
transhumanismo,transhumanismo abreviado h+ h+ movimiento cultural intelectual internacional objetivo transformar condición humana desarrollo fabricación tecnología ampliamente disponibles mejoren capacidades humanas
pedal oscilante,"pedal oscilante  mecanismo accionado pies impulsar máquina,[1]​ produciendo movimiento alternativo directo telar transformándose rotación máquina coser generalización motores eléctricos"
grúa rueda,grúa rueda latín magna rota grúa madera tracción humana utilizada época romanos edad media construcción castillos catedrales cargas pesadas elevadas
fundíbulo,fundíbulo conocido lanzapiedras trabuquete almajaneque arma asedio medieval empleada destruir murallas lanzar proyectiles muros piensa inventado china siglos iii a
teoría unificada aceptación tecnología,teoría unificada aceptación tecnología unified theory of acceptance and use of technology utaut modelo aceptación tecnología formulado venkatesh et user
usabilidad,neologismo usabilidad[1]​[2]​ inglés usability —facilidad uso— refiere facilidad personas utilizar herramienta particular objeto fabricado humanos alcanzar objetivo concreto.[3]​ usabilidad referirse
diseño centrado usuario,diseño centrado usuario filosofía diseño objeto creación productos resuelvan necesidades concretas usuarios finales consiguiendo satisfacción experiencia mínimo esfuerzo toma forma
guía usuario,guía usuario conocida manual usuario documento comunicación técnica destinado asistencia personas utilizan sistema particular.[1]​ documento redactado escritor técnico programadores sistema
persona experiencia usuario,diseño centrado usuario marketing personas personajes imaginarios creados representar tipos usuarios sitio web marca producto similar.[1]​  vendedores personas segmentación
niebla útil,niebla útil inglés utility fog conocida material inteligente polimorfo inglés polymorphic smart material término sugerido dr john storrs hall describir
vcdhd,vcdhd versatile compact disc high density disco óptico estándar similar cd dvd nombre tecnología similar inferior arbitrariamente vcd comercializa nombre
control versiones,llama control versiones gestión diversos cambios realizan elementos producto configuración versión revisión edición producto desarrollo modificación sistema control versiones realizarse
videochat,videochat variación servicios tradicionales ch at permite comunicación internet usuarios capacidades audio video acercamientos implementación videochat siguiendo estilo principales modos
entorno virtual aprendizaje,entorno virtual aprendizaje eva ambiente virtual aprendizaje ava  virtual learning environment vle aplicación informática diseñada facilitar comunicación pedagógica participantes
videoblog,"videoblog[1]​ galería clips videos ordenada cronológicamente publicados autores autor autorizar usuarios añadir comentarios vídeos galería español vlog blog pronunciarían igual,[2]​"
voz lte,volte acrónimo voz lte inglés voice over lte basa subsistema multimedia ip ims red perfiles específicos control planes multimedia servicio
disco oro voyager,disco oro voyager titulado inglés the sounds of earth español sonidos tierra disco gramófono acompaña sondas espaciales voyager lanzadas tardarán
cámara web,cámara web cámara red[1]​ inglés webcam pequeña cámara digital conectada computadora capturar imágenes transmitirlas internet página web computadoras forma privada
libro blanco,libro blanco documento publican gobiernos determinados casos informar órganos legislativos opinión pública.[1]​ objetivo ayudar lectores comprender tema resolver afrontar problema
animación pizarrón,animación pizarra blanca proceso autor dibuja graba físicamente historia ilustrada utilizando pizarrón blanco -o similar- rotuladores superficie marcadores- animadores ayuda
interferómetro campo warp white juday,interferómetro campo warp white juday banco pruebas detectar pequeña instancia microscópica burbuja warp crear grupo investigación centro espacial lyndon b
ley wirth,informática conoce ley wirth proposición enunciada niklaus wirth inglés conocen variantes sepa ciencia original software gets slower faster than hardware
mujeres informática,preocupación mundial papel actual futuro mujeres tareas computación adquirió importancia aparición información preocupaciones motivaron organización debates públicos igualdad género verse
mundial telecomunicaciones sociedad información,mundial telecomunicaciones sociedad información objetivo sensibilizar posibilidades internet tecnologías información comunicación tic ofrecer sociedades economía fomentar necesidad reducir brecha digital
reloj mundial,reloj mundial reloj muestra zonas horarias mundo décadas relojes mundiales consulta público colocan instalaciones estén lugares paso particular digitales pulsera
extensible markup language,xml siglas inglés extensible markup language traducido lenguaje marcado extensible lenguaje marcas extensible meta lenguaje permite definir lenguajes marcas desarrollado
exoarqueología,exoarqueología rama exobiología encarga búsqueda civilizaciones extraterrestres hubieran podido dejar rastro arqueológico tierra marte yacimiento tipo podido confirmar forma oficial
yokneam,yokneam illit hebreo יָקְנְעָם עילית llamada yoqne'am illit jokneam illit ciudad norte israel situada sureste haifa región montañosa baja galilea
zero rating,zero rating llamado tasa cero tarifa cero práctica operadoras telefonía móvil operadores móviles virtuales cobrar clientes finales volumen datos usado
zhaoxin,zhaoxin shanghai zhaoxin semiconductor co ltd 兆芯[1]​ empresa fabrica encargo semiconductores creada emprendimiento conjunto via technologies gobierno municipal shanghai.[2]​ compañía
zhongguancun,zhongguancun chino 中关村 pinyin zhōngguāncūn zhong guan cun centro tecnológico situado distrito haidian pekín china situado noroeste ciudad pekín cuarta
