ligne kbit,télécommunications ligne kbit connexion numérique capable transmettre kilobits seconde kbit débit canal classique ligne téléphone numérique amérique nord lignes considérées
alto xml,alto analysed layout and text object standard xml permettant compte mise page physique structure logique texte transcrit reconnaissance optique caractères
radar an apq-13,radar an apq-13 radar observation sol mis point laboratoires bell western electric company massachusetts institute of technology mit version améliorée
hughes an asg-18,hughes an asg-18 prototype radar contrôle tir développé origine intercepteur xf-108 rapier united states air force hughes aircraft
astm international,astm international organisme normalisation rédige produit normes techniques matériaux produits systèmes services fondé états-unis direction charles benjamin dudley portait nom
progrès accéléré,domaines futurologie histoire techniques progrès accéléré accelerating change perception augmentation taux accélération progrès technique cours histoire augmentation appuyée empiriquement observation
across the universe message,across the universe message radio interstellaire transmis février 00h00 utc nasa étoile polaris message constitué chanson across the universe groupe
théorie acteur réseau,théorie acteur réseau connue abréviation ant actor network theory sociologie traduction approche sociologique développée partir années  michel callon bruno
éolipyle,éolipyle éolipile lat æolipila boule éole sphère vent machine vapeur réaction conçue héron alexandrie ier siècle ap j -c
air data inertial reference unit,air data inertial reference unit adiru composant essentiel air data inertial reference system adirs système fournissant informations vitesse altitude référents
ajeeb,ajeeb automate joueur échecs créé charles hooper présenté royal polytechnical institute instar turc mécanique agit réalité dissimulée manipule pièces spectacles
métrique alcubierre,métrique alcubierre également connue nom propulsion alcubierre alcubierre drive commande chaîne métrique proposée physicien mexicain miguel alcubierre métrique solution équations
american national standards institute,american national standards institute ansi litt institut national normalisation américain organisme privé but lucratif supervise développement normes produits services procédés
sciences égypte antique,science égypte antique jouit grand prestige temps anciens montre haut degré développement civilisation ampleur connaissances seshat déesse écriture astronomie astrologie
mouvement antinucléaire,mouvement antinucléaire désigne ensemble personnes organisations  associations syndicats partis politiques opposent générale utilisation énergie nucléaire  opposition étendre bombe
mouvement antinucléaire,mouvement antinucléaire désigne ensemble personnes organisations  associations syndicats partis politiques opposent générale utilisation énergie nucléaire  opposition étendre bombe
apple watch series,apple watch series génération modèle apple watch présentée septembre
interface programmation,informatique interface programmation applicative désignée terme api application programming interface ensemble normalisé classes méthodes fonctions sert façade logiciel offre services
physique appliquée,physique appliquée branche physique intéresse étude applications industrielles point vue équipement secteurs primaires secondaires moteur machine usinage transformateur poste soudage
message arecibo,message arecibo message radio émis espace occasion transformation radiotélescope arecibo envoyé novembre amas globulaire m13 communément appelé amas hercule trouve
empathie artificielle,empathie artificielle décrit robots interfaces soient développés sorte aient développent aspects empathie humaine tentatives mettre point robots remontent années systèmes
intelligence artificielle#intelligence artificielle forte,intelligence artificielle ia ensemble théories techniques mises œuvre vue réaliser machines capables simuler intelligence correspond ensemble concepts technologies discipline autonome
intelligence artificielle,intelligence artificielle ia ensemble théories techniques mises œuvre vue réaliser machines capables simuler intelligence correspond ensemble concepts technologies discipline autonome
utérus artificiel,utérus artificiel appelé matrice artificielle dispositif théorique ectogénèse grossesse extracorporelle savoir croissance embryon fœtus corps organisme femelle mènerait normalement embryon
assisted gps,assisted gps gps technique améliorer positionnement satellites gps introduit améliorer réactivité gps nom gps assisté système gps repose table éphémérides
horizon artificiel,horizon artificiel indicateur assiette instrument bord mesure assiette aéronef rapport horizon porte également désignation technique indicateur vertical sphérique ivs langage
système identification automatique,système identification automatique sia automatic identification system ais anglais système échanges automatisés messages navires radio vhf navires systèmes surveillance trafic
aviation industry cbt committee,aviation industry cbt committee aicc association internationale professionnels formation axée technologie aicc développe lignes directrices industrie aéronautique développement livraison évaluation
voie véhicule,voie distance roues essieu faut confondre voie largeur véhicule dimension carrosserie précisément voie mesure distance centres zones contact roues essieu
b2mml,b2mml business to manufacturing markup language vocabulaire xml utilisé décrire échanges information systèmes informatiques chargés gestion contrôle production industrielle b2mml
anglais basic,anglais basic british american scientific international commercial sous-ensemble restreint mots langue anglaise forme nouvelle langue anglais simplifié fruit stratégie explicite
bassinoire,bassinoire chauffe-lit ancien ustensile ménager trouvait campagne années europe agissait petite bassine couvercle perforé métal principalement cuivre bon conducteur chaleur
berkman klein center for internet society,berkman center for internet society littéralement centre berkman internet société centre recherche université harvard traite essentiellement étude cyberespace créé faculté
clé berlinoise,clé berlinoise allemand durchsteckschlüssel berliner schlüssel doppelschlüssel type clé serrure propre ville berlin allemagne particularité posséder pannetons parties destinées actionner
citerne souple,citerne souple moyen stockage souple liquides appelée réservoir souple bâche souple poche souple cuve souple fois remplie ressemble gros oreiller
cerveau cuve,philosophie cerveau cuve brain in vat anglais expérience pensée imaginée hilary putnam inscrit cadre position sceptique forme modernisée expérience dieu
lavage cerveau,expression lavage cerveau regroupe procédés faculté reconditionner libre arbitre individu modification cognitive peut-être physiologique neurologique cortex cérébral procédés distinguer types
bricolage,bricolage regroupe communément occupations exercées cadre professionnel amateur liées création amélioration réparation entretien choses matérielles habile mains bon bricoleur inverse
richard buckminster fuller,richard buckminster fuller né juillet milton massachusetts mort 1er juillet los angeles architecte designer inventeur écrivain futuriste américain fuller publié
collecteur bussard,méthode propulsion vaisseau spatial statoréacteur bussard proposée physicien robert w bussard agit variante fusée fusion capable vol spatial interstellaire rapide
continuous acquisition and life cycle support,cals continuous acquisition and life cycle support initiative département défense états-unis vue gérer documentation militaire informations liées forme électronique sigle
modèle table cals,modèle table cals standard représentation tables sgml xml développé cadre initiative cals département défense états-unis
robot sexuel,robot sexuel sex robot anglais sexbot version hypothétique robot anthropomorphique destiné permettre connexion émotionnelle humain robot gratifier utilisateur plaisir sexuel
voiture hippomobile,voiture hippomobile appelée simplement hippomobile désigné hyperonyme voiture véhicule muni roues traction assurée chevaux équidés  poneys ânes mules mulets
catapulte,catapulte machine guerre utilisée lancer projectiles grande distance emploi explosif point engins siège usage antiquité moyen âge apparentée baliste projetait
acier cémentation,acier cémentation  désigne métal issu procédé historique transformation fer acier cémentation pénétrant profondément métal différence cémentation moderne cherche durcir
,plateforme pétitions ligne site web administré entreprise américaine inc regroupe millions utilisateurs organise campagnes commanditées organisations travers monde sociétés virgin
changelog,changelog anglicisme journal modifications liste modifications généralement présentées ordre décroissant commit groupées version distribué fichier logiciel inclus documentation placé portail
mécanisme lambda tchebychev,mécanisme lambda tchebychev mécanisme barres convertit mouvement rotation mouvement rectiligne approximatif approximativement vitesse constante partie trajectoire point sortie exemple droite
chambre chinoise,terme chambre chinoise désigne expérience pensée imaginée john searle searle demandait programme informatique complexe donner esprit système expérience pensée vise
christian huitema,christian huitema né janvier nantes avril juillet président non-américain iab internet architecture board
journalisme citoyen,journalisme citoyen aspect média civique utilisation outils communication apportés internet site web blog forum wiki millions particuliers monde moyens création
civic tech,civic tech abréviation civic technology technologie civique représente ensemble procédés outils technologies permettent améliorer système politique gouvernements tentent approprier technologie
bouclier occulteur,liste détaillée expliquant mots jargon star trek commençant lettres requérant article détaillé parenthèses indiqué équivalent anglais
comparaison lanceurs lourds, comparaison lanceurs lourds présente principales caractéristiques lanceurs  capables placer kg tonnes orbite basse
comparaison lanceurs spatiaux,article consacré comparaison principales familles lanceurs opération retirées service développés pays disposant programme spatial légende
comparaison moteurs-fusées,article consacré comparaison moteurs-fusées opération développement retirés service  légende
ordinateur,ordinateur système traitement information programmable défini turing fonctionne lecture séquentielle ensemble instructions organisées programmes exécuter opérations logiques arithmétiques structure physique
programmation informatique,domaine informatique programmation appelée codage ensemble activités permettent écriture programmes informatiques étape importante développement logiciels voire matériel écrire programme utilise
gestion configuration,gestion configuration consiste gérer description technique système composants gérer ensemble modifications apportées cours évolution système termes agit ensemble processus permettant
consumer electronics hall of fame,consumer electronics hall of fame créé consumer electronics association cea récompense leaders créativité persévérance détermination charisme influencé industrie électronique ménager
système gestion contenu,système gestion contenu sgc content management system cms anglais famille logiciels destinés conception mise jour dynamique sites web applications multimédia
vocabulaire contrôlé,vocabulaire contrôlé lexique but organisation connaissances optimiser recherche information vocabulaire contrôlé utilisé schémas servant indexation sujet vedettes matières thésaurus taxinomies
cosmic call,cosmic call nom séries messages radio interstellaires envoyés cosmic call cosmic call radiotélescope eupatoria projet financé startup texane team encounter
courrèges zooop,courrèges zooop voiture électrique créée coqueline courrèges épouse couturier andré courrèges kw ch monte km faire km bulle voiture 
destruction créatrice,destruction créatrice désigne processus continuellement œuvre économies voit produire simultanée disparition secteurs activité économique conjointement création nouvelles activités économiques expression
technocritique,forgé ingénieur philosophe français jean-pierre dupuy néologisme technocritique définit courant pensée axé critique concept progrès technique considéré idéologie née xviiie
financement participatif,financement participatif crowdfunding anglais sociofinancement canada expression décrivant outils méthodes transactions financières appel grand nombre personnes financer projet mode financement
masse vide ordre marche,masse vide ordre marche véhicule masse incluant  consommables carburant niveau prédéfini eau potable gaz autocaravanes fluides fonctionnels huile outillages
théorie chat mignon,théorie chat mignon activisme numérique théorie  développée ethan zuckerman décrivant activisme censure internet chats mignons désignant activités ligne faible
cyberdissident,cyberdissident dissident utilise médias cyber-espace communément internet mot académique trouve orthographe cyber dissident cyber-dissident utilisé signifier contourne censure internet retrouve
daedeok innopolis,daedeok innopolis centre recherche situé arrondissement yuseong ville daejeon corée sud daedeok innopolis né suite formation pôle compétence créé président
darwin information typing architecture,architecture darwin information typing architecture dita littéralement architecture darwinienne information typée norme rédaction modulaire structurée dédiée développement conception publication information
métadonnée,métadonnée mot composé préfixe grec meta indiquant auto référence mot signifie proprement donnée propos donnée donnée servant définir décrire donnée
littératie données,littératie données terme anglais data literacy culture données capacité identifier collecter traiter analyser interpréter données comprendre phénomènes processus comportements générées
mail,mail moyen communication permettre échange donnée confidentielles contractuelles internet mail projet gouvernement allemand partenariat fournisseurs services but permettre réduction coûts
département affaires innovation compétences,département affaires innovation compétences department for business innovation and skills bis ancien département exécutif gouvernement britannique dirigé secrétaire état affaires
accès internet ligne commutée,accès ligne commutée accès internet ligne commutée mode accès internet biais réseau téléphonique commuté utilisateur connecte grâce modem branché périphérique
développement technologique différentiel,développement technologique différentiel stratégie proposée philosophe transhumaniste nick bostrom sociétés influenceraient ordre  développement nouvelles technologies retardant présentant risques accélérant
anthropologie numérique,anthropologie numérique appelée anthropologie digitale référence terme anglo-saxon étude relation homme technologie ère numérique croisée domaines anthropologie technologie champ recherche
internet citoyen,expression internet citoyen apparue france occasion appel g7 lancé collectif sociologues philosophes nom vecam veille européenne citoyenne autoroutes information multimédia
désintoxication numérique,désintoxication numérique réfère période temps abstient utilisation dispositifs connexions électroniques smartphones ordinateurs considéré opportunité réduire stress concentrer interactions sociales monde
fracture numérique géographique,fracture numérique disparité accès technologies informatiques internet recouvre clivage info émetteurs info récepteurs disparité fortement marquée part pays riches pays
histoire numérique,histoire numérique consiste utilisation outils numériques analyse computationnelle profit sciences historiques dimension recherche vulgarisation branche humanités numériques produit croisé histoire
immortalité numérique,immortalité numérique concept transférer mémoire humain machine veut dmitry itskov ici
journalisme ligne,journalisme ligne forme journalisme utilisant internet principal support biais versions électroniques médias traditionnels journaux ligne
habileté numérique,habileté numérique appelée alphabétisation numérique composante éducation médias référence capacité individu trouver évaluer produire communiquer informations claires biais écriture formes
enfant numérique,enfant numérique natif numérique québec grandi environnement numérique terme issu expression anglaise digital native né fin années début années enfant
dispositif(s,dispositif sens philosophique notion théorisée penseurs xxe xxie siècle décrire mode gouvernance stratégique action dispositif instaure rapports force orienter bloquer
technologie rupture,technologie rupture innovation rupture rupture technologique innovation technologique porte produit service finit remplacer technologie dominante marché disparition technologie existante fera
docbook,docbook langage balisage sémantique documentation technique origine prévu écrire documentation technique portée domaine informatique matériel logiciel utilisé type documentation langage
électronique domestique,électronique domestique ensemble appareils utilisant électronique exigeant programmation occupant lieu vie humaine appartement maison etc convergences domotique adaptée pilotage fonctions
sphère dyson,sphère dyson mégastructure hypothétique décrite physicien mathématicien américano-britannique freeman dyson court article publié revue science intitulé search for artificial stellar
ean,ean code-barres ean chiffres système global établi european article numbering identification univoque objets  forme codes barres numéros lus scanner
ermes,ermes european radio messaging system enhanced radio messaging system système européen radiomessagerie
primo adoptant,primo adoptant anglais early adopter client précoce produit technologie terme provient livre diffusion of innovations everett rogers généralement primo adoptant
electronic business using extensible markup language,ebxml prononcer bi ix em el ebusiness prononciation bé ix em el répandue abréviation anglais electronic business using extensible markup
électrotechnique,électrotechnique rapporte applications pratiques électricité science étudiant applications concerne exemple production transport distribution traitement transformation gestion utilisation énergie électrique appelée
transfert électronique fonds,transfert électronique fonds tef anglais electronic funds transfer eft transfert électronique argent compte bancaire institution financière institutions systèmes informatiques intervention
electronic serial number,electronic serial numbers esn identifiant téléphones mobiles mis défini normalisé federal communications commission fcc américaine début années premiers temps amps
nouvelles technologies,nouvelles technologies désignent domaines évolutifs techniques pouvant accessible rapports hommes machines  sens large haute technologie sens étroit nouvelles techniques
description archivistique encodée,description archivistique encodée anglais encoded archival description ead standard encodage instruments recherche archivistiques basé langage xml maintenu société archivistes américains
ingénierie,ingénierie ensemble  fonctions mènent conception études achat contrôle fabrication équipements construction mise service installation technique industrielle extension terme utilisé
erewhon,erewhon côté montagnes erewhon or over the range roman utopique samuel butler publié anonymement erewhon anagramme presque anacyclique nowhere nulle
eurosignal,eurosignal ancien système européen radiomessagerie service émissions réalisées mhz fm modulation caractéristique audible récepteurs grand public radio fm
foire questions,foire questions rétroacronymie partir acronyme anglais faq frequently asked questions littéralement questions fréquemment posées liste synthèse questions posées manière récurrente
fleksy,fleksy clavier virtuel disponible ios android créé société syntellia particularité respecter vie privée utilisateurs personnalisable rapide clavier disponible langues fleksy
protection domaine vol,protection domaine vol extension interface système contrôle vol aéronef empêche pilote faire manœuvres forceraient aéronef dépasser limites structurelles aérodynamiques protection
poire niveau,poire niveau interrupteur flotteur dispositif suspendu au-dessus plan eau liquide moyen câble électrique souple constitué fils isolés détecter niveau eau
organigramme programmation,organigramme programmation appelé algorigramme logigramme ordinogramme représentation graphique normalisée enchaînement opérations décisions effectuées programme ordinateur
netbeui,netbeui netbios extended user interface protocole réseau non-routable réseau local utilisé ordinateurs utilisant anciennes versions microsoft windows
français fondamental,français fondamental liste mots indications grammaticales élaborée début années vue enseignement français étrangers populations union française france souhaitait améliorer diffusion
free line dictionary of computing,free line dictionary of computing également connu acronyme foldoc dictionnaire encyclopédique ligne traitant sujets informatiques créé denis howe éditeur chef
french tech,french tech label français attribué pôles métropolitains reconnus écosystème startups marque commune utilisable entreprises innovantes françaises french tech vise donner
choc futur,choc futur livre sociologue futurologue alvin toffler publié choc futur version étendue article éponyme publié toffler février horizon livre traduit
planche bord écran,planche bord écran terme désignant postes pilotage modernes instruments aiguille analogiques remplacés écrans regrouper maximum informations surface visualisation diminuer charge
train gravitationnel,boris vian connu proposé idée digne alphonse allais construire plan incliné paris lyon pouvoir moteur échange courriers lecteurs scientific american
livre vert rapport,livre vert rapport officiel renfermant ensemble propositions destinées discutées vue élaboration politique livres verts contiennent éventail idées destinées alimenter débat
littérature grise,littérature grise correspond documents produits instances publiques commerciales industrielles soumis règles propriété intellectuelle contrôlés édition commerciale
chronologie énergie solaire photovoltaïque,développement énergie solaire photovoltaïque connaît croissance exponentielle ans échelle mondiale partir années énergie solaire photovoltaïque évolué simple marché niche source
hd nvd,hd nvd next generation versatile disc format disque optique haute définition produit janvier chine uniquement marché national lisible dvd hd
hypertext markup language,hypertext markup language généralement abrégé html langage balisage conçu représenter pages web langage permettant écrire hypertexte nom html également structurer
hacktivisme,hacktivisme mot-valise contraction hacker activisme appelé cyberactivisme québec forme militantisme utilisant compétences piratage informatique but favoriser changements politiques sociétaux terme
handover,handover transfert intercellulaire mécanisme fondamental communications mobiles cellulaires gsm cdma umts lte exemple handover désigne ensemble opérations mises œuvre permettre
langage description matériel,langage description matériel matériel hdl hardware description language anglais langage informatique permettant description circuit électronique décrire fonctions réalisées circuit description
hashgraph,hashgraph blockchain technologie stockage transmission informations organe contrôle techniquement agit base données distribuée basée techniques gossip about gossip virtual voting
manuels haynes,haynes série manuels pratiques publiés éditions haynes intention professionnels réparation automobile bricoleurs compétents série couvre large gamme modèles voitures modèles
commande help,informatique help instruction accéder aide commandes instruction disponible interpréteur commande systèmes systèmes unix gnu linux utilise commande man obtenir aide
outils conception aide ligne,outil conception aide ligne logiciel utilisé créer manuels aide ligne
techniques pointe,techniques pointe abusivement hautes technologies technologies pointe connues anglicisme high-tech high technology techniques considérées avancées époque donnée faiblement employé années
histoire gaz manufacturé,histoire gaz manufacturé rapporte période précédé avènement électricité villes furent éclairées ensuite chauffées gaz manufacturés c'est-à-dire fabriqués distillation usines gaz
histoire techniques,histoire techniques étude réalisations techniques homme contexte apparition répercussions société lecture courante histoire progrès techniques répondent nécessités économiques militaires sociales
histoire télescope,télescope instrument optique destiné principalement observation astronomique suite travaux opticien giambattista della porta premiers télescopes pratiques produits venus attention public
histoire mesure temps,histoire mesure temps remonte premières civilisations égypte chine mesure temps rapidement préoccupation importante organiser vie  sociale religieuse économique sociétés
mécanisme hoeckens,mécanisme hoeckens mécanisme barres convertit mouvement rotation mouvement rectiligne approximatif nommé karl hoecken exemple passe moitié cycle partie quasi rectiligne
homekit,homekit logiciel développé apple utilisateurs configurer appareil ios contrôler objets connectés maison intelligente créer pièces scénarios actions automatiques utilisateur contrôler
honeywell agt1500,honeywell agt1500 anciennement lycoming agt1500 turbomoteur américain conçu propulser chars combat mise service accumulé millions miles utilisation
bac évaporation#instrumentation connexe,bac évaporation évaporomètre constitué bassin bac eau grande surface profond mesure changement niveau eau dû évaporation bassins mètres diamètre cm
howto,howto anglais how to faire document court décrivant réaliser tâches généralement créés but aider expérimentés volonté simplification mettent côté détails
parc scientifique hsinchu,parc scientifique hsinchu chinois traditionnel 新竹科學工業園區 pinyin xīnzhú kēxué gōngyè yuánqū dénomination officielle parc industriel scientifique hsinchu parc scientifique créé
cycle hype,cycle hype cycle hype traduction littérale anglais hype cycle agit essentiellement courbe décrivant évolution intérêt nouvelle technologie terme  hype
hyperréalité,sémiotique philosophie post-moderne utilise terme hyperréalité confondre surréalisme hyperréalisme décrire symptôme culture postmoderne évoluée hyperréalité caractérise conscience interagit réalité conscience
iphone 1re génération,iphone edge modèle 1re génération iphone société apple annoncé janvier commercialisé partir juin états-unis partir novembre royaume-uni france juillet suisse
iso tc,iso tc comité technique organisation internationale normalisation iso créé nom isa dû cesser activés seconde guerre mondiale recommencé fonctionner nom
iso,norme internationale iso ics no définit formats papier normalisés iso formats utilisés plupart pays exception états-unis canada norme définit format
révolution industrielle,révolution industrielle processus historique xixe siècle basculer manière rapide pays régions société dominante agraire artisanale société commerciale industrielle transformation tirée
navigation inertielle,navigation inertielle technique utilisant capteurs accélération rotation déterminer mouvement absolu véhicule avion missile sous-marin avantage totalement autonome
architecture information,architecture information abréviée archinfo art science exprimer modèle concept information utilisé activités exigeant détails explicites systèmes complexes activités retrouve systèmes
technologie information,technologie information ti désigne domaine traitement information contexte professionnel domaine soumis accord libre échange omc numérisation systèmes communication compte intégration
infrastructure,infrastructure ensemble éléments interconnectés fournissent cadre supporter totalité structure terme utilisé abstraite exemple outils ingénierie informatique quelquefois décrits partie infrastructure
innovation sciences développement économique canada,innovation sciences développement économique canada anciennement industrie canada ministère gouvernement canada chargé politique économique ministre industrie actuel honorable navdeep bains
design numérique,design numérique également appelé design interaction design interactif définit structures comportements systèmes interactifs
organisation internationale normalisation,organisation internationale normalisation nom court iso choisi identique langues exemple normalisation organisme normalisation international composé représentants organisations nationales normalisation pays
internationalization tag set,its internationalization tag set jeu éléments attributs conçu faciliter internationalisation localisation documents xml norme its identifie concepts importants internationalisation localisation
internationalisation informatique,internationalisation logiciel abrégé i18n représente nombre caractères internationalisation consiste préparer adaptation langues cultures contrairement régionalisation nécessite compétences linguistiques agit traduire
cybermilitantisme,terme cybermilitantisme cyberactivisme désigne formes militantisme pratiqués internet
invention téléphone,invention téléphone résultat travail personnes marqué ensemble procédures judiciaires fondé revendications brevets personnes sociétés
anneau fer martelé,anneau fer martelé connu iron ring anglais anneau symbolique porté ingénieurs canadiens anneau remis rite engagement ingénieur symbolise engagement propriétaire
métier jacquard,métier jacquard métier tisser mis point lyonnais joseph marie jacquard système mécanique programmable cartes perforées
john holdren,john holdren né 1er mars professeur sciences environnement université harvard spécialiste dangers liés armes nucléaires essayiste américain
kinéscope,kinéscope dispositif permettant enregistrer pellicule film généralement mm image apparaît moniteur vidéo copie produite cinégramme kinéscope perdu intérêt invention magnétoscope
kista,kista district ville stockholm suède située nord-ouest centre stockholm kista traversée desservie ligne métro reliant kungsträdgården akalla kista située minutes
base connaissance,base connaissance regroupe connaissances spécifiques domaine spécialisé donné forme exploitable ordinateur contenir règles cas base règles faits représentations contient règles
cinématique longue distance,cinématique longue distance long range kinematic anglais lrk technique positionnement satellites basée utilisation mesures bi fréquence ondes porteuses signaux émis
lte réseaux mobiles,lte long term evolution évolution normes téléphonie mobile gsm edge cdma2000 td scdma umts norme lte définie consortium 3gpp considérée
lte advanced,lte advanced norme réseau téléphonie mobile 4e génération définie organisme normalisation 3gpp partie gigabit wimax technologies réseaux retenues union internationale
étuve laboratoire,étuve laboratoire appareil chauffage fonctionnant pression atmosphérique vide gaz neutre permettant effectuer traitements thermiques température régulée laboratoires analyse recherche pourvus
macro système technique,macro-système technique système technique taille complexité importante notion macro-système technique fonde départ thèses historien thomas parke hughes exposées ouvrage titre
phare automobile,phares automobiles projecteurs lumière destinés éclairage route empruntée véhicule nuit constituant éclairage standard automobiles servent véhicule facilement visible temps pluie
télérupteur,télérupteur  comporte interrupteur circuit électrique alimentation circuit exemple circuit éclairage boutons poussoirs dispositif commande remplace montages va-et-vient lorsqu' points
boucle lancement,boucle lancement système proposé lancement objets orbite décrire simplement câble placé gaine fixée sol extrémités suspendue au-dessus atmosphère plupart trajet
lawrence lessig,lawrence lessig né juin rapid city dakota sud juriste américain notoriété internationale professeur droit c wendell and edith m carlsmith
learning object metadata,learning object metadata lom  schéma description ressources enseignement apprentissage lom utilisé décrire ressources numériques numériques techniquement nom ieee lom
système hérité,système hérité système patrimonial legacy system anglais matériel logiciel continuant utilisé organisation entreprise administration supplanté systèmes modernes obsolescence systèmes criticité
legaltech,legaltech français technologie juridique technologie service droit notion issue anglais legal technology référence usage technologie logiciels offrir services juridiques régis
lifestreaming,lifestreaming acte documenter partager aspects expériences sociales quotidiennes ligne biais site web rassemble choses choisit publier photos tweets vidéos présentées
table lumineuse,table lumineuse table travail constituée vitre éclairée par-dessous utilisée domaine arts graphiques travailler documents transparents translucides destination table lumineuse dimensions
linuxfr,site francophone communautaire traitant actualité informatique liée logiciel libre fondé juin alimenté communauté utilisateurs manière contributive site également appelé linux
refroidissement liquide,refroidissement liquide refroidissement liquide faire référence  utilisation liquide refroidissement évacuer chaleur refroidissement liquide moteur explosion refroidissement liquide ordinateur refroidissement
liste produits canon,liste exhaustive produits manufacturés compagnie canon inc
liste terminaux méthaniers,gaz liquéfié utilisé transport gaz grandes distances essentiellement voies maritimes port méthanier construit importation terminal regazéification exportation terminal liquéfaction manière
namco museum,namco museum série compilations vidéoludiques commercialisées namco partir comprend plupart classiques jeu arcade développeur nippon fin années années séries récurrentes
comparaison logiciels uml,article compare logiciels uml
liste bibliothèques numériques,liste bibliothèques numériques classée défaut ordre alphabétique également classer dernière sujet nombre volumes fournisseurs
liste moteurs jeu,liste moteurs jeu répertorie logiciels moteurs jeu utilisés développeurs jeux vidéo
liste aéroports hauts,page présente liste aéroports commerciaux altitude supérieure mètres au-dessus niveau mer
liste consoles jeux vidéo,article liste consoles jeux vidéo classée chronologiquement génération répertorie plupart consoles produites industrie vidéoludique
liste pannes courant importantes,pannes courant black-out électrique notion comprend arrêt production courant induits grèves électriciens fut origine black-out paris marqué monde  black-out
liste codes observatoires,liste observatoires astronomiques triés noms trouvera liste date mise opération disponible localisation géographique date fin opération observatoires utilisés entend ici
liste polices caractères utilisées signalétique,liste recense polices caractères utilisées signalétique
liste technopoles monde,liste répertorier espaces technopolitains technopoles parcs technologiques scientifiques monde continent pays ville membres iasp international association of science parks réseau
liste conductivités thermiques,références  ouvrages sites internet  yeram sarkis touloukian r h powell c y p g klemens thermal conductivity metallic
réseaux fil communautaires,réseaux fil communautaires projets fil communautaires désignent réseaux informatiques fil communautés développent principalement constituées passionnés consistent  réseaux informatiques utilisant
transférabilité numéro téléphone,transférabilité numéro lignes fixes appareils mobiles désigne capacité utilisateur numéro téléphone fixe mobile existant attribué entreprise services locaux réaffecter numéro
low-tech,low-tech basse technologie sembler oxymore opposition high-tech ensemble techniques simples pratiques économiques populaires faire appel recyclage machines récemment tombées désuétude
luddisme,luddisme expression historien britannique edward p thompson conflit industriel violent opposé années angleterre artisans tondeurs tricoteurs métiers bras west riding
apprentissage mobile,apprentissage mobile apprentissage nomade apprentissage pervasif concept évoque apprendre contexte mobilité géographique évolution permanente repose usage outils numériques portables téléphones
mpu-401,mpu-401 mpu signifiant midi processing unit unité traitement midi standard important obsolète interfaces midi ordinateurs personnels conçu constructeur roland coauteurs
microsoft xml core services,microsoft xml core services msxml ensemble services développés microsoft permettent applications développées jscript vbscript microsoft visual studio construire applications basées
man unix,man commande disponible systèmes exploitation type unix visionner contenus documentation formatée exploitable man origine sert accéder manuels commandes shell unix
régulateur débit massique,régulateur débit massique appelé mass flow controller anglais abrégé mfc appareil mesurer réguler débit liquides gaz
culture matérielle,culture matérielle aspect physique culture objets architecture entourent inclut usage consommation création commerce objets comportements normes rituels objets participent terme
cerveau matriochka,cerveau matriochka mégastructure hypothétique proposée robert bradbury fondée sphère dyson dotée capacité informatique immense capte énergie produite étoile faire fonctionner
chariot écoute,voilier chariot écoute pièce accastillage contribue réglage voiles grand-voile
technologie médiévale,expression technologie médiévale désigne ensemble techniques utilisées europe moyen âge
métadonnée,métadonnée mot composé préfixe grec meta indiquant auto référence mot signifie proprement donnée propos donnée donnée servant définir décrire donnée
metadata encoding and transmission standard,mets metadata encoding and transmission standard schéma xml développé initiative digital library federation dlf autorisant création description intégrale données descriptives
micro informatique,micro-informatique désigne rapport micro-ordinateurs terme fut introduit développeurs micral ree désigner brevets ordinateur microprocesseur unité centrale possibilité progrès matière circuits
microlearning,microlearning modalité formation apprentissage séquence courte secondes minutes utilisant texte images sons terme utilisé domaine apprentissage ligne
microsoft compressed html,microsoft compressed html mch microsoft html help format propriétaire fichiers aide internet développé microsoft publié fois successeur format microsoft winhelp
microtechnique,microtechnique technique fabrication réparation objets échelle sub-millimétrique c’est-à-dire domaine micromètre ensemble microtechniques microtechnologie
miméographe,duplicateur pochoir machine miméographique abrégé miméo presse imprimer coût fonctionne forçant encre travers pochoir stencil papier technique nombre tirages limité
téléchargement esprit,téléchargement esprit mind uploading anglais technique hypothétique permettre transférer esprit cerveau ordinateur numérisé préalable ordinateur reconstituer esprit simulation fonctionnement puisse
miniaturisation,miniaturisation création produits mécaniques optiques électroniques dispositifs échelles petites base miniaturisation production fin années transistors remplacent tubes électroniques fin années
ministère éducation culture sports sciences technologie,ministère éducation culture sports sciences technologie 文部科学省 monbu kagaku shō littéralement ministère affaires culturelles science officiellement traduit anglais ministry of
ministère éducation culture science,ministère éducation culture science néerlandais ministerie van onderwijs cultuur wetenschappen ocw ministère néerlandais responsable éducation culture science recherche égalité sexes
ministère éducation japon,ministère éducation 文部省 monbushō ministère instruction publique entité administrative gouvernement japon chargée éducation sciences culture inaugurée remplacé ministère éducation culture
ministère éducation culture sciences islandais,ministère éducation culture sciences islande ministère chargé éducation formation islande instauré manière permanente partir 1er juin ministre budget ministère géré
ministère éducation serbie,ministère éducation sciences enseignement technique serbe cyrillique министарство просвете науке и технолошког образовања serbe latin ministarstvo prosvete nauke tehnološkog obrazovanja
ministère éducation science,ministère éducation science russe министерство образования и науки российской федерации institution responsable domaine scientifique enseignement fédération russie créée mars mai
ministère éducation science géorgie,ministère éducation sciences géorgie géorgien საქართველოს განათლებისა და მეცნიერების სამინისტრო agence gouvernementale responsable système éducatif géorgie novembre mikheil tchkhenkeli ministre
ministère recherche danemark,ministère science technologies information enseignement supérieur ministère danois supervise politique scientifique universitaire pays dirigé tommy ahlers mai
ministère industrie technologies information,ministère industrie technologies information chinois traditionnel 工业和信息化部 pinyin gōngyè xìnxīhuàbù miit acronyme anglais ministry of industry and information technology administration
mobile station roaming number,msrn mobile station roaming number numéro téléphone défini recommandations e.164 uit router appels téléphoniques terminal mobile roaming réseau mobile gateway
commerce,m-commerce  commerce mobile  mobile commerce anglais correspond utilisation technologies fil téléphonie mobile effectuer achats regroupe ensemble applications commerciales
opérateur réseau mobile,opérateur réseau mobile compagnie télécommunication propose services téléphonie mobile accès mobile internet opérateur fournit carte sim client insère téléphone mobile
ticketing,ticketing mobile ticketing concept servir téléphone mobile ticket papier ex ticket cinéma concert billet train avion
mobile virtual network enabler,mvne mobile virtual network enabler anglais société offre solution technique services permettent opérateur réseau mobile virtuel mvno lancer activité opérateur
opérateur réseau mobile virtuel,opérateur réseau mobile virtuel également connu sigle mvno anglais mobile virtual network operator opérateur téléphonie mobile possédant concession spectre fréquences
molinologie,molinologie molinum moulin mola meule logia théorie logos discours science étude moulins vent eau farine papier scie huile etc néologisme
mobile printing alliance,mobile printing alliance mopria mopria alliance organisation reconnue développement logiciels mopria print service mopria scan visent standardiser impression numérisation appareils
nanostructure,nanostructure assemblage atomes molécules dimension comprise nanomètres pratique tolère débordement limites nanofil nanostructure diamètre nanomètres  portail micro nanotechnologies
conselho nacional desenvolvimento científico tecnológico,conselho nacional desenvolvimento científico tecnológico connu acronyme cnpq organisme fédéral brésilien dépendant ministère science technologie nom signifie conseil national développement
navidrive,navidrive système commandé voix réunissant radio lecteur cd téléphone système navigation gps  comprend fonction spéciale lire messages textes également
district neihu,district neihu chinois traditionnel 內湖區 pinyin nèihú qū wade nei hu chü districts taipei neihu signifie lac intérieur nom originel
néo luddisme,néo-luddisme néologisme datant désignant mouvance activiste orientation technophobe c'est-à-dire manifestant opposition partie progrès technique concrétisant parasitage destruction équipements occupations terrain
néo victorien,néo victorien mouvement esthétique amalgame styles victoriens édouardiens principes technologies modernes quantité magazines sites web dédiés style néo-victorien travers robes
révolution néolithique,révolution néolithique fut révolution agricole caractérisée transition tribus communautés chasseurs-cueilleurs agriculture sédentarisation données archéologiques indiquent formes domestication plantes animaux surgirent
néophilie,néophilie grec neo philein aimer désigne curieux choses nouvelles inconnues mot utilisé acceptions multiples désigner concept introduit scientifiques expliquer comportement
netmotion wireless,netmotion wireless société basée seattle développe logiciels gestion ressources mobiles  portail entreprises  portail informatique  portail seattle
réseau,réseau club phénomène utilité réelle technique produit dépend quantité utilisateurs réseau mécanisme externalité économique positif négatif terme appliqué cas techniques
tube nixie,tube nixie composant électronique utilisé affichage chiffres informations constitué tube verre contient anode fil grillagé cathodes forme symboles afficher tube
lancement spatial fusée,lancement spatial fusée méthode spéculative lancement orbital suborbital partie vitesse altitude fournie technique non-propulsive c'est-à-dire recours fusées éjectant gaz arrière
nyctographie,grand dictionnaire universel xixe siècle nyctographie désigne art écrire voir
orcid,orcid open researcher and contributor id identifiant chercheur contributeur code alphanumérique propriétaire identifier manière chercheurs auteurs contributions académiques scientifiques orcid
clippy,clippy compagnon office outil accessibilité présent versions microsoft office aider utilisateur proposant aider écrire lettre mot choix apparence trombone yeux
ontologie informatique,informatique science information ontologie ensemble structuré termes concepts représentant sens champ informations métadonnées espace noms éléments domaine connaissances ontologie constitue
open handset alliance,open handset alliance abrégé oha consortium entreprises but développer normes ouvertes appareils téléphonie mobile consortium créé novembre initiative google su
format,format appelé standard format libre spécification défini protocole communication interconnexion échange format données interopérable spécifications techniques publiques restriction accès mise
opération serenata amor,opération serenata amor projet intelligence artificielle visant analyser dépenses publiques brésil projet financé campagne récurrente financement analyses commencé données congrès
anneau orbital,confondre anneau planétaire anneau orbital forme ascenseur spatial compose principalement anneau artificiel placé autour terre anneau tourne général vite terre
over the air programming,ota over the air technologie permettant accéder données carte sim distance exemple opérateur réseau mobile mettre jour contenu introduire service
pdf,iso 1:2008 norme internationale iso publiée 1er juin confirmée octobre définit format fichier informatique nommé pdf pdf engineering
mouvement perpétuel,mouvement perpétuel désigne idée mouvement généralement périodique système capable durer indéfiniment apport extérieur énergie matière transformation irréversible système renaissance inventeurs
persona marketing,champs conception centrée utilisateur ccu marketing persona fictive dotée attributs caractéristiques sociales psychologiques représente groupe cible
philosophie intelligence artificielle,philosophie intelligence artificielle répondre questions  machine agir intelligemment résoudre problème voudrait résoudre réflexion intelligence humaine intelligence artificielle cerveau humain
cylindre phonographique,cylindre phonographique ancêtre disque décembre thomas edison invente phonographe enregistre sons cylindre recouvert feuille étain avril charles cros déposé mémoire
plaque pioneer,plaque pioneer plaque métallique embarquée bord sondes spatiales pioneer pioneer lancées respectivement plaque message pictural humanité gravé destination éventuels êtres
plug pray,plug pray film documentaire allemand réalisé jens schanze présenté sélection officielle festival visions réel mai sorti allemagne novembre film présente
podcasting,podcasting diffusion baladeur canada francophone baladodiffusion moyen diffuser fichiers audio vidéo internet appelés podcasts balados canada entremise abonnement flux données
capteur position,capteur position dispositif recueillir informations position objet espace référence informations obtenues  contact direct objet grâce contacteur constitué éléments galet
société post-industrielle,post-industrialisme courant intellectuel apparenté sociologie occidentale apparu début années chefs file français alain touraine américain daniel bell polémique apparue tard
postscript,postscript langage description page mis point adobe repose formulations vectorielles plupart éléments traiter images matricielles point point langage interplates formes
postgenrisme,postgenrisme mouvement diversifié social politique culturel militants prônent suppression volontaire concept genre espèce humaine travers technologies théoriques techniques avancées procréation
philosophie postmoderne,voir postmodernisme postmodernisme architecture littérature postmoderne postmodernité philosophie postmoderne désigne ensemble discours travaux apparus majorité années france américains rangés nom
powervu,powervu système contrôle accès télévision numérique développé société américaine scientific atlanta utilisé réseaux télécommunication chaînes télévision retevisión bloomberg television discovery
saisie intuitive,saisie frappe intuitive prédictive anglais predictive text appelée dictionnaire technologie conçue simplifier saisie texte claviers téléphoniques initialement brevetée états-unis méthode
mémoire procédurale,mémoire procédurale forme mémoire déclarative mémoire procédurale mémoire long terme implicite motricité automatique fonctionne grâce zones cerveau cervelet striatum zones
networking,sciences humaines sociales expression réseau social désigne agencement liens individus organisations constituant groupement sens famille collègues groupe amis communauté etc
projet ibm debater,projet ibm debater projet intelligence artificielle ibm research donne défi réaliser système intelligence artificielle pouvant participer débat direct experts humains
frein prony,frein prony frein dynamométrique utilisé xixe siècle mesure couples nom rappelle inventeur ingénieur ponts chaussées gaspard prony  frein prony
bluecasting,bluecasting néologisme désigne mise disposition destination téléphones portables pda média numériques utilise ondes radios spécification bluetooth travers protocole obex médias
réseau mobile terrestre public,réseau mobile terrestre public anglais public land mobile network plmn également appelé réseau public terrestre réseau télécommunications utilisateurs autorisés accéder
mouvement pugwash,mouvement pugwash nom abrégé pugwash conferences science and world affairs organisation internationale branche française association française mouvement pugwash mouvement pugwash
server push,server push mode communication client-serveur dialogue lancé serveur technique oppose fonctionnement classique transactions web client ouvre dialogue tire information pull
qt quick,qt prononcé officiellement anglais cute /kjuːt/ couramment prononcé q.t  api orientée objet développée c++ conjointement the qt company qt
emdrive,emdrive electromagnetic drive propulseur cavité résonante électromagnétique asymétrique système propulsion électrique produirait poussée carburant déplacerait diminuer masse quantité mouvement conserverait
rtfm expression,rtfm anglais sigle phrase read the fucking manual littéralement lis putain manuel instruction donnée réponse question facilement trouvée mode emploi
radio interface layer,radio interface layer ril français couche interface radio couche système exploitation fournit interface matériel radio exemple modem téléphone mobile
range,range radar produit entreprise l-3 communications forces ordre détecter présence activité personnes travers mur brique béton simple respirer distance mètres
système temps réel,informatique système temps réel système capable contrôler piloter procédé physique vitesse adaptée évolution procédé contrôlé systèmes informatiques temps réel différencient
tour tour,tour tour mécanisme jeu utilisé jeu jeu rôle jeu vidéo joueurs jouent temps réel jeux opposent jeux temps réel tour
cinématique temps réel,cinématique temps réel real time kinematic anglais rtk technique positionnement satellite basée utilisation mesures phase ondes porteuses signaux émis systèmes
pcr quantitative,pcr quantitative qpcr pcr temps réel méthode réaction chaîne polymérase permettant mesurer quantité initiale adn réalité pcr quantitative mesure nombre
énergie renouvelable,énergies renouvelables enr abrégé sources énergie renouvellement rapide puissent considérées inépuisables échelle temps humain proviennent phénomènes naturels cycliques constants induits
répéteur,répéteur dispositif électronique combinant récepteur émetteur compense pertes transmission média ligne fibre radio amplifiant traitant éventuellement signal modifier contenu domaine
reporting,communication données anglais reporting opération consistant entreprise faire rapport activité présentation périodique rapports bilans analytiques activités résultats organisation unité travail
rich communication services,rich communication services abrégé rcs protocole communication défini consortium gsma utilisé réseaux opérateurs téléphonie mobile cœur réseau opérateur téléphones smartphones
rich text format,rich text format rtf littéralement anglais format texte enrichi format fichier développé société microsoft format descriptif compressé reconnu plupart logiciels
itinérance téléphonie,itinérance roaming anglicisme faculté abonné réseau téléphonie mobile pouvoir appeler appelé pouvoir échanger données réseau radio opérateur réseau mobile roaming
roboéthique,roboéthique éthique appliquée robotique centré éthique humaine guider conception construction utilisation robots terme roboéthique inventé roboticien gianmarco veruggio également initiateur
taxe robots,taxe robots sujet controversé monde robotique permettrait compenser perte effectif humain taxation utilisation robots
web brigades,web brigades russe веб-бригады mot-valise créé journaliste russe anna polianskaïa calquée red brigades brigades rouges russe красные бригады dénommer groupes
gps,gps acronyme anglais simultaneous gps gps simultané système amélioration géolocalisation satellite reposant partie opérateur téléphonie mobile habituellement périphérique gps intégré
son-30 radar,son-30 code otan fire wheel radar conduite tir soviétique canon anti-aériens mm ks-30
son-50 radar,son-50 code otan flap wheel radar conduite tir soviétique canons antiaériens mm largement utilisé guerre vietnam
son-9 radar,son-9 code otan fire can radar conduite tir soviétique canons anti-aériens mm mm largement utilisé guerre vietnam
mécanisme sarrus,mécanisme sarrus inventé pierre frédéric sarrus liaison mécanique permettant convertir mouvement circulaire limité mouvement linéaire guidage mécanisme utilise plaques horizontales
scalability,informatique matérielle logicielle télécommunications scalability  scalabilité calque traduction désigne capacité produit adapter changement ordre grandeur demande montée charge capacité
études sciences technologies,études sciences technologies mieux connues monde anglo-saxon nom science and technology studies sts s&ts désignent programme recherche interdisciplinaire sciences sociales
revue scientifique,revue scientifique titre presse publication périodique édité forme revue agit types communications choisi chercheurs scientifiques faire connaître travaux direction public
suivi partition,suivi partition processus consistant écouter automatiquement exécution musicale live position partition domaine recherche actif situe croisement intelligence artificielle reconnaissance motifs
électrographie fond mer,électrographie sens strict représentation graphique dimensions variations conductivité électrique sous-sol marin sens large rassemble méthodes techniques électromagnétiques exploration marine
innovation europe belle époque,guerre mondiale europe connait vague innovation exceptionnelle suite siècle poussée technologique synthèse créative facilement perceptible contemporains tournant historique important ampleur
procédé sendzimir,procédé sendzimir découvert tadeusz sendzimir utilisé galvaniser bande acier utilisant faible quantité aluminium bain zinc réalise couche protectrice pratiquement dénuée
service level requirement,niveau service requis anglais service level requirement slr définition fonction indicateurs prédéfinis niveau service convenu fournisseur service client base évaluation
interface prestation service,interface prestation service spi service provider interface technique programmation permettant substitution composants changer interface interfaces prestation service utilisées programmation orientée
valeur consigne,valeur consigne valeur grandeur physique fixée partie commande automatisme exemple régulateur pid visera atteindre
théorie action norman,théorie action définie consultant utilisabilité donald norman livre the design of everyday things décrit psychologie réalisant tâche propose modélisation accomplissement
pot vibrant,pot vibrant excitateur vibrateur appareil permettant exciter structure vibration utilisé laboratoire industrie réaliser essais vibrations
smpp,smpp sigle short message peer to peer protocole standard échange envoyer sms opérateurs téléphoniques généralement utilisé fournisseurs contenus utilise général
smsc,smsc sigle short message service center smsc gérer transfert messages sms textes binaires téléphones mobiles abonné envoie sms téléphone transmet
silicon wadi,silicon wadi hébreu סיליקון ואדי littéralement vallée silicium zone grande concentration industries hautes technologies située plaine côtière israélienne silicon valley
anglais technique simplifié,anglais technique simplifié simplified technical english ste langue normalisée rationalisée controlled language langue limitée restricted language dérivée simplified english mis
montre squelette,montre squelette montre mécanique quartz intérieur boîtier parties mobiles visibles face arrière montre terme squelette vient voit intérieur équivalent squelette
centre recherche développement skolkovo,centre recherche développement skolkovo connu nom silicon valley russe parc technologique skolkovo localité rurale située ouest moscou site doté bâtiments
enceinte connectée,enceinte connectée haut-parleur intelligent type haut-parleur fil commande vocale associé assistant personnel intelligent intégré propose actions interactives commandes mains libres
construction sociale technologies,construction sociale technologies social construction of technology scot domaine recherches sociologiques issu constructivisme social étudie place occupent facteurs sociaux développement
journalisme social,journalisme social modèle média dérivé journalisme citoyen concept introduit type contenu créé millions particuliers monde vérifié professionnels journalisme citoyen déjà
réseautage social,réseautage social terme rapporte ensemble moyens virtuels mis œuvre relier personnes physiques personnes morales apparition internet recouvre applications web connues
logiciel social,logiciel social logiciel relationnel système logiciel facilitant communication groupe construction solidification liens sociaux travail collaboratif jeu création collective organisés autour
documentation logicielle,documentation logicielle texte écrit accompagne logiciel informatique explique logiciel fonctionne employer terme significations personnes profils documentation constitue partie importante ingénierie
électrovanne,électrovanne électrovalve vanne commandée électriquement grâce organe agir débit fluide circuit signal électrique existe types électrovannes    proportionnelle
sonorisation,sonorisation consiste diffusion espace important grâce moyens électroacoustiques domaines typiques utilisation sonorisation spectacle vivant concert théâtre disc jockey diffusion musiques
sousveillance,sousveillance également appelée surveillance inverse terme proposé canadien steve mann décrire enregistrement activité point vue impliquée réalisée appareil enregistreur portable
débris spatial,débris spatial domaine astronautique objet artificiel circulant orbite terrestre amené cadre mission spatiale utilisé débris spatiaux grand taille comprennent étages
ascenseur spatial,ascenseur spatial type transport spatial surface orbite autour terre astre lune ascenseur spatial lunaire planète fonde idée câble maintenu tendu
fontaine spatiale,fontaine spatiale concept transport spatial structure étend espace différence ascenseur spatial besoin grand orbite géostationnaire soutenue force traction fontaine spatiale
propulsion captive,propulsion captive utilise longs câbles résistants connus nom longes changer orbite vaisseaux spatiaux système fort potentiel réduction coûts voyages spatiaux
spécification norme technique,spécification ensemble explicite exigences satisfaire matériau produit service matériau produit service parviennent satisfaire spécifications applicables désigné spécification spécification technique développée
écran divisé,écran divisé split screen anglicisme traduit français multi-image francisation écran splitté production audiovisuelle cinéma télévision jeu vidéo consistant diviser écran
standard generalized markup language,standard generalized markup language langage balisage généralisé normalisé sgml langage description balises norme iso iso 8879:1986
standard test data format,standard test data format stdf format fichier propriétaire destiné contenir informations test industrie semiconducteurs fois fichiers générés derniers interprétés logiciel
tore stanford,tore stanford design mégastructure proposé colonisation spatiale agit tore(s idéalement km diamètre tourne fois minute utilisant force centrifuge inertie fournir
automobile vapeur,automobile vapeur voiture automobile propulsée moteur vapeur
code typographique,code typographique ouvrage référence décrivant règles composition textes imprimés abréger termes manière écrire nombres règles typographie régissant usage types caractères
substrat chimie,chimie substrat substance généralement solide utilisée base dépose réactifs provoquer réaction chimique formant produits  substrat contient déjà réactifs nécessaire
swisscom,swisscom entreprise phare marché suisse télécommunications résultat division ptt appartient majoritairement état suisse statut société anonyme droit public loi entreprises
são carlos,são carlos saint charles français ville brésilienne centre état são paulo
são josé dos campos,são josé dos campos commune brésilienne état são paulo population habitants recensement habitants estimation institut brésilien géographie statistique commune étend
tv80,sinclair tv80 appelé flat screen packet tv tv poche écran plat ftv1 télévision poche commercialisée sinclair research nom initial microvision
sommaire,revues sommaire comporte titres articles noms auteurs sommaire magazines journaux contenir bref résumé placé début revue livre versions informatisées titres
technè,tekhnè technè grec τέχνη désigne  production fabrication matérielle action efficace grecs antiquité oppose aristote praxis sphère action proprement moyen
rapport technique,rapport technique produit communication adresse destinataires travaillant projet commun adapté objectif faut distinguer  fond développement sujet texte illustrations)le document
norme standard techniques,norme technique référentiel publié organisme normalisation officiellement agréé état organisation nationale standardisation afnor france agréé niveau européen cen etsi issu
rédacteur technique,rédacteur technique fonction rédaction production documents techniques spécialisés documentation logiciels aides lignes manuels installation configuration maintenance spécifications standards formations généralement
progrès technique,progrès technique représente amélioration techniques organisationnelles utilisées processus production biens services développement nouvelles technologies révolution technique progrès technique mis œuvre
technologies convergentes,terme technologies convergentes converging technologies anglais utilisé groupes pensées définir choses opportunités développement innovations apportées domaines grâce progrès technologiques permis
déterminisme technologique,déterminisme technologique courant pensée fortement remis cause  perspective déterministe suppose changement technique facteur indépendant société part changement technique autonome
dystopie,dystopie récit fiction dépeignant société imaginaire organisée empêche membres atteindre bonheur dystopie également considérée utopie vire cauchemar conduit contre-utopie auteur
utopie technologique,utopie technologique appelée  techno utopie idéologie fondée prémisse progrès science technologie déboucher utopie c'est-à-dire réalité idéale défaut techno utopie
technologie,technologie étude outils techniques terme désigne périodes historiques état art matière outils savoir-faire inclut art artisanat métiers sciences appliquées éventuellement
modèle acceptation technologie,modèle acceptation technologie mat fréquemment tam technology acceptance model employé tenter prédire individu utilisera refusera utiliser application informatique entreprise grand-public
évaluation technologie,évaluation technologie estimation partir analyse financière valeur prix potentiel terme utilisé sens appréciation technologie perspective globale simple valorisation financière inclut
évangéliste technologique,évangéliste technologique terme traduit anglais technology evangelist entreprises essaye rassembler masse critique personnes adhérant technologie but consacrer standard marché dépendant
veille technologique,veille technologique veille scientifique technique consiste informer systématique techniques récentes mise disposition commerciale constitue différence technique technologique activité met œuvre
technology readiness level,échelle trl anglais technology readiness level traduire niveau maturité technologique système mesure employé évaluer niveau maturité technologie matériel composants périphériques
veille technologique,veille technologique veille scientifique technique consiste informer systématique techniques récentes mise disposition commerciale constitue différence technique technologique activité met œuvre
alignement stratégique,alignement stratégique démarche fond consistant redessiner stratégie générale entreprise stratégie développement technologique soient parfait accord implique cohérence stratégie générale infrastructure
technophilie,technophilie fort enthousiasme technique pouvant aller jusqu' exaltation techniques récentes ordinateurs internet téléphones cellulaires home cinema sociologues psychologues estiment poussée
technopole goussev,technopole goussev projet création complexe moderne industrie électronique oblast kaliningrad
télécentre,télécentre espace public grâce utilisateurs accès ordinateurs internet technologies information communication permettre collecter information emmagasiner traiter communiquer facilitant meilleure connaissance
télésanté,mot télésanté désigne ensemble technologies réseaux services soins basés télécommunication comprenant programmes éducation recherche collaborative consultation services offerts but améliorer
teststand,teststand séquenceur tests configurable modulaire distribué national instruments 
modem affilié,modem affilié anglais tethered modem équipement donne appareil accès internet généralement portatif mobile dispositif agit modem connecte ordinateur internet moyen
the age of plastic,the age of plastic album duo synthpop the buggles sorti succès single video killed the radio star
idéologie californienne,idéologie californienne the californian ideology critique néolibéralisme dotcom faite richard barbrook andy cameron théoriciens médias université westminster critique affirme montée
galaxie gutenberg,galaxie gutenberg essai philosophe marshall mcluhan fondateurs études contemporaines médias ouvrage traduction édition originale the gutenberg galaxy the making of
jacques besson,jacques besson né colombières- mort paris mathématicien ingénieur écrivain technique français calviniste dauphinois enseignait mathématiques appliquait savoir géométrique trouver solutions
intel#tic,intel corporation entreprise américaine fondée juillet gordon moore robert noyce andrew grove fabricant mondial semi-conducteurs fonde chiffre affaires fabrique microprocesseurs
chronologie inventions technologie russie,chronologie inventions technologie russie retrace histoire technologie russie premiers slaves -75 jusqu' russie actuelle  inventions listées regroupées manière 
chronologie optique,article dresse chronologie optique exhaustive indiquant grandes dates ponctué domaines physique histoire optique jalonnée grandes découvertes principes science progrès techniques
chronologie histoire techniques,histoire techniques résumer histoire inventions constituent composante importante au-delà grands faits historiques découvertes scientifiques associées chronologie histoire techniques articuler autour
cartes topiques,cartes topiques cartes thèmes anglais topic maps outil général représentation connaissances but agréger autour point indexation appelé topic informations disponibles
étoupe,étoupe latin stuppa ae sous-produit fibreux tissé issu essentiellement travail chanvre lin sous-produit utilisé  construction bateaux bois étoupe sert
transflectif,écran transflectif combinaison technologies transmissive biais éclairage interne situé dalle écran réflective captant lumière ambiante située dalle procédé principalement utilisé
transhumanisme,transhumanisme mouvement culturel intellectuel international prônant usage sciences techniques améliorer condition humaine augmentation capacités physiques mentales êtres humains transhumanistes considèrent
grue histoire,page retrace histoire grues machines servant construction carrières industrie élever lourds fardeaux
trébuchet,trébuchet partie pièces artillerie médiévales dites contrepoids agit engin siège utilisé moyen âge détruire maçonnerie  murs lancer projectiles par-dessus
tribochromisme,tribochromisme propriété matériau changer couleur friction mécanique matériaux tribochromes utilisés détection friction changent généralement couleur conditions tension mécanique couleur revient
united media,united media filiale syndication conglomérat médias e w scripps company formée années regroupait syndicates créés scripps début xxe siècle newspaper
utilisabilité,utilisabilité aptitude utilisation définie norme iso degré produit utilisé utilisateurs identifiés atteindre buts définis efficacité efficience satisfaction contexte utilisation spécifié
conception centrée utilisateur,conception centrée utilisateur conception orientée utilisateur ucd user centered design anglais philosophie démarche conception présente ergonomie informatique besoins attentes caractéristiques
mode emploi,mode emploi support explicatif maniement fonctionnement objet service général fourni gracieusement service rapporte formes allant simple feuille volante livre classeur
persona marketing,champs conception centrée utilisateur ccu marketing persona fictive dotée attributs caractéristiques sociales psychologiques représente groupe cible
brouillard utilitaire,brouillard utilitaire issu utility fog expression créée john storrs hall groupement hypothétique nanorobots répliquer structure physique agit forme robotique modulaire
vcdhd,vcdhd versatile compact disc high density format disque optique supposé concurrencer dvd hd dvd blu-ray lancé marché russe ukrainien atouts
gestion versions,gestion versions anglais version control revision control consiste maintenir ensemble versions fichiers généralement texte essentiellement utilisée domaine création logiciels concerne
espace numérique travail,espace numérique travail virtual learning environment anglais désigne ensemble outils ligne accès distance ressources numériques terme couramment utilisé collèges lycées
blog vidéo,blog vidéo blogue vidéo vidéoblogue abrégé vlog vlogue video blog video log anglais vlog type blog utilisé essentiellement diffuser vidéos
volte,volte  acronyme voice over lte voix lte désigne principale technique transport voix réseaux téléphonie mobile lte codage voix type
voyager golden record,disque voyager voyager golden record disque embarqué bord sondes spatiales voyager lancées servant bouteille mer interstellaire destinée éventuels êtres extraterrestres
webcam,webcam cybercaméra webcaméra caméra conçue utilisée périphérique ordinateur produit vidéo finalité atteindre haute qualité pouvoir transmise direct travers réseau typiquement
livre blanc,livre blanc type littérature grise prenant forme rapport guide destiné présenter informations concises sujet complexe présentant philosophie auteur sujet 
interféromètre white juday,interféromètre white juday expérience conçue centre spatial lyndon b johnson détecter instance microscopique distorsion espace
futur besoin,futur besoin sous-titré technologies puissantes xxie siècle génie génétique robotique nanotechnologies menacent extinction espèce humaine article informaticien bill joy datant
machine extraction,machine extraction machine domaine minier actionne ascenseurs bennes skips servant transport nécessaire exploitation mine amener surface produits exploitation
loi wirth,loi wirth loi empirique formulée niklaus wirth programmes ralentissent vite matériel accélère nombre instructions nécessaires interprétation programmes sophistiqués demande ordinateurs
femmes informatique,femmes informatique façonné évolution technologies information premières programmeuses débuts xxe siècle apporté contributions majeures industrie changement technologies pratiques rôle femmes
woodward,woodward hypothèse physique possibilité corps voir masse varier densité énergétique varie temps accéléré théorisé physicien historien sciences james woodward repose
journée mondiale société information,journée mondiale société information lieu mercredi mai journée célébrée ans date choisie suite adoption assemblée générale organisation nations unies projet
extensible markup language,extensible markup language généralement appelé xml langage balisage extensible français métalangage informatique balisage générique sous-ensemble standard generalized markup language sgml
archéologie interstellaire,archéologie interstellaire également nommée xénoarchéologie archéologie extraterrestre archéologie cosmique branche développée astrosociobiologie consiste rechercher traces cosmiques civilisations extraterrestres disparues richard
yoqneam,yoqneam yokneam nom officiel yoqnéam illit ville israël située galilée district nord yoqnéam tire nom ville biblique mentionnée livre josué
zhongguancun,zhongguancun 中关村 pinyin zhōngguāncūn zhong guan cun cluster technopole district haidian pékin beijing connue  silicon valley chinoise zhongguancun 
