美國材料和試驗協會,ASTM国际标准组织（英语： ASTM International，简称ASTM），是国际标准化组织，它是制定、发布自愿共识的有关材料、产品、系统和服务的技术标准。组织的总部设在美国宾夕法尼亚州的西康舍霍肯，大约在费城西北的5英里（8公里）处。
主动搜寻地外文明计划,搜尋外星高智生命活動 ( Active Search for Extra-Terrestrial Intelligence ) ，是嘗試寄發訊息給有智慧的外星人的活動，現行的搜尋外星高智生命訊息通常都是無線電的形式，不過實體的訊息，像是先鋒飾板，也算是發給SETI的一則活動訊息。給外星高智生物的訊息 ( Messaging to Extra-Terrestrial Intelligence，METI ) ，也是搜尋外星高智生物活動的一種，通常被稱為積極的SETI。相對於積極的SETI，一般所知的SETI只是搜尋來自外太空的訊息，並沒有嘗試送出訊息。 METI的定義由蘇聯的科學家亚历山大·列昂尼多维奇·扎伊采夫主導，它明確的區分了SETI的活動和METI的差異： 科學家所謂的SETI只是搜尋外星人的訊息，METI則是創造訊息發送給外星人，因此SETI和METI的擁護者有著相當不同的觀點。SETI的科學家們只侷限在是否有外星人在這個區域活動？。換言之，它是合理的，SETI若成功，只是翻譯出外星人傳送的訊息。相對於SETI的活動，METI不是侷限在宇宙的一嶼，而是更遠大的目標 － 克服宇宙無盡的沉默，將我們的存在告知長久以來就存在的有智慧的鄰居
汽轉球,汽轉球（英语：aeolipile）是已知最早以蒸氣發動的機器，在公元一世紀時由亚历山大港的希罗（Hero of Alexandria）發明。 在希羅之前，維特魯威（Vitruvius）在《建築十書》（De Architectura）中已提到一種空心並有小開口的黃銅容器，注入水後再用火燒來研究蒸氣。當時他已用「æolipylæ」這個字。汽轉球主要是由一個空心的球和一個裝有水的密閉鍋子以兩個空心管子連接在一起，而在鍋底加熱使水沸騰，鍋中的蒸氣就通過管子進入球中，最後蒸氣會由球體的兩旁噴出並使得球體轉動。 詳細建構圖在希羅的《氣體力學》（Pneumatics）中有描述。汽轉球純粹是一種新奇的玩物，並未予以任何實際應用。
阿庫別瑞引擎,阿庫別瑞度規（英语：Alcubierre metric），是一項推敲性的時空數學模型，被廣泛地認知為「阿庫別瑞引擎」（英语：Alcubierre drive）。美国科幻作品《星际迷航》中稱之爲「曲速引擎」 ( 英语：Warp drive），作为超光速星際旅行的工具。「曲速引擎」這個别稱也會出現在物理學的期刊論文之中。中國科幻文學《三體》中，稱之爲「曲率引擎」，是驱动太空船以光速飞行的发动机。 阿庫別瑞引擎遵守廣義相對論中愛因斯坦方程式，在這範疇下建立出一項特別的時空度規。物理學家米給爾·阿庫別瑞於1994年提出了波動方式展延空間，導致航行器（簡稱為「船」）前方的空間收縮而後方的空間擴張，前後所連成的軸向即為船想要航行的方向。船在一個區間內乘著波動前進，這區間稱為「曲速泡」，是一段平直時空。既然船在泡泡內並不真的在移動，而是由泡泡帶著船走，廣義相對論中對於物體速度不可超過局域光速的限制就派不上用場。雖然阿庫別瑞提出的度規在數學上是可行的（符合愛因斯坦的場域等式），但其計算結果可能沒有物理學上的意義，也不一定表示真的能夠建造這種裝置。阿庫別瑞引擎的假想機制暗示了負的能量密度，因此需要奇異物質才能使用。所以如果正確性質的奇異物質並不存在，則阿庫別瑞引擎就不能被建造出來。然而，在當初發表的論文上，阿庫別瑞聲稱（接著一段物理學家分析蟲洞旅行的論述之後）兩個平行的板子之間產生的卡西米爾真空可以滿足阿庫別瑞引擎的負能量需求。另一個問題是雖然阿庫別瑞度規沒有違反廣義相對論，但廣義相對論並沒有包含量子力學的機制。一些科學家因此認為，阿庫別瑞引擎理論上允許回到過去的時間旅行，雖然廣義相對論理論上也允許回到過去的時間旅行，但結合了量子力學和廣義相對論的量子重力理論指出這種時間旅行是不可能的（見時序保護猜想），因此他們否定阿庫別瑞引擎的可能性。
美國國家標準協會,美国国家标准学会（American National Standards Institute，ANSI）是负责制定美国国家标准的非营利组织。美国国家标准学会授权标准起草机构按照一系列规范编写标准草案。由此产生的候选文献通过ANSI审核批准后成为美国国家标准。 美国国家标准学会是国际标准化组织和国际电工委员会的成员。
古埃及科技,古埃及科技记录的是古埃及人的发明和使用的工具。古埃及人发明使用了很多简单机械，如斜坡、杠杆，用于辅助建筑。他们使用繩桁架加强船的船宽。古埃及的纸称之为莎草纸，他们大量生产陶器并出口到地中海。轮子被用于多种目的，但馬戰車直到第二中间时期才被使用。航海科技包括造船和灯塔。
古希腊科技,古希臘科技在公元前5世紀以前所未有的速度發展，一直持續到包括羅馬時期及其後。有記載的古希臘人的發明，包括齒輪，螺紋，旋轉廠，螺旋壓力機，青銅鑄造技術，水脈，水的器官，扭轉彈射器，蒸汽使用的一些實驗操作的機器和玩具，也找到一些圖表素數。許多發明後期發生在希臘時期，通常是受到在戰爭中的武器和戰術的啟發。他們把測量和數學推到了先進的水平，也出了很多英雄，包括哲學家阿基米德。
反核運動,反核运动是一个反对核能应用的社会运动。在各區域與國際上，都有直接行動團體、環保團體或专业人士组织參與反核運動。较大的此种组织有国际防止核战争医生组织、核裁军运动、地球之友、绿色和平等。这场运动最初的目的是促成核裁军，但现在，运动的重点已转向了反对核動力。
反核運動,反核运动是一个反对核能应用的社会运动。在各區域與國際上，都有直接行動團體、環保團體或专业人士组织參與反核運動。较大的此种组织有国际防止核战争医生组织、核裁军运动、地球之友、绿色和平等。这场运动最初的目的是促成核裁军，但现在，运动的重点已转向了反对核動力。
Apple Watch Series 2,Apple Watch Series 1/ Series 2是第二代的Apple Watch，在2016年的9月8日發布。 Apple Watch Series 2使用Apple S2處理器，相較於Apple Watch Series 1及Apple Watch ( 第一代，俗稱S0 ) ，Apple
Apple Watch Series 3,Apple Watch Series 3是第三代的Apple Watch，在2017年的9月12日發布。 Apple Watch Series 3，相較於第一代暨第二代的機種，第三代新增了行動網路連接功能。
应用程序接口,应用程序接口（英语：application programming interface，缩写作 API），又称为应用编程接口，就是软件系统不同组成部分衔接的约定。由於近年來软件的规模日益庞大，常常需要把复杂的系统划分成小的组成部分，编程接口的设计十分重要。程序设计的实践中，编程接口的设计首先要使软件系统的职责得到合理划分。良好的接口设计可以降低系统各部分的相互依赖，提高组成单元的内聚性，降低组成单元间的耦合程度，从而提高系统的可维护性和可扩展性。
应用物理学,應用物理學（applied physics）指的是針對實際用途而進行的物理研究。
阿雷西博信息,"阿雷西博信息（Arecibo Message），是於1974年，為慶祝阿雷西博射電望遠鏡完成改建，而創作的無線電信息，並以距離地球25,000光年的球狀星團M13為目標，把信息透過該望遠鏡射向太空。該信息共有1,679個二進制數字 ( ASCII ) ，而且1,679這個數字只能由兩個質數相乘，因此只能把信息拆成73條橫列及23條直行，這是假設該信息的讀者會先將它排成一個長方形。如果把它排成23條橫列，它會變成白色雜訊 [ 1 ] ，相反如果把它排成73條橫列，便可排出圖中的一幅信息。"
強人工智慧,強人工智慧 ( Strong AI ) 或通用人工智慧 ( Artificial General Intelligence ) 是具備與人類同等智慧、或超越人類的人工智慧，能表現正常人類所具有的所有智能行為。
人工智能,人工智能（英语：Artificial Intelligence，缩写为 AI）亦稱機器智能，指由人製造出來的機器所表現出來的智能。通常人工智能是指通過普通電腦程式來呈現人類智能的技術。該詞也指出研究這樣的智能系統是否能夠實現，以及如何實現。同时，有些預測則認為人類的無數職業也逐漸被其取代。人工智能在一般教材中的定义领域是 “ 智慧主体（intelligent agent）的研究与设计 ” ，智慧主体指一个可以观察周遭环境并作出行动以达致目标的系统。约翰·麦卡锡于1955年的定义是「制造智能机器的科学与工程」。安德里亚斯•卡普兰（Andreas Kaplan）和迈克尔•海恩莱因（Michael Haenlein）将人工智能定义为 “ 系统正确解释外部数据，从这些数据中学习，并利用这些知识通过灵活适应实现特定目标和任务的能力 ” 。人工智能的研究是高度技术性和专业的，各分支领域都是深入且各不相通的，因而涉及範圍極廣。人工智能的研究可以分为几个技术问题。其分支领域主要集中在解决具体问题，其中之一是，如何使用各种不同的工具完成特定的应用程序。 AI的核心问题包括建構能夠跟人類似甚至超越的推理、知识、规划、学习、交流、感知、移动和操作物体的能力等。人工智能目前仍然是该领域的长远目标。目前強人工智慧已經有初步成果，甚至在一些影像辨識、語言分析、棋類遊戲等等單方面的能力達到了超越人類的水平，而且人工智慧的通用性代表著，能解決上述的問題的是一樣的AI程式，無須重新開發算法就可以直接使用現有的AI完成任務，與人類的處理能力相同，但達到具備思考能力的統合強人工智慧還需要時間研究，比较流行的方法包括统计方法，计算智能和传统意义的AI。目前有大量的工具应用了人工智能，其中包括搜索和数学优化、逻辑推演。而基於仿生學、認知心理學，以及基于概率论和经济学的演算法等等也在逐步探索當中。 思维来源于大脑，而思维控制行为，行为需要意志去实现，而思维又是对所有数据采集的整理，相当于数据库，所以人工智能最后会演变为机器替换人类。
人工子宮,人工子宮（或人造子宮；英语：Artificial uterus ; 或英语：Artificial womb），是一種設想中的技術設備，模擬女性子宮的環境，孕育胎兒，從而達至真正的無痛生育繁殖的效果。
辅助全球卫星定位系统,辅助全球卫星定位系统（英语：Assisted Global Positioning System，简称：AGPS）是一种在一定辅助配合下进行GPS定位的运行方式。它可以利用手机基站的信号，配合传统GPS卫星信号，让定位的速度更快。一般GPS使用太空中的24颗人造卫星来进行三角定位 ，以获得经纬度坐标，通常需要一个可视天空的开放环境和至少4颗GPS卫星信号才能进行3D定位。AGPS则利用手机基站的信号，辅以连接远程服务器的方式下载卫星星历 ( 英语：Almanac Data ) ，可再配合传统的GPS卫星接受器，让定位的速度更快。 普通的GPS系统是由GPS卫星和GPS接收器组成。与普通的GPS不同，AGPS在系统中还有一个辅助服务器。在AGPS网络中，接收器可通过与辅助服务器的通信而获得定位辅助。在蜂窝移动通信系统中，AGPS 系统通过手机定位服务器作为辅助服务器来协助GPS接收器（通常是手机）完成测距和定位服务，辅助定位服务器有比GPS接收器强大得多的GPS信号接收环境和能力，在这种情况下，辅助定位服务器通过网络与手机的GPS接收器通信而提供定位协助。 通常情况下，一个标准的GPS接收器需要至少3颗GPS卫星才能进行2D定位。另外，还需要有足够的处理能力来把卫星的数据转换成坐标，使用AGPS定位方式，定位的计算任务都由辅助定位服务器完成。
姿态指引仪,姿态指引仪（英语：attitude indicator，缩写AI），也称姿态指示器、陀螺地平仪（gyro horizon）、人工地平仪（artificial horizon）、姿态方位仪、姿态指引指示器（attitude director indicator，ADI，限于有飞行指引器的情况），是飞机上向飞行员报告飞机相对于地平线姿态的一种飛行儀表。它示明飞机的俯仰（前后倾斜）和偏转（向一侧倾斜）状况，是飞机在仪表气象条件下飞行的主要工具。
自動識別系統,自動識別系統（Automatic Identification System，AIS），是安裝在船舶上的一自動追蹤套系統，藉由與鄰近船舶、AIS岸台、以及衛星等設備交換電子資料，並且供船舶交通通管制（VTS）辨識及定位。當衛星偵測到AIS訊號，則會顯示S-AIS。AIS資料可供應到海事雷達，以優先避免在海上交通發生碰撞事故。 由AIS所發出的訊息包括獨特的識別碼、船名、位置、航向、船速，並顯示在AIS的螢幕或電子海圖上。AIS可協助當值船副以及海事主管單位追蹤及監視船舶動向。AIS整合了標準的VHF傳送器以及由GPS或LORAN-C接收器所提供的位置訊息，以及其他的電子航海設施，例如電羅經或是舵角指示器。船舶裝有AIS收發機和詢答機時，可以被AIS岸台所追蹤。或者當遠離海岸過遠時，可藉由特別安裝的AIS接收器，經由相當數量的衛星以便從龐大數量的信號中辨識船位。 國際海事組織中《國際海上人命安全公約》（SOLAS）要求航行於國際水域，總噸位在300以上之船舶，以及所有不論噸位大小的客船，均應安裝AIS。
自動跳脫,自動跳脫是指像安全儀表系統、可编程逻辑控制器、分散控制系統之類的系統，讓工業程序切換到一安全狀態的行為。自動跳脫是因為參數數值落入事先定義的危險區而觸發。因為跳脫多半會伴隨製程的中斷以及衍生的費用，因此在自動跳脫前，多半會有警示訊號告知操作員設法修正問題，以避免系統真的跳脫。
基本英语,基本英语（英语：Basic English）是一種人工語言，它基於英語的一種簡化版本而產生，由查尔斯·凯·奥格登創造。在他於1930年所出版的《基本英语——规则和语法的一般约定》一書中有詳細的介紹。 奥格登说：「学习英语要7年，学习世界语要7个月，而学习基本英语只要7星期。」因此，商業公司會將艱澀難懂但需要全球使用的文書寫成基本英語；而语言学校也會為了讓學生短期內學會簡單的英語，而教授基本英语。 奥格登不使用重复意义的单词，而且需要所有国家都适用这些单词。他利用大规模的测试和调整来得到这些词汇。在语法方面，他也做了简化，但是保留了英语通常的用法。 在第二次世界大战後，这种简化开始蕴含「推进世界和平」的理念。但是由于缺乏规划，发展出了不同地方使用的简化版本。今天还存在的基本英语有850个单词作为初学英语者的单词词汇广传世界，特别是在亚洲最流行。
哈佛大学伯克曼互联网与社会研究中心,哈佛大学伯克曼互联网与社会研究中心是全球互联网相关研究重镇，集教授、访问学者、法律工作者以及业内人士在内的多元研究力量，专业从事涵盖社会、文化、技术、商业以及政策等多个领域的问题研究，隶属于哈佛大学法学院，由乔纳森·齐特林于1997年创立，其创立初衷是为了探索和推动网络空间研究，致力于研究网络空间与现实社会的边界，2008年升格为校级研究机构，是世界上较为活跃和颇负盛名的互联网研究机构。
缸中之脑,"缸中之脑（英语：Brain in a vat），又稱桶中之腦（brain in a jar），是知识论中的一个思想实验，由哲學家希拉里·普特南在《理性、真理和历史》（Reason , Truth , and History）一书中提出。 实验的基础是人所体验到的一切最终都要在大脑中转化为神经信号。假设一个疯子科学家、机器或其他任何意识将一个大脑从人体取出，放入一个裝有营养液的缸里维持着它的生理活性，超级计算机通过神经末梢向大脑传递和原来一样的各种神经电信号，并对于大脑发出的信号给予和平时一样的信号反馈，则大脑所体验到的世界其实是计算机製造的一种虚拟现实，則此大腦能否意识到自己生活在虚拟现实之中？ 这个思想实验常被引用來论证一些哲学，如知识论、怀疑论、唯我论和主观唯心主义。一个简单的论证如下：因为缸中之脑和头颅中的大脑接收一模一样的信号，而且这是他唯一和环境交流的方式，从大脑中角度来说，它完全无法确定自己是颅中之脑还是缸中之脑。如果是前者，那它的想法是正确的，他确实走在大街上或者在划船。如果是后者，那它就是错误的，它并没有在走路或划船，只是接收到了相同的电信号而已。一个大脑无法知道自己是在颅中还是缸中，因此这世间的一切可能都是虚假的、虚妄的。那么什么是真实？ 从生物学的角度讲，个体对于客观存在的认知或判别取决于他所接收的刺激，假设缸中脑生成一系列 “ 测试用 ” 反应用于检测自身的认知，同时 “"
洗腦,洗脑或思想控制（英语：brainwashing 或 mind control），透過系統性方法，有意圖地向別人灌輸思想，來符合操縱者的意願，一連串的手法與過程，稱為洗脑。英文「brainwash」意指洗脑，由中文洗脑一詞翻譯而來；沿於上世紀1950年代的朝鲜战争，美國士兵被中国人民志愿军俘虜之後，接受中国共产党的思想改造，獲救之後回到美國，支持中国共產黨政府，於是美國記者Edward Hunter就用「brainwash」一詞來描述此事。洗脑經常被應用到政治、宗教、商业活動上。洗腦與宣傳大體方法相同，均是讚揚、推廣某事，不同之處在於，洗腦具有強制持續性、與外隔絕性、批判性等特點。常見如政治洗脑：當權者或獨裁者強制向人民灌輸單一的思想，推崇某政治人物或某執政集團，及指出某些思想是錯誤的，加以批判。在重複和密集灌輸下，群眾往住不自覺相信了某事或信任某個政治組織；宗教組織透過刊物、活動推廣，造成觀眾思想容易受到影響；商業公司等電視媒體傳達，不斷重複播放推廣其商品或意念，以「謊言多說幾次，就會成為真理」方式，此等宣傳方法都被認為是洗脑，儘管推廣者本身可能沒有非法惡意情事。不過通常惡質的思想，都加予洗腦的貶稱。思想改造能導致群眾有跟從團體、不可質疑、思想推廣、護航言論的一致行為逐步出現。
拼裝,拼裝（bricolage）此概念最初是由社會人類學家克勞德·李維史陀（Claude Lévi-Strauss）在1962年所出版的著作《野性的思维》中所提出。他認為修補匠和原始人類解決問題的方法類似：修補匠喜歡凡事自己動手做，並且會運用手邊現有的工具和材料來完成工作；而當原始人類面對未曾遇過的問題時，並不會想出新的概念來解決，而是會重新組合並修改現有的方法，以適應這些新的狀況。研究其他學科的思想家與作家也會借用拼裝的概念，討論創意藝術家、教師以及其他人士是如何修改現存的想法、材料和做法，並再加以運用，以應付新的狀況。借用此概念的學科包括教育、藝術理論、法律，以及經濟學。 == 參考資料 ==
巴克敏斯特·富勒,巴克敏斯特·富勒（Richard Buckminster Fuller，1895年7月12日－1983年7月1日），美國哲學家、建築師及發明家 。曾在1946年取得戴美克森氏投影法的專利。 富勒發表超過30本書，發明和普及的詞彙，他還開發了眾多的發明，主要是建築設計，最著名的是在球型屋頂。富勒烯也是其形狀類似富勒的球型屋頂而得名。
巴萨德冲压发动机,巴萨德冲压发动机（Bussard ramjet）是1960年代物理学家罗伯特·巴萨德（Robert W. Bussard）所构想的一种理论航天器推进設計，並因為在拉瑞·尼文（Larry Niven）所著系列叢書《已知宇宙》（Known Space）中被提及而廣為所知。除此之外，此概念也曾在卡尔·萨根的科普電視影集《宇宙》（Cosmos : A Personal Voyage）中被提及。 这种推进器是一种核聚变冲压发动机，它利用巨大的电磁场（直徑從數公里至數千公里不等）作为漏斗来收集並壓縮星际物质中的氢，飛行器的高速將待反應物質強迫推入磁場中，直到壓縮的程度到達足以發生核聚变。物質轉變之後產生的巨大能量透過磁場導引至發動機的排氣方向（其方向與預計的行進方向顛倒），並透過反作用力的原理推進飛行器加速前進，而達到星際飛行的目的。
性愛機械人,性愛機械人（英语：Sex robot、sexbots）是一種機器人性玩偶，其旨在以模拟一名人類性伴侣的方式來滿足使用者的性需求。截至2018年，市面还没出現一款具備完整功能的性愛機械人。它在道德倫理層面上是具一定爭議性的，甚至可能衍生出新的法律問題。 性愛機械人此一構想最先出現於科幻小說中，但随着科技進步，此一構思逐漸成為了現實。 2002年，性愛機械人尚未出現於社交機械人的商品清單之上；到了2017年，性愛機械人的話語表達能力仍是非常有限。 為了讓其他類型的機械人更能了解人類的行為和更具互動性，許多研究者曾進行大大小小不同的研究工作。此一研究領域在20世紀末已得到了充分發展；相關技術的統合則形成了現今的人工智能——一種旨在改善人机交互界面的技術。 如果性愛機械人配備了足夠複雜的人工智能以及擁有多樣化的性技巧，它就可以影響人的深度情感生活，引起人類強烈的情緒反應，並使人們的生活變得更為虛擬化。 負責任機械人基金會（Foundation for Responsible Robotics）在2017年7月發表了一份報告，表示因為人們接觸性愛機械人的机会仍是很少，所以他們的相關印象基本都是源於科幻小說、漫畫和電影，但這種機械人存有一定的市場需求：只提供性愛娃娃予客人的妓院已出現於西班牙和亞洲，且从性愛娃娃在全球的銷售量不斷增長的现象可見，性愛機械人擁有一定的市場。
車廂,車廂，是交通工具中乘客和司機處身的房間。車廂的空間分為司機位及乘客座位和站位。長途車或許設置床位或稱臥鋪。中華人民共和國鐵道部直通車座位也分為軟座和硬座。 私家車的車廂設計多數為乘客享受著想，所以不單安裝舒適的軟座，也加設空調、汽車音響及通訊儀器等。 集體運輸交通工具，例如巴士和電車的車廂為多收乘客，設計或許擠迫。
投石機,投石機或稱拋石機、砲或炮，是遠古時代與中古時代出現的攻城武器，可把石彈、巨石或爆裂物投到敵方的城牆、城內或者兵陣內而造成破壞。 漢語的「砲」便是古汉语动词 “ 抛 ” 的名词形式，这种通过声调改变词性的手段被称为四声别义。「砲」原指投石機與其彈，唐後也指由投石機發射的燃燒物，宋後也指由投石機發射的縱火物與爆裂物，明後也指大型管身火器。宋代之前「砲」與「炮」不同義，「炮」只有「燒烤」的意思，宋代之後「炮」逐漸有「砲」的意思。就連「火砲」一詞最初也是指發射燃燒物或爆裂物投石機與其砲彈，明後才也指大型管身火器。
小区全球识别码,小区全局标识（Cell Global Identity，简称CGI）是移动电话网络中的基地收发机站的全局唯一标识。由移动国家码（Mobile Country Code，简称MCC）、行動裝置國家代碼（Mobile Network Code，简称MNC）、位置区码（Location Area Code，簡稱LAC）以及小区标识（Cell Identification，简称CI）四個部分組成。它是3GPP移动网络规范中不可分割的一部分，被用于，例如，识别不同的基站，以便在被不同设备分别控制的基站之间，或者在不同的移动电话制式之间，对正在进行中的电话呼叫进行 “ 切换 ” 。 MCC（移动国家码）和MNC（移动网络代码）一起，构成了公共陆基移动网（PLMN）标识，而PLMN标识则进一步和位置区码（LAC）构成了位置区标识（Location Area Identity，简称LAI），该标识在一个给定的运营商的网络中，可以唯一标识一个位置区。因此，一个CGI（小区全局标识）可以被看做是LAI加上小区标识（Cell Id），用来进一步标识位于该位置区中的一个独立的基站。
Change.org,Change.org創立於2007年，為一社會公益請願網站，由Ben Rattray創立。目前擁有橫跨196個國家、超過4千萬的使用者。 == 參考資料 ==
中文房间,"中文房间（英语：Chinese room），是由约翰·希尔勒提出的一个思想實驗，借以反驳强人工智能的观点。根据强人工智能的观点，只要计算机拥有了适当的程序，理论上就可以说计算机拥有它的认知状态並且可以像人一样地进行理解活动。 該實驗出自约翰·罗杰斯·希尔勒的論文《心靈、大腦和程序》（Minds , Brains , and Programs）中，發表於1980年的《行为与脑科学》。"
思科Cius,思科Cius 是一台思科推出的Android系統平板電腦 . 2010年6月份原型機首次公佈.Cius預定2011年7月31日上市，售價約750美元。Cius主推企業法人單位，有硬體加密技術和軟體加密搭配，因此無法破解。企業還可限制員工使用應用軟體的種類、名稱或來源，也就是說，可以防止員工用公司發的Cius打電動甚至網購。目前使用Cius的單位有電信業者Verizon、CDW、Nervecentre Software、諾丁漢大學醫院、威斯康辛大學白水分校。
民間記者,民间记者，台湾称公民记者，是指不屬於傳統傳媒體系以外的新聞工作者，包含已脫離一般傳媒機構、以獨立身份对事件做出報導的人，或者對新聞工作有興趣的業餘人士。這個風氣沿自部落格和民間獨立媒體的盛行。雖然公民記者以「記者」為名，但由於自身或所屬團體大多自外於原本的傳媒產業，且不一定擁有新聞相關的專業素養，因此並不完全能融入於傳媒產業的從業人員當中，例如較不容易取得記者證。
公民科技,"公民科技是指一类技术（尤其是信息技术），此类技术能够促使公民参与公益事业发展，加强公民之间的交流，改善政府的基础设施建设，促使政府和国家变得更高效。 “ 公民科技 ” 包含公民应用、平台、以及实现上述目标的其他软件。 It encompasses civic applications , platforms supporting government bodies , institutions and other software enabling"
協作新聞學,協作新聞學（Collaborative journalism）是一種新興的新聞學理念，為讓好幾位新聞記者或新聞相關機構，協力撰寫新聞報導。
Firefox OS裝置列表,此條目收錄使用由Mozilla基金會所開發的Firefox OS作業系統裝置。
显示技术的比较,以下是各种显示技术之间不同特性的比较。
移动操作系统比较,移动操作系统比较。 下表仅包括最新版系统。
Wiki農場比較表,這是一個Wiki站點架設網站的比較表，一般比較其收費、廣告、版權條款及Alexa排名。 Wiki是一個網上合作工具；第一，他們是比一般網站容易編輯，且可以用標準瀏覽器訪問；第二，修訂是存檔及可重寫的。
電子計算機,电子计算机，亦稱电脑，计算机是一种利用数字电子技术，根据一系列指令指示其自动执行任意算术或逻辑操作序列的设备。通用计算机因有能遵循被称为 “ 程序 ” 的一般操作集的能力而使得它们能够执行极其广泛的任务。 计算机被用作各种工业和消费设备的控制系统。这包括简单的特定用途设备（如微波炉和遥控器）、工业设备（如工业机器人和计算机辅助设计），以及通用设备（如个人电脑和智能手机之类的移动设备）等。尽管计算机种类繁多，但根据图灵机理论，一部具有最基本功能的计算机，应当能够完成任何其它计算机能做的事情。因此，理论上从智能手机到超级计算机都应该可以完成同样的作业（不考虑时间和存储因素）。由于科技的飞速进步，下一代计算机总是在性能上能够显著地超过其前一代，这一现象有时被称作 “ 摩尔定律 ” 。通过互联网，计算机互相连接，极大地提高了信息交换速度，反过来推动了科技的发展。在21世纪的现在，计算机的应用已经涉及到方方面面，各行各业了。 自古以来，简单的手动设备——就像算盘——帮助人们进行计算。在工业革命初期，各式各样的机械的出现，其初衷都是为了自动完成冗长而乏味的任务，例如织机的编织图案。更复杂的机器在20世纪初出现，通过模拟电路进行复杂特定的计算。第一台数字电子计算机出现于二战期间。自那时以来，电脑的速度，功耗和多功能性不断增加。在现代，机械计算机的应用已经完全被电子计算机所取代。 计算机在组成上形式不一，早期计算机的体积足有一间房屋的大小，而今天某些嵌入式计算机可能比一副扑克牌还小。当然，即使在今天依然有大量体积庞大的巨型计算机为特别的科学计算或面向大型组织的事务处理需求服务。比较小的，为个人应用而设计的称为微型计算机（Personal Computer，PC），在中國地區简称為「微机」。我們今天在日常使用 “ 计算机 ” 一词时通常也是指此，不过现在计算机最为普遍的应用形式却是嵌入式，嵌入式计算机通常相对简单、体积小，并被用来控制其它设备——无论是飞机、工业机器人还是数码相机。 同计算机相关的技术研究叫電腦科學，而「计算机技术」指的是将计算机科学的成果应用于工程实践所派生的诸多技术性和经验性成果的总合。「计算机技术」与「计算机科学」是两个相关而又不同的概念，它们的不同在于前者偏重于实践而后者偏重于理论。至於由数据为核心的研究則称為信息技术。 传统上，现代计算机包括至少一个处理单元（通常是中央处理器（CPU））和某种形式的存储器。处理元件执行算术和逻辑运算，并且排序和控制单元可以响应于存储的信息改变操作的顺序。外围设备包括输入设备（键盘，鼠标，操纵杆等）、输出设备（显示器屏幕，打印机等）以及执行两种功能（例如触摸屏）的输入/输出设备。外围设备允许从外部来源检索信息，并使操作结果得以保存和检索。
程序设计,电脑程序设计（英语：Computer programming），或稱程式設計（programming），是给出解决特定问题程序的过程，軟體開發過程中的重要步驟。程序设计往往以某种程序设计语言为工具，给出这种语言下的程序。程序设计过程应包括分析、设计、编碼、测试、除错等不同阶段。 在计算机技术发展的早期，軟體開發主要就是程序设计。但随着技术的发展，软件系统越来越复杂，逐渐分化出许多专用的软件系统，如操作系统、数据库系统、应用服务器，而且这些专用的软件系统愈来愈成为普遍的系統環境的一部分。这种情况下軟體開發的内容越来越丰富，不再只是纯粹的程序设计，还包括数据库设计、用户界面设计、通信协议设计和复杂的系统配置过程。 专业的程序设计人员被称为程序员。某种意思上，程序设计的出现甚至早于电子计算机的出现。英国著名诗人拜伦的女儿愛達·勒芙蕾絲曾设计了巴贝奇分析机上計算伯努利數的一个程序。她甚至还建立了循环和子程序的概念。由于她在程序设计上的突破性創新，愛達·勒芙蕾絲被称为世界上第一位程序员。 任何设计工作都是在各种条件限制和相互矛盾的需求之间寻求一种平衡。這種觀點反映在程式設計上，就是硬體儲存空間與程式執行時間的限制。 空間方面，在计算机技术发展的早期，由于机器资源比较昂贵，如何縮小儲存空間往往是设计关心的首要重點；而随着硬件技术的飞速发展，電腦上資料儲存媒體的價格降低，空間不再是考慮的第一要點，一些較耗時的運算也漸漸發展出以空間換取時間的模式。 時間方面，在早期，如何加強程式效率、縮短程式執行時間是程式設計師的共同目標；而在硬體效能進步、效率差距縮小，软件规模與複雜度卻日益增加的現在，程序的结构、可维护性、重複使用性、彈性等因素更顯得重要。在多人合作的程式設計專案裡，程式設計師們會加上各種註解以協助其他參與者理解程式碼，此行為雖然對執行時間的縮短沒有幫助，還會加重儲存空間的負擔，但卻因能達到較好的溝通並提高程式碼的可維護性，而成為目前的主流。 然而，隨著智慧型手機等攜帶裝置的興起，執行時間的縮短與儲存空間的有效運用再次成為焦點，形成與主機伺服器類型應用程式不同的重點考慮方向。
組態管理,組態管理（英语：Configuration Management，簡稱 CM），或譯為配置管理，是一個建立系統工程的過程，用來建立與維持一個產品，讓這個產品的效能、功能，以及它所要求的物理特性，在它的生命週期中，都能保持穩定與一致性。 在資訊與電信的領域，組態管理、或組態控制（configuration control）擁有以下的意涵 : 從一特定系統壽命的開發期到營運期，憑藉針對自動化資料系統的硬體、軟體、韌體、文件、測試、測試設備、以及測試文件所做的變更的管制，進行安全特點與安全保證的管理，原始碼管理、或版本控制是其中的一部份； 系統生命週期內從頭到尾，針對硬體、軟體、韌體、以及文件所做的變更（包括其衍生出的紀錄）的管制； 針對複雜系統的發展的管制、與適應。是一種規則，能讓逐步成形的軟體產品持續處於控制之下，因此能夠滿足品質，延緩限制。軟體形態管理（或簡稱SCM）可劃分為二個區域，SCM 的第一個（較為早期的）區域，是關於在軟體開發方案期間所產生的實體的儲存，有時會交付構件倉庫管理（Component Repository Management，簡稱CRM）。SCM 的第二個區域，是關於這些實體的生產、亦或變更的活動，工程支援一詞也經常關聯於這第二個區域； 當建立了一個（電信、或資訊系統的）形態之後，針對該形態、或與其相關聯的系統構件所做的評估、與變更核准； 針對分散佇列雙匯流排（Distributed Queue Dual Bus，簡稱DQDB）型式的網路，保證一特定DQDB網路的所有節點上的資源，都會被安裝到一個正確的雙匯流排拓蹼（dual-bus topology）的功能。這些被控管的功能，包括匯流排的表頭資料（Head of
內容管理,"CM（Content Management），在數位學習領域中為內容管理之意。 内容管理是要將各種不同類型的數位內容，包括文字檔、圖片、視訊、音訊、郵件等，全部以數位化的方式妥善保存起來，並利用有效的管理及查詢機制，可以對所保存的數位內容進行檢索，甚至可以使用資料採礦 ( data mining ) 的技術，對數位內容進行系統性的分析處理，使數位內容得到最充分的利用。數位學習中負責內容管理的，稱之為學習內容管理平台 ( Learning Content Management System , LCMS ) 。"
受控词表,受控词表，又称为控制词汇表、受控词汇表或者控制词表， 是一种对知识加以组织整理，以便后续进行检索的手段。受控词表在主题词标引方案、主题词表、叙词表、分类法以及本体等语义谱成员之中都有应用。受控词表方案强制要求采用预先确定且经过权威认定的术语，而这些术语是由词表的设计者原先选定的。相比之下，自然语言词表并没有施加此类限制。
审稿,審稿或稱文字加工（copyediting）是指編輯者對文章格式、語法的修訂和改善原稿的準確度。手稿或打字稿必須經過這項作業，以便日後的排版、印刷和出版。 有時候因為出版商規模較小分工不足，或基於成本考量等，審稿者可能會和校對者是同一人，而有審校的稱呼，亦有校稿實則包含審稿的情形。
宇宙的呼喚,宇宙的呼喚是在1999年和2003年由烏克蘭葉夫帕托里亞（Evpatoria）的70米碟形天線向鄰近的恆星發出的兩個訊息的名稱。這些訊息使採用噪音阻抗的格式和字元設計的，使它們不會受到雜訊的干擾而改變。 這個計劃在2004年因為贊助廠商德州儀器的撤出而終止。 這個訊息被發送給下列的幾顆恆星：
创造性破坏,创造性破坏（德語：Schöpferische Zerstörung；英语：creative destruction，又称创造性毁灭）是由奥地利经济学家约瑟夫·熊彼特提出的重要观点，是其创新理论与经济周期理论的基础。
群眾募資,群眾募資又稱群眾集資、公眾集資、群募、公眾籌款或眾籌，是指个人或小企业通过互联网向大众筹集资金的一种集資方式。。群眾募資主要透過網際網路展示宣傳計划內容、原生設計與創意作品，並與大眾解釋通过募集资金讓此作品量產或實現的計划。支持、參與的群眾，則可藉由「購買」或「贊助」的方式，投入該計畫以實現計划、設計或夢想。在一定的時限內，達到事先設定募資的金額目標後即為募資成功，開始使用募得的金錢進行計劃。 一般而言群眾募資是透過網路上的平台連結起贊助者與提案者，用來支持各種活動，包含災害重建、民間記者、競選活動、創業募資、藝術創作、自由軟體、設計發明、科學研究以及公共專案等。根據Wiki的資料，全世界第一個產生的众筹活動，是1997年的英國樂團Marillion。他們透過從廣大的群眾中募集款項，成功的募集了6萬6666美金，成功地完成了美國的巡迴演出。
可愛貓理論,可愛貓理論是關於網路行動與網際網路審查的一種理論。「可愛貓」是由伊森·佐克曼（Ethan Zuckerman）於2008年所提出，用於代稱流傳於網路上，價值偏低但極為熱門的事物。這個理論假定多數人對於網路上的行動主義、激進主義沒有興趣，使用網路通常是用以進行日常的活動（包含但不限於瀏覽色情網站、閱讀並傳播迷因或Lolcat等）。為了這些日常活動所打造出來的工具（如Facebook、Twitter與其他類似的社群網路服務平台）不僅是對一般人，同時對社會運動行動者也是非常有用的，這些人通常缺乏資源來自行打造專用的類似工具。這使得這些行動者們較能免於受到政府的報復，因為相較於關閉一個私人的網站，關閉一個受歡迎的公眾平台更容易受到一般民眾的抗議。
DITA Open Toolkit,DITA Open Toolkit是免费开源的并实现了OASIS DITA 技术标准的 达尔文信息分类体系结构 ( DITA ) DTD和Schema工具。
DVD6C,"DVD6C授权机构 ( 英语：DVD6C Licensing Agency ) 或DVD6C授权集团 ( 英语：DVD6C Licensing Group ) 是一个签发生产DVD光盘、播放机、驱动器、记录器、解码器和编码器等所需专利许可组合的行业联盟。 此集团包含九名成员 : 日立製作所 , JVC , 松下電器"
大德科學園區,大德科學園區（韓語：대덕연구개발특구 / 大德硏究開發特區）是一座位於大韓民國大田廣域市儒城區的科學園區。大德科学园区成立于1974年，是韩国最大的科学园，被称为 “ 韩国科技的摇篮 ” 和 “ 新技术的孵化器 ” 。2005年，韩国开始实施《大德研究开发特区培育特别法》，以大德科学园为中心联合大德科技谷、大德产业基地和政府其它开发区建立 “ 大德研究开发特区 ” :213:153-155。 截至2007年9月，大德研究开发特区已经汇聚了包括韩国科学技术院、韩国电子通信研究院、韩国原子能研究院、韩国生命工学研究院、韩国航空宇宙研究院、忠南大学等6所高校、70多个政府资助研究机构和2000余家高科技企业。韩国国内10 % 的理工科博士级研究人员，23 % 的科研设施都云集在此。韩国每年35
数据质量审核,数据质量审核（英语：data quality audit），是一种数据质量审核分析。 在使用新的数据库之前，企业要确认、更正错误数据，并在数据库启用后提供编辑数据的程序。数据质量分析通常首先进行数据质量审核，即在信息系统中进行数据准确性和完整性方面的结构化调查，它可以在整个数据文件范围内或数据文件范本内调查，也可以调查终端用户对数据质量的看法。 == 参考文献 ==
被测器件,被测器件（英语：device under test，DUT）或被测装置，又称在测单元或被测部件（unit under test，UUT），常用於表示正处於测试阶段的工业产品。
撥號連線,撥號連線，或稱撥接上網、拨号上网，是指通過本地电话線經由數據機連接互聯網，於1990年代網絡剛興起時比較普及，但因收费昂贵、速度慢，漸被寬頻連線取代。根據國際通訊聯盟 ( International Telecommunication Union ) 的統計數字，到2005年底，全球互聯網用戶中有56 % 通過寬頻上網。
數位人類學,數位人類學（英語：Digital anthropology），是研究人類與數位科技關係的學科，並延伸到人類學與科技的交叉科學。數位人類學有時與文化人類學相關，並被視為物質文化研究的一部份。該領域相當新穎，因此有許多強調不同重點的名稱，包括techno-anthropology 、digital ethnography、 cyberanthropology 、以及virtual anthropology。
數位排毒,數位排毒 ( Digital detox ) 是指人們關上電腦和放下自己的行動裝置，放下職位和身分，投入大自然的懷抱，不用任何網路和外界連絡，就像回到小時候，享受單純簡樸的生活。
數位落差,數位落差（英语：Digital divide），亦作數碼鴻溝、數碼隔膜或數碼差距，是指社會上不同性別、種族、經濟、居住環境、階級背景的人，接近使用數位產品（如電腦或是網路）的機會與能力上的差異。簡約來說，觀察數位落差可以從接近使用（Access）電腦及網路的機會、以及對於電腦及網路的使用能力（亦可稱之為資訊素養，Information Literacy）這兩大面向來看。 最早有系統觀察數位落差的國家是美國，自1995年起，由美國商務部國家通信及資訊管理局（NTIA）陸續發布數位落差調查報告。 一方面，資訊科技使大眾的生活質素得到改善，並把繁瑣的日常工作簡化。然而，對於未能享用同等資訊科技的人，卻要繼續沿用舊有的方式去工作，不能透過資訊科技去獲取資訊或把資訊增值。這當中的差異，有可能會使社會的兩極化更趨激烈，從而令社會財富更為不平均。
數位史學,數位史學，指的是在歷史分析、展示、與研究中對數位媒體的應用。數位史學是數位人文學的分支，並被視為計量史學、計量經濟史的延伸。數位史學著重於協助網路閱聽人接觸歷史材料，以及以數位方式進行學術研究。數位史學的產出包括數位典藏、線上展覽、互動地圖、時間軸、音檔、虛擬世界等等，這些產出除了協助大眾接觸歷史外，也能協助研究者與史料互動。近期的數位史學計畫則專注於創意、協作、科技創新、文字探勘、語料庫語言學、三维建模、大數據分析等領域。使用者透過這些資源，得以快速地發展出新的分析，並與既有的分析連結，甚至延伸既有的分析。
數位素養,數位素養是運用電腦及網路資源的能力来定位、组织、理解、估价和分析信息。 根據Paul Gilster在1997年定義的數位素養（Digital Literacy）「它是以不同形式來瞭解並且使用電腦廣泛資源的能力」。 Paul Gilster在1998年發表的《Digital Literacy》一書中，又定義數位素養定義為「取得電腦網路資源，並加以應用的能力」。 而數位素養也與較早出現的資訊素養相關，無論是數位素養、資訊素養、網路素養、電腦素養這些名詞定義與內涵都有不同程度的涵蓋，且各名稱出現時間點與頻率亦不相同。
數位原住民,"數位原住民（英语：Digital native）指的是從小就生長在有各式數位產品環境的世代；相對的概念為「數位移民」（Digital Immigrant），表示長大後才接觸數位產品並有一定程度上無法流暢使用的族群。這兩個用詞出自於2001年馬克·普倫斯基發表的文章《Digital Natives , Digital Immigrants》。另有延伸用詞「數位難民」，指的是與盧德份子一樣拒絕學習使用數位產品的族群。"
破壞性創新,破壞性創新（英语：Disruptive innovation），或是被稱為「破壞式創新」與「破壞式技術」，早期也被翻譯為「顛覆式創新」或「顛覆式技術」，是由哈佛大學教授Clayton Christensen於1997年的著作《創新的兩難》（Innovator 's Dilemma）所提出。是指將產品或服務透過科技性的創新，並以低價、低品質的方式，針對特殊目標消費族群，突破現有市場所能預期的消費改變。 破壞式創新是擴大和開發新市場，提供新的功能的有力方法，反過來，也有可能會破壞與現有市場之間的聯繫，該理論在管理實務上產生重大影響，並引起學術界大量討論。。
DocBook,DocBook是一种用于技术文件的语义标记语言。它本来是設計用來编写有关计算机硬件和软件的技术文件，但它可以用于任何其它类型的文件。 作为一个语义语言， DocBook让使用者能建立自定義的樣式文件，使其能將能內容轉為不同格式，例如HTML、XHTML、EPUB、PDF、手冊頁、Web help、Microsoft 的HTML Help檔案……等等，不需要使用者對原文件做任何修改。換句話說，一份DocBook格式的文件能簡單的移植成其他格式。它解決了寫一次使用XML標籤格式化的問題。
文档自动化,文档自动化是指用计算机自动的采集数据，并合并生成预定义格式文档的技术。这个不仅仅是把多个文档合并到一起这么简单。它往往是一套设计用于将一系列文档和相关的外部数据通过一定的流程控制装配到一起，产生新文档的系统。 一个文档自动化系统能够自动地填充文档中的所有条件文本、变量值、和数据。这种系统可以使得企业将数据录入工作最小化，减少审阅次数，和引入人为错误的风险。通过计算机高效自动地生成处理这些机构的标准业务文档，使得用户可以简单快速地生成正式、精确、规范的文档文书。 该技术可广泛运用于需要大批量处理（打印或者分发）文书文档的场景中。 比如政府机构、法律机构、中介事务机构、合同公证机构等。
DDCD,"雙倍密度CD（Double Density Compact Disc , DDCD）是一項由Sony開發的光碟科技，使用與CD相同的雷射波長，即780奈米。這個格式描述於彩虹書中的紫皮書規格文件中。 它的直徑與CD相同為120公釐，但容量從650MB增大至1.3GB。因為它將原本的1.6微米的軌距縮小至1.1微米，並且把坑洞的最小長度從0.833微米縮小至0.623微米。它有三種格式：一般的DDCD-ROM、可燒錄的DDCD-R、可複寫的DDCD-RW。這三種格式也可應用在直徑80公釐的小光碟形式上。 這項科技未能在DVD格式流行之前佔有足夠的市場份額，所以在面對DVD優秀的容量能力時，DDCD迅速的消失於市場上。 唯一曾出現在市場上的DDCD燒錄器是Sony CRX200E。 在2006年版的SCSI多媒體指令集（SCSI Multimedia Commands）中，這項技術被標為「legacy」。"
笨水管,對一家行動通訊業者來說，笨水管（dumb pipe），或笨網路（dumb network）一詞指一家業者的網路只用於在用戶的設備與網際網路之間傳輸位元。「笨」這個字的意思是指業者無法限制服務及應用通過其門戶，而主要只會提供簡單的頻寬與連線速率。 行動通訊業者常見的營運模式有笨水管、智慧水管及圍牆內的花園3種。
戴森球,戴森球（英语：Dyson Sphere）是弗里曼·戴森假想出的包围母恒星的巨大球形结构，它可以捕获大部分或者全部的恒星能量输出。戴森认为戴森球是长期生存技术文明对于能量需求增长的必然需求，并认为寻找其存在的证据可以引导发现的先进和智慧的外星生命。不同类型的戴森球和它们的能量收集能力将对应于在卡尔达肖夫指数水平上的技术进步。 自从该概念提出以后，诸多科幻作品里提出的包围恒星的人工建筑都被冠以 “ 戴森球 ” 之名。后续的设想认为戴森球上不仅有太阳能电站，还有人类殖民地和工业基地存在。
電機工程學,電機工程學是以電子學、電磁學等物理学分支为基础，涵盖電子學、電子計算機、電力工程、电信、控制工程、訊號處理等子领域的一門工程學。十九世紀後半期以來，隨著電報、電話、電能在供應與使用方面的商業化，該學科逐漸發展為相對獨立的專業領域。 電機工程廣義上涵蓋該領域的分支，但在有些地方，「電機工程學」（英语：Electrical Engineering）一詞的意義有時不包括「電子工程學」（英语：Electronic Engineering）。這個情況下，「電機工程學」是指涉及到大能量的電力系統（如電能傳輸、重型電機機械及电动机），而「電子工程」則是指處理小信號的電子系統（如計算機和積體電路）。另一種區分法為，電力工程師著重於電能的傳輸，而電子工程師則著重於利用電子訊號進行資訊的傳輸。這些子領域的範圍有時也會重疊：例如，電力電子學使用電力電子元件對電能進行變換和控制；又如，智慧電網偵測電能供應者的電能供應狀況與一般家庭使用者的電能使用狀況，并据之調整家電用品的耗電量，以此达到节约能源、降低损耗、增强輸電網路可靠性的目的。因此，電機工程亦函蓋電子工程部分領域的專業知識。
電子金融轉帳,"電子金融轉帳 ( Electronic Funds Transfer , EFT ) ，即使用電子資料交換作業，進行資金的轉移及調撥。"
电子序列号,电子序列号（英语：Electronic Serial Number，縮寫：ESN），又称ESN码是美国联邦通信委员会规定的，每一台移动设备（例如移动电话、智能手机、平板电脑等）独有的参数，其长度为32位。早在1980年类比式移动电话系统发明时，就已经在使用。1997年后，美国电信行业协会取得了ESN码的管理和授予权。目前ESN码一开始使用于AMPS和D-AMPS手机上，目前则于CDMA手机上最为常见。另一种常见的手机编码IMEI（国际移动设备辨识码）则最常使用在GSM制式的手机上。
優雅降級,優雅降級（Elegant degradation）是工程用語，描述機器在有長期、反覆式應力下可能會出現的行為。 若只考慮外顯功能，機器仍然有相同的性能表現，看似運作正常。但考慮其內在條件條件，機器隨時間慢慢的變弱，最終會因為無法承受應力而損壞。相較於從容退化，機器在優雅降級時的運作品質沒有完全喪失，不過可能會突然損壞。 此一詞語的意義也會隨上下文或領域而不同，也不限於工程領域的應用。
新兴技术,新兴技术（Emerging technologies）是一些普遍認為可以改變現狀的技術，新兴技术多半是新的技術，不過也有一些較早期出現，但仍有爭議的技術，或是有潛力，但目前相對發展不多的技術，例如在1989年及1990年就出現的胚胎植入前遺傳篩選及基因治療。 新兴技术的特點是其激進的新穎性、相對成長較快、連貫性、顯著影響、不確定及模糊。換句話說，新兴技术可以定義為：「具有激進新穎性、相對成長較快的技術，特點是其隨著時間推移，有一定程度的相關性，而且有潛力可以對社會經濟領域帶來相當的衝擊，其衝擊可以用行動者、組織的組成以及彼此互動的模式、以及其中相關的知識產生過程來觀察。不過其最顯著的影響是在未來，因此在這些技術剛剛浮現的階段時，仍然有一些不確定及模糊。」新兴技术包括了許多的技術，包括教育技术学、信息技术、纳米技术、生物技术、认知科学、心理技術、机器人学及人工智能。 新的技術領域可能會因為有類似目標的不同系統技术融合後來產生。融合會讓一些以往獨立的技術整合在一起，因此可以共享資源，也可以彼此有互動，產生新的技術，例如聲音（及電話功能）、資料（及生產力軟體）及影像的整合一樣。 新兴技术是那些有比較利益領域內，逐步發展的技術創新。技术融合也表示以往獨立的各領域彼此之間會有更強的互動，也有相似的目標。不過有關新兴技术及技术融合的影響程度、現狀以及經濟可行性，也還有不同的意見。
Emtech,Emtech（英文： '' Emerging Technologies '' ）是由麻省理工学院的杂志科技创业每年组织的大会，侧重创新和工程和技术的新发现。它始于1999年。2013 Emtech大会于10月9日到11日在MIT的MIT媒体实验室举办。为期两天的大会会特别介绍年度TR35奖项的获奖人。年龄在35岁以下的35个人士，一些杰出获奖人包括Google联合创始人拉里·佩奇和谢尔盖·布林、PayPal联合创始人马克斯·列夫琴、Geekcorps创建者伊桑·朱克曼、Linux开发者林纳斯·托瓦兹、BitTorrent开发者布莱姆·科亨、麦克阿瑟 '' 人才杰出 '' 奖项得主生物工程员詹姆斯·柯林斯、发明家Micah Siegel和網景联合创始人馬克·安德森。
工程師節,工程師節存在於以下幾個國家
工程師之戒,工程師之戒（英语：Engineer 's Ring）是給加拿大畢業的工程師戴在工作手上尾指的戒指。這戒指象徵工程師們對公眾的義務和道德。這概念出於1922年，在一個名為工程師之使命契约儀式 ( 英语：The Ritual of the Calling of an Engineer ) 中傳受到剛畢業的工程師手上。配戴工程師之戒並非成為執業工程師的必需要求，而主要目的是時刻提醒工程師們對公眾的承諾與責任。
工程学,工程学、工程科学或工学，是通过研究与实践应用数学、自然科学、社会学等基础学科的知识，来达到改良各行业中现有材料、建筑、机械、仪器、系统、化學和加工步骤的设计和应用方式一门学科。实践与研究工程学的人叫做工程师。 在高等学府中，将自然科学原理应用至服务业、工业、农业等各个生产部门所形成的诸多工程学科也称为工科和工学。
工程改变命令,工程改变命令（英语：Engineering change orders，缩写ECO；或称工程变更命令）用于改变元件、组件，或流程、工作指令文档，并也可用于改变规格。 ECO也被称为 “ 工程变更通知单 ” 、工程變更通知（ECN），或简单称 “ 工程变更 ” （EC）。 在典型的系统开发周期中，规范或实现可能在工程开发期间或系统元件的集成期间改变。这些在最后一分钟的设计变更通常称为工程改变命令（ECO），并影响已完全或部分完成设计的功能。ECO可以弥补在调试期间发现的设计错误，或者对设计规范做出更改以补偿其他方面的系统设计。
工程圖,工程製圖（英语：engineering drawing）是技术制图（technical drawing）的一种，是一種2D圖表或圖畫來描述建築圖、結構圖、機械製圖、電氣圖紙、和管路圖紙的製圖方式。用工程制图的方法绘制的图纸称为工程图（英文为engineering drawing ( s ) ）。 通常工程圖最終要繪製或打印在紙面上，但也可以儲存為數位文件。包括所有需要的信息為目的的集合，可以排除不必要的預測意見。 工程圖依共同協定的標準規範，在正確、迅速、清晰與整潔之製圖四大目標下，使用線條與字法表示工程設計的意念，亦為工業共通的語言。
企業行動管理,"企業移動管理 ( Enterprise Mobility Management , EMM ) 是指專注於在業務環境中管理行動設備、無線網絡和其他移動計算服務的一組人、流程和技術。隨著企業內有越來越多的員工購買了智能手機和平板電腦設備，並尋求在工作場所使用這些設備的支持，企業移動管理已經變得越來越重要。 企業移動管理的目標是確定行動IT應如何與工作流程和目標相結合，以及如何在工作場所使用這些設備時支持員工。"
常見問題集,FAQ（英文：Frequently Asked Questions 法文：Foire aux questions）、Q & A ( Questions and Answers ) ，中文译为 “ 常见问题与解答 ” 或「常見問答集」，直译为 “ 常被问到的问题
故障,故障（fault）是指異常狀態或是缺陷，不同領域下有不同的定義。 在ISO 10303-226中，故障是指零件、設備或是子系統的異常狀態或是缺陷，而此異常狀態或是缺陷有可能會導致失效（failure）。 在电信領域，依照美国联邦标准1037C，故障有以下的意思： 意外情形使得功能單元無法執行其應有的機能（隨機性故障）。 因為缺陷而造成可複製的誤動作（malfunction），或是災難性的誤動作。若是在相同環境及條件下，誤動作會持續出現，即為可複製的誤動作（系統性故障）。 在電力系統中的短路或是部分短路，短路可能是在在帶電導體之間，或是在導體和接地之間。電力系統故障可以依故障電流相角變化，區分為對稱性故障及非對稱性故障。
金融工程,金融工程（Financial Engineering）是用數學和工程學的方法建立金融模型（如描述股價浮動的隨機微分方程），側重於衍生金融產品的定價和實際作用，它最關心的是如何利用創新金融工具，更有效地分配和再分配個體所面臨之形形色色的經濟風險，並進而計算金融收益與風險的一門學科。 這在現代金融體系中有重要的作用，諸如許多投資銀行、對沖基金等公司中往往有專門研究和使用金融工程計算和管控風險的定量分析師
流程图,流程图是表示算法、工作流或流程的一种框图表示，它以不同类型的框代表不同种类的步骤，每两个步骤之间则以箭头连接。这种表示方法便于说明解决已知问题的方法。流程图在分析、设计、记录及操控许多领域的流程或程序都有广泛应用。
FIRST,For Inspiration and Recognition of Science and Technology ( FIRST ) 是一个国际性青少年组织，组织并举办了FIRST机器人竞赛、FIRST乐高联赛、FIRST少儿乐高联赛、FIRST科技挑战赛 FIRST由迪安·卡蒙和沃特·哈芬施泰因创立于1989年，它的目标是使激励学生在工程领域和科技领域方面的途径不断拓展。FIRST著称于它合作与竞赛并存的理念，这个理念被解释为协作竞争和高尚的专业精神。 FIRST同样控制着FIRST Place，这是FIRST总部在曼彻斯特、新罕布什尔的一个研究机构，在这里为教师和学生举办教育活动。
第四次工業革命,第四工業革命 ( 4IR ) 指的是從18世紀工業革命開始後進入的第四個階段，它被描述成各種科技的融合，而融合的過程因使得物理、數位和生物等領域科技之間界線難分，故統稱為 網宇實體系統。 各種新興科技的突破為其特徵，如機器人學、人工智慧、奈米科技、量子計算機、生物科技、物聯網、工業物聯網技術 ( IIoT ) 、分散式共識、5G、增材製造／3D列印 和全自動駕駛汽車。 世界經濟論壇的執行董事長克勞斯·施瓦布認為就數位化和人工智慧對全球經濟的影響來看，第四次工業革命和第二次機器時代息息相關，但他認為生物科技的進步在前者佔有著更廣泛的角色。 這些科技擾亂了每一個國家幾乎所有的產業，而這些改變的深度和廣度則帶來了整個生產、管理和治理系統的轉型。 施瓦布把新興科技的突破視為這個革命的一部分，如人工智慧、機器人學、物聯網、自動駕駛汽車、3D列印、量子計算機以及奈米科技。 在第四波的工業革命中，我們將會看到那些具有高度擾亂潛力的新興科技的大量運用。2019年世界經濟論壇在達沃斯的會議中指出社會5.0也許是第四次工業革命後的另一波工業革命。 == 参考来源 ==
NetBIOS Frames協定,NetBIOS Frames協定（英语：NetBIOS Frames protocol，縮寫為NBF），又稱NetBIOS over IEEE 802.2 LLC，一種非路由網路協定，屬於傳輸層。在1990年代，廣泛用於微軟視窗系統中，如 LAN Manager，LAN Server，Windows for Workgroups，Windows 95 與 Windows NT。 它最早起源於1980年代，微軟為IBM在令牌环網路上，開發NetBIOS模擬器，名為NetBEUI，其中包括了NetBIOS Frames協定。微軟一開始根據IBM NetBEUI第二版，繼續開發這個協定，因此一開始也稱呼這個協定為NetBEUI。
自由線上電腦詞典,《自由在线计算机词典》（英文：Free On-line Dictionary of Computing，FOLDOC）是在线可搜索的计算机主题百科全书、词典，由Denis Howe在1985年建立，存放于伦敦帝国学院的主机。Howe一直担任词典的主编，访问者可以针对条目提出添加和修正建议。 词典吸收了其他的自由资源，例如Jargon File，覆盖了许多其他的计算机相关主题。词典有许多镜像，由于在GNU自由文档许可证许可下使用（这是一个Copyleft许可证），同时也反哺了其他自由信息项目，如维基百科。
核聚变火箭,核融合火箭是一種理論上以核融合能量作為推動力的火箭。它能夠提供有效率且長程的太空推進力從而減少大量的燃料攜帶量。這種火箭的設計依靠並且超越目前的核融合能技術發展，在建造上也比現今任何的太空載具更大更複雜。在未來更複雜的磁性限制以及防止電漿不穩的控制方法問世後，較小的輕型核融合反應爐就有可能發明出來。慣性局限融合技術可以成為輕量化且有力的替代選擇。 對於太空航行來說，核融合推進主要的優點是它有極高的比衝量，主要的可能缺點則是反應爐龐大的質量。然而，核融合火箭會產生比核分裂火箭更少的放射線因此可以減少防護盾的需求。以現今技術製作核融合火箭的可靠方法是用project orion ( nuclear propulsion ) 所提的氫彈法，但這樣的火箭質量也會很巨大而且部分禁止核試驗條約禁止使用核彈。因此，在地球上使用核彈推動火箭是有問題的，但理論上在太空中或許可行。一個很接近的替代方法是用核融合能產生的電力做電氣推進 ( 像是離子推進器 ) 以取代直接的核融合推進。
GitHub Pages,GitHub Pages是GitHub提供的一个網頁寄存服務，於2008年推出。可以用于存放静态网页，包括博客、项目文档甚至整本书。Jekyll軟體可以用于将文档转换成静态网页，该软件提供了将网页上传到GitHub Pages的功能。一般GitHub Pages的网站使用github.io的子域名，但是用户也可以使用第三方域名。
玻璃驾驶舱,玻璃驾驶舱（英语：glass cockpit）是指将飞行仪表进行数字化综合显示（通常为液晶显示器）的飞机驾驶舱。与采用各种机械仪表的传统驾驶舱相比，玻璃驾驶舱的显示更为明确与直观。其使用飞行管理系统显示飞行信息，并能通过多功能显示器按需展现各种不同数据。这一技术简化了飞行员对飞机的操纵与导航，使得飞行员能够专注于最为相关的信息。同时该技术也受到航空公司的欢迎，因为使用玻璃驾驶舱后可以不再需要飞航工程师，从而降低了飞行成本。近些年来，小型飞机也开始普遍开始采用玻璃驾驶舱。 在飞机显示装置变得现代化的同时，为其采集数据的传感器也变得更为现代化。传统的陀螺仪被电子式的航向姿态基准系统（AHRS）与大气数据计算机（ADC）所取代，在增加可靠性的同时也降低了成本、简化了维护。此外，GPS接收器也被整合进了玻璃驾驶舱之中。 早期的玻璃驾驶舱（如麦道MD-80/90，波音737经典型、757、767-200/-300，ATR 42，ATR 72及空客A300-600、A310）仅使用电子飞行仪表系统（EFIS）显示姿态及导航信息，其他诸如空速、高度、垂直速率、引擎等信息则仍旧采用传统机械仪表显示。后来的玻璃驾驶舱（如波音737新世代、747-400、767-400、777，A320及以后的空客，伊尔-96，图-204）则为完全数字显示，仅保留了一些传统仪表用作EFIS显示失常时的备用显示。
Gravity ( 電腦軟體 ),Gravity是一个在Symbian手机操作系统上的社交网络客户端。由MobileWays公司开发，支持Twitter、Foursquare、新浪微博等社群網路及微網誌服務。並支持多帐户、图片上传等功能。
重力火車,重力火車是一個仍然處於理論上的運輸模式，由行星的一地點，經過地心，到達該行星另一方。 先決條件為隧道已貫穿地核，火車靠地心吸力垂直跌入隧道之中。通過地核之後，火車已加速至極快的速度，後半段的旅程地心吸力會對火車作出反作用，並將之減速。到達行星另一面時，火車剛好停頓。
綠皮書,綠皮書（Green Paper）是政府就某一重要政策或議題而正式發表的諮詢文件，起源於英美政府。因為報告書的封面是綠色，所以被稱為綠皮書。 綠皮書被視為政府對國民徵詢意見的一種手段。在英聯邦國家或曾被英國統治的地方（例如香港），政府在準備推行重要政策前通常會先發表綠皮書收集市民意見，經過修訂後再發表白皮書作出最後公佈。
灰色文獻,灰色文獻（Gray Literature）介於正式發行的白色文獻，與不公開出版並深具隱密性的黑色文獻之間，雖已出版但難依一般方式購得。
艾滋病 # 治疗艾滋病,获得性免疫缺陷综合征（英语：acquired immune deficiency syndrome，缩写为AIDS，音译为艾滋病），源自于一种反轉錄病毒——人類免疫缺乏病毒（英语：human immunodeficiency virus，缩写为HIV）感染后，导致免疫系統被破壞，逐漸成為許多伺機性疾病的攻擊目標，进而促成多種臨床症狀。HIV為脆弱的RNA病毒，如暴露在空氣中，依照病毒量多寡会在幾秒鐘至幾分鐘之內全數死亡。HIV特性原本即特別脆弱且不能接觸空氣，HIV的感染大多於較封閉環境，如血管裡面傳播（輸血／共用針筒方式等）， 陰道或肛門直腸的環境（如無套陰交、肛交），透過潛藏在血液、精液、陰道分泌液、母乳等傳染，不包括唾液， 汗液， 尿液或其他體液。一般情况下，接吻不会造成感染HIV。愛滋病與HIV感染兩者，具有本意上的不同。HIV感染後，若獲得控制（有些不須藥物即可控制）、或在發病前的潛伏期，HIV病患則為HIV帶原者。唯病發後之相關症狀，則稱為愛滋病。
HTML,超文本标记语言（英语：HyperText Markup Language，简称：HTML）是一种用于创建网页的标准标记语言。HTML是一种基础技术，常与CSS、JavaScript一起被众多网站用于设计赏心悦目的网页、网页应用程序以及移动应用程序的用户界面。网页浏览器可以读取HTML文件，并将其渲染成可视化网页。HTML描述了一个网站的结构语义随着线索的呈现，使之成为一种标记语言而非编程语言。 HTML元素是构建网站的基石。HTML允许嵌入图像与对象，并且可以用于创建交互式表单，它被用来结构化信息——例如标题、段落和列表等等，也可用来在一定程度上描述文档的外观和语义。HTML的语言形式为尖括号包围的HTML元素（如 < html > ），浏览器使用HTML标签和脚本来诠释网页内容，但不会将它们显示在页面上。 HTML可以嵌入如JavaScript的脚本语言，它们会影响HTML网页的行为。网页浏览器也可以引用层叠样式表（CSS）来定义文本和其它元素的外观与布局。维护HTML和CSS标准的组织万维网联盟（W3C）鼓励人们使用CSS替代一些用于表现的HTML元素。
切换,"切换（又称越区切换、过区切换；英语：handover , handoff）是指移动台在通话过程中从一个基站覆盖区移动到另一个基站覆盖区，或是由于外界干扰而切换到另一条话音信道上的过程。"
阪神工業地帶,"阪神工業地帶（日语：阪神工業地帯／はんしんこうぎょうちたい Hanshin Kōgyō chitai）是以大阪府、兵庫縣為中心的一個工業區。其制造品出貨額為全日本第二。主要產業包括了鋼鐵業、石油化學業、機械工業、紡織業等。 大阪府 製造業產值：17兆9615億日圓 附加價值：6兆3999億日圓 公司數（員工4人以上）：23,553間 員工數：53万2460人 兵庫縣 製造業產值：15兆7846億日圓 附加價值：5兆2726億日圓 公司數（員工4人以上）：10,871間 員工數：38万3164人"
石匠山,"石匠山（希伯来语：הר חוצבים‎‎ , Har Hotzvim）是耶路撒冷主要的高新技术产业园区，位于该市西北，包括英特尔、梯瓦、NDS集团、美敦力 、强生公司等大企业，以及约100个小型和中型的高科技公司，以及一个技术孵化器。2011年，石匠山为10000人提供就业机会。"
硬件描述语言,"在电子学中，硬件描述语言（英语：hardware description language , HDL）是用来描述电子电路（特别是数字电路）功能、行为的语言，可以在寄存器传输级、行为级、逻辑门级等对数字电路系统进行描述。随着自动化逻辑综合工具的发展，硬件描述语言可以被这些工具识别，并自动转换到逻辑门级网表，使得硬件描述语言可以被用来进行电路系统设计，并能通过逻辑仿真的形式验证电路功能。设计完成后，可以使用逻辑综合工具生成低抽象级别（门级）的网表（即连线表）。:1-12:3-4:483-484硬件描述语言在很多地方可能和传统的软件编程语言类似，但是最大的区别是，前者能够对于硬件电路的时序特性进行描述。硬件描述语言是构成电子设计自动化体系的重要部分。小到简单的触发器，大到复杂的超大规模集成电路（如微处理器），都可以利用硬件描述语言来描述。常见的硬件描述语言包括Verilog、VHDL等。:254"
高科技,高科技，或称高技术、高新，指的是最先进的尖端科技。 对于高科技来说，并没有什么特别的分类法，到了1960年代，商家为了促销，把只要不是低科技的产品都说成高科技。因此到了现在，很多新商品都被冠以高科技之名。 高科技建筑，或称后现代主义建筑，形成于1970年代，在设计中融入了许多高科技元素。
蠟燭的歷史,蠟燭在歷史上是由多個國家獨立開發製作。蠟燭最早大約在5世紀的時候由羅馬人以牛脂製成；中國最早的鯨脂證據可以追溯到秦朝；在印度，煮沸的肉桂被用於寺廟蠟燭。
助听器的历史,世界上第一个助听器诞生于17世纪。现代助听器的运动始于电话的发明，第一个电助听器于1898年出现。至20世纪末，数字助听器已经得到普遍应用。许多早期的助听器是外部助听器，它们将声音直接传输到耳，并在一定程度上减少干扰的噪音。这类助听器适合放在耳朵后面或耳朵里。 碳粒式麦克风、发送器、数位讯号处理器（DSP）的发明，以及计算机技术的发展，使得助听器逐步发展为现在的形式。
材料科技史,自從人類出誕生以來，材料科學已經塑造了文明的發展，更好的工具和武器材料使人類得已傳播發展及征服領土，如鋼鐵和鋁等材料的生產或加工技術仍持續影響著當今的社會。歷史學家認為材料是文明的一個重要方向，因此用整個時期的主要材料作為時代的命名 ( 石器時代、青銅器時代、鐵器時代等 ) 。對於大多數有紀錄的歷史，材料的控制充其量只能透過煉金術或經驗的累績。化學和物理的研究及發展有助於材料的研究，從這些研究中融合產生材料科學的跨學科研究。材料科學史是研究地球歷史和地球上的人類文明，是如何受到不同材料的影響。
技术史,技术史记录了人类各种技术革新和重大发明的历史。人类发明的各种新技术可以帮助人类更好地了解自然和宇宙，使人类生活的更为方便和舒适，技术的发展是经济发展的产物，反过来也是经济发展的动力，同时会影响社会文化的传统，是军事力量发展的工具。
望遠鏡史,已知最早的望遠鏡出現在1608年的荷蘭，當地的製造商漢斯·利普塞（Hans Lippershey）試圖獲得一項專利之際。或許是因為還有許多其他人，像是米德爾堡的眼鏡製造商Zacharias Janssen，和阿爾克馬爾的Jacob Metius，都自稱是發明者，所以漢斯•李普希沒有得到他的專利，但新發明的消息很傳遍了歐洲。這些早期折射望遠鏡的設計包括一個凸透鏡的物鏡和一個凹透鏡的目鏡。伽利略在第二年改進了設計，並將其應用於天文學。克卜勒在1611年描述了如何用凸透鏡的物鏡和目鏡製作出更有用的望遠鏡；而克里斯蒂安·惠更斯配合複合目鏡製造出倍數高但視野不廣的克卜勒望遠鏡。 艾薩克·牛頓在1668年結合斜置對角的小平面鏡將光線反射至望遠鏡側邊的目鏡，製造出第一架 '' 實用 '' 的反射鏡。洛朗·卡塞格林在1672年描述使用一個小凸透鏡作為第二反射鏡，將光線反射穿過主鏡中心洞孔的設計。 消色差透鏡在1733年出現在賈斯特·摩爾·霍爾製做的望遠鏡，大大的降低了物鏡的色差，使望遠鏡可以製做得更短並且有更多的功能，但是它沒有公佈。約翰·多隆德學到了霍爾的發明，並且在1758年製作出望遠鏡，開始商業的量產。 反射鏡望遠鏡發展上的重要事件是約翰·哈德利在1721年製造出大的拋物面鏡；萊昂·傅科在1857年引入了在玻璃鏡面上鍍銀的程序，和在1932年採用可以持久的滲鋁塗層反射鏡。大約在1910年，卡塞格林反射鏡的變體里奇-克萊琴望遠鏡被發明，但直到1950年之後才被廣泛地採用；許多現代的望遠鏡，包括哈伯太空望遠鏡，都使用這種比傳統的卡塞格林反射鏡有更關廣視野的設計。 在1850–1900年間，反射鏡遭受了金屬鏡面材料的問題，因而造就了許多 '' 偉大的折射望遠鏡 '' ，口徑從60公分到1米的折射望遠鏡，例如葉凱士天文台在1897年建造的；然而從1900年代初期開始，一系列口徑越來越大的，以玻璃做為鏡面的反射鏡陸續建造出來，包括威爾遜山的60英寸、100英寸（2.5公尺）的虎克望遠鏡（1917年），和200英寸的海爾望遠鏡（1948年）；基本上，從1900年以來所有主要的研究望遠鏡一直都是粉射望遠鏡。在1975–1985年代，一些4公尺級（160英寸）的望遠鏡在夏威夷的火山島和智利沙漠中的高海拔地點被建造起來。在1970年代，發展出由電腦控制的經緯儀架台，和1980年代的主動光學，使新一代更巨大的望遠鏡誕生，從在1993年和1996年完成的兩架10公尺的凱克望遠鏡，以及一些8公尺的望遠鏡，包括ESA的甚大望遠鏡、雙子望遠鏡和昴星團望遠鏡。 在1931年，卡爾·央斯基偶然意外發現一個電波源，開啟了電波望遠鏡（連同電波天文學）的紀元。許多類型的望遠鏡，從無線電到伽瑪射線的廣闊波長範圍，都是在20世紀發展起來的。在1960年以後發展的太空望遠鏡，可以觀測在地面上觀測不到的幾個波段，包括X射線和波長更長的紅外線波段。
計時工具的歷史,千百年來，人類利用各種裝置來計時和報時。目前正在使用的六十進制時間系統，追溯至公元前大約2000年的蘇美爾。古埃及把一天分為二個部份，每一部份再分為12個小時，並使用大型方尖碑追蹤太陽的移動。他們還發明了水鐘（water clocks）。Precinct of Amun-Re 很可能是最初使用水鐘的地方，後來在埃及以外的地方也有人使用水鐘；古希臘人就經常使用叫作clepsydrae的水鐘。約在同一時間，相信商朝已使用洩水型水鐘──漏壺；而漏壺可能早在公元前2000年，從美索不达米亚傳入。其他古代計時器包括有蠟燭鐘──在中国、日本、英格蘭，和伊拉克使用；日晷──在印度和西藏，以及歐洲一些地區廣泛使用；此外，還有沙漏，運作原理和水鐘一樣。 最早期的計時工具日晷依靠太陽的陰影來報時，所以它們在多雲的天氣或夜間，沒有用處；而且如果 “ 晷針 ” 跟地球的軸心不一致，這些計時工具要依季節的變化，而重新校準。 第一個使用擒縱器（escapement）的鐘，於八世紀在中國出現。11世紀，穆斯林工程師發明以重量驅動（weight-driven）的鐘。14世紀初，歐洲發明機械鐘。直到20世紀，機械鐘都是標準計時裝置。在20世紀，發明了石英振盪器，然後是原子鐘。石英振盪器最初只在實驗室使用，可是由於它容易生產而且準確，所以後來用在手錶上。原子鐘比所有計時裝置都準確，所以可以用於校準其他鐘錶；並且用來計算原子时和协调世界时。
和洛航天中心,和洛航天中心（越南语：Trung tâm không gian Hòa Lạc）是越南社会主义共和国计划建设中的一处航天基地。
香港科學園,"香港科學園（英语：Hong Kong Science Park，縮寫：HKSP or HKSTP）位於香港新界大埔區白石角吐露港沿岸，東南部分屬於沙田區，毗鄰白石角海濱長廊，鄰近香港中文大學，發展佔地22公頃，第一至第三期總樓面面積達330,000平方米，第二期工程於2006年竣工，第三期於2016年竣工。 香港科學園與數碼港相似，同樣採用一個類似大學校園的低密度規劃，以高科技及應用科技（包括生物醫療科技、資訊及通訊科技、電子、綠色科技及物料及精密工程）為主題的研究基地，由香港科技園公司於2001年5月7日開始運作。 由於香港科學園所在地原爲吐露港海域，故該處原來的大埔區與沙田區分界採用了直線劃界的方式（由樟樹灘南端向丫洲方向劃出一條直線作爲兩區界線），填海工程完成後，這條直線便將科學園建築地盤範圍切割成東南和西北兩部分，其中東南部屬沙田區，西北部屬大埔區（但目前整個科學園所屬的三張地契均使用大埔市地段編號），界線位置約爲現今的科研路以東綠悠臺一帶。隨着科學園第二、三期工程完成，香港政府未來可能會對香港科學園的分區劃界進行調整。"
新竹科學工業園區,新竹科學工業園區（簡稱新竹科學園區、竹科）是臺灣的第一座科學園區，涵蓋範圍橫跨新竹市東區與新竹縣寶山鄉，園區內廠商以經營電子代工服務為主，全球高科技代工產業的主要科技重鎮之一。 成立至今有400家以上高科技代工業、服務業廠商進駐，主要產業包括有半導體業、電腦業、通訊業、光電業、精密機械業與生物技術業，是全球半導體製造業最密集的地方之一，目前已開發新竹園區約632公頃與竹南園區約141公頃，約有12萬人在園區工作。經過多年開發，新竹科學園區逐漸成為北台灣的科技產業中心，並且按國家發展計畫擴大基地，目前擴充計畫包括桃園龍潭園區、苗栗銅鑼園區、新竹生物醫學園區以及宜蘭園區。亦由於其成功經驗，中華民國政府陸續在台灣其他地區設立中科及南科。但這些產業伴隨著高污染的副產品，因此半導體製造業皆為環保及健康問題，為歐美國家所不能接受，因此法規及執法寬鬆的台灣成為最適合的設廠地點，也是世界半導體代工製造的重鎮，且以竹科為首，創造了不少經濟及工作機會，如台積電等知名公司皆在此設置據點。
技术成熟度曲线,技术成熟度曲线（The Hype Cycle），又称技術循環曲線，光环曲线，炒作周期，指的是企業用來評估新科技的可見度，利用時間軸與市面上的可見度 ( 媒體曝光度 ) 決定要不要採用新科技的一種工具。
宜家铅笔,宜家铅笔是宜家家居在全球门店为顾客免费提供的小型铅笔。宜家铅笔以多样化的设计而闻名，最早设计为蓝色，后来变为黄色，而如今的宜家铅笔是纯木色。尽管外观颜色有所变化，但尺寸一直为直径 7 毫米，长 78 毫米 。 仅在加拿大门店，宜家家居每年就需要订购 520 万支铅笔。 这些铅笔经常被人带走，在韩国的耗损率尤其高。但宜家家居一名管理人员表示： “ 我们不太在意铅笔，用完了我们就会放上新的。 ” 宜家家居并不反对宜家铅笔被使用在其他场合，因此也出现过一些手创或艺术品。例如，荷兰艺术家 Judith Delleman 曾经使用数百支宜家铅笔制作了一把椅子。在某些国家，将铅笔从宜家家居门店里带走是违法行为。 == 参考资料 ==
IPhone ( 第一代 ),iPhone是苹果公司推出的第一代智能電話，该款智能電話于2007年1月9日正式发布，并于同年6月29日正式发售。第一代iPhone支持2.5G四頻GSM（850/900/1800/1900 MHz）、GPRS／EDGE，傳輸速率最高為每秒220kbit。在IOS3.1.3之后，苹果公司不再对第一代iPhone进行更新支持。
IPv6部署,自2000年代中期以来，网际协议第6版（IPv6）（下一代互联网协议）的部署一直在进行中。 IPv6是为了替代自1982年以来一直在使用的IPv4而设计的，并正处于耗尽未分配地址的最后阶段，但仍然传输着大多数的互联网流量。 谷歌的统计数据显示，约有23％的用户使用IPv6上网（2018年6月17日） 。它的使用多集中在周末，且各国和各互联网服务提供商的采用情况也不均衡。 截至2016年11月，互联网上1519个顶级域名 ( TLDs ) 中的1491个（98.2 % ）支持使用IPv6协议访问他们的域名服务器，而其中的1485个（97.8 % ）域含有IPv6胶水记录（glue record），并有大约九百万个域（4.6 % ） 拥有IPv6地址记录。在全球BGP路由表中的所有网络中，有29.2％支持IPv6协议。截至2011年，在个人电脑和服务器系统中使用的主要操作系统都部署了产品级IPv6。由于在移动通信4G技术中使用互联网协议进行语音通话（VoIP），蜂窝电话系统成为了互联网协议设备大量部署的领域，这种网络中就需要使用IPv6。在2009年，美国蜂窝运营商Verizon公布了设备在其 “ 下一代 ”
ISO 216,ISO 216是國際標準化組織（ISO）所定義的紙張尺寸國際標準，為今日世界上大多數國家所使用。知名的A4紙張尺寸即由此標準所定義。
怠速,怠速是指內燃機保持最低運轉速度的狀態。通常在這樣的狀態下，引擎可以提供足夠的能量來正常運作並使用其補助的功用，如泵、發電機或是動力轉向（Power steering），但是一般不能發揮正常的功，如使汽車行駛等。在一般小客車引擎的怠速狀態，其轉速大約在600至1000rpm之間。 如有需調整汽車怠速，通常都是由節氣門調整。
第一次工业革命,工业革命（英语：Industrial Revolution），又称产业革命，更準確的說是第一次工业革命，約於1760年代興起，持續到1830年代至1840年代，而後產生所謂的第二次工業革命 ( 1870年 ) 和現在 ( 20世紀 ) 的數字化革命。在這段時間裡，人類生產與製造方式逐漸轉為機械化，出現了以机器取代人力、獸力的趨勢，以大规模的工廠生产取代手工生产的一场革命，引發了現代的科技革命。由於機器的發明及運用成為了這個時代的標誌，因此歷史學家稱這個時代為機器時代（the Age of Machines）。 工业革命在1759年左右已经开始，但直到1830年前尚未真正蓬勃地發展。大多数观点认为，工业革命发源于英格兰中部地区。1769年，英国人瓦特改良蒸汽机之后，由一系列技术革命引起了从手工劳动向动力机器生产转变的重大飞跃。随后自英格兰扩散到整个欧洲大陆，19世纪传播到北美地区。一般认为，蒸汽机、煤、铁和钢是促成工业革命技术加速发展的四项主要因素。英國為最早開始工業革命也是最早結束工業革命的國家。 在瓦特改良蒸汽机之前，整个生产所需动力依靠人力，畜力，水力和風力。伴随蒸汽机的发明和改进，工厂不再依河或溪流而建，很多以前依赖人力与手工完成的工作，自蒸汽机发明后被机械化生产取代。工业革命是一般政治革命不可比拟的巨大变革，與1萬年前農業革命一般，革命其影响涉及人类社会生活的各个方面，使社会发生了巨大的变革，对人类的现代化进程推动起到不可替代的作用，把人們推向了一个崭新的「蒸汽时代」。
惯性导航系统,惯性导航系统是一个使用加速计和陀螺仪来测量物体的加速度和角速度，并用计算机来连续估算运动物体位置、姿态和速度的辅助导航系统。它不需要一个外部参考系，常常被用在飞机，潜艇，导弹和各种航天器上。
資訊架構,資訊架構（英语：Information Architecture）是在資訊環境中，影響系統組織、導覽、及分類標籤的組合結構。它是也基于信息架构方法论，并运用内容管理技术来管理和组织信息的一个专门学科。从事该行的人员一般叫做信息架构师。
信息映射,信息映射 是一种以研究为基础的方法，用来撰写明确、以用户为中心的信息（基于读者需求和信息使用目的）。该方法主要被用于设计和撰写商务沟通及技术传播内容，已被全球范围的企业作为内容标准使用。
標示,標示，又稱標識，是表明事物特征的记号，為事物提供可辨認的訊息之裝置，其形式多樣，可以是圖形、文字、顏色，以及任何可能引起別人注意的事物，通常以单纯、显著、易识别的物象、图形或文字符号为直观语言，除表示什么、代替什么之外，还具有表达意义、情感和指令行动等作用。其用途廣泛，可用於室內和室外，作為個人、商店、組織、產品、地點、交通等的辨認。用於商店的標示稱為招牌。
信息技术,信息技術（英语：Information Technology，縮寫：IT）也称信息和通信技術（Information and Communications Technology，ICT），是主要用于管理和處理信息所採用的各種技術總稱，主要是應用計算機科學和通信技術来設計、開發、安装和部屬信息系統及應用軟件。依照存儲和處理信息的不同，可以將信息技術的發展分為幾個不同的階段：前機械時期（3000 BC – 1450 AD）、機械時期（1450–1840）、機電時期（1840–1940）及電子時期（1940–現時）。本文主要介紹1940年起電子時期的信息技術。 在商業領域中，美国信息技術協會（ITAA）定義信息技術為「對於以計算機為基礎之信息系統的研究、設計、開發、應用、實現、維護或應用。」。此領域相關的任務包括網絡管理、軟件開發及安裝、針對組織內信息技術生命週期的計劃及管理，包括軟硬件的維護、升級和更新。 信息技術一詞最早是出現在1958年《哈佛商業評論》中，一篇由Harold J. Leavitt及Thomas L. Whisler所著的文章，其中提到「這種新技術還沒有一個單一的名稱，我們應該將其稱為信息技術（information technology、IT）」。
基础设施,基础设施（英语：Infrastructure），亦称公共设施或公共建設，是指为社会生产和居民生活提供公共服务的物质工程设施，它是社会赖以生存发展的一般物质条件。基础设施不仅包括電網、通讯（電話、網路）、供水、交通（道路如公路、铁路，机场、港口）等公共设施，即俗稱的基礎建設，亦都包括教育、科技、医疗卫生、文化及体育等社会事业即 “ 社会性基础设施 ” 。
加拿大工業部,"加拿大工業部（英语：Industry Canada、法语：Industrie Canada）是加拿大政府部門之一，負責區域經濟發展、投資與創新/研發。工業部在全國各地共有6,104名全職職員。"
積分飽和,積分飽和（Integral windup或integrator windup）是指PID控制器或是其他有積分器的控制器中的現象，是指誤差有大幅變化（例如大幅增加），積分器因為誤差的大幅增加有很大的累計量，因此造成過沖，而且當誤差變為負時，其過沖仍維持一段時間之後才恢復正常的情形。
交互设计,"交互设计，又称互动設計， ( 英文Interaction Design , 缩写 IxD 或者 IaD ) , 是定义、设计人造系统的行为的设计领域。人造物，即人工制成物品，例如，软件、移动设备、人造环境、服务、可佩带装置以及系统的组织结构。交互设计在于定义人造物的行为方式 ( the `` interaction '' , 即人工制品在特定场景下的反应方式 )"
國際標準化組織,國際標準化組織（英语：International Organization for Standardization，简称：ISO）成立於1947年2月23日，制定全世界工商業國際標準的國際標準建立機構。 ISO總部設於瑞士日內瓦，成員包括162個會員國。該組織定義為非政府組織，官方語言是英語、法語和俄語。參加者包括各會員國的國家標準機構和主要公司。 ISO與負責電子設備標準的國際電工委員會密切合作。 ISO的國際標準以數字表示，例如：「ISO 11180:1993」的「11180」是標準號碼，而「1993」是出版年份。
国际化与本地化,在信息技术领域，国际化与本地化（英文：internationalization and localization）是指修改软件使之能适应目标市场的语言、地区差异以及技术需要。 國際化是指在設計軟體，將軟體與特定語言及地區脱鉤的過程。當軟體被移植到不同的語言及地區時，軟體本身不用做內部工程上的改變或修正。本地化則是指當移植軟體時，加上與特定区域设置有關的資訊和翻譯文件的過程。 國際化和本地化之間的區别雖然微妙，但卻很重要。國際化意味着產品有適用於任何地方的「潜力」；本地化則是為了更適合於「特定」地方的使用，而另外增添的特色。用一項產品來說，國際化只需做一次，但本地化則要針對不同的區域各做一次。這兩者之間是互補的，並且兩者合起來才能讓一個系統適用於各地。 基於他們的英文單字長度過長，常被分別簡稱成i18n（18意味著在 “ internationalization ” 這個單字中，i和n之間有18個字母）及L10n。使用大寫的L以利區分i18n中的i和易於分辨小寫l與1。 在如微軟及IBM等企業中，則會使用全球化（英文：globalization）來表示此兩者的合稱。在英文中，也會使用g11n做為簡稱。也有使用缩写GILT ( globalization、internationalization、localization和translation ) ，即 “ 全球化、国际化、本地化和翻译 ” 。
京葉工業地帶,京葉工業地域（日语：京葉工業地域／けいようこうぎょうちいき Keiyō kōgyō chiiki）是日本的工業地域之一，指的是千葉縣面向東京灣的海岸地區，以千葉港為中心的工業地域。包括了船橋港（京葉港）、千葉港、木更津港等港灣設施。第二次世界大戰后作為京濱工業地帶的延長而發展。臨海部的填海地主要產業為鋼鐵業、石油化學工業及物流業。
希斯塔,希斯塔（瑞典語：Kista，讀音/'ɕiːsta/），是瑞典首都斯德哥爾摩西北部的一個區域，隸屬於雲客比—希斯塔城鎮（Rinkeby-Kista），距離斯德哥爾摩—阿蘭達機場約30分鐘車程。斯德哥爾摩地鐵藍線（T10）駛經該區，把它分為東西兩部分，西部主要為住宅區，東部則是電訊業和電腦業的重地，斯德哥爾摩大學和皇家工學院合辦的資訊科技大學也位於希斯塔東部。由於希斯塔是當地電腦業興旺之地，該區也被稱為「欧洲的矽谷」。 希斯塔區是根據仍在當地的一個舊農場而命名。1970年代開始興建現代化建築，現時當地的街道多以冰島和丹麥的城鎮和著名人物命名。 當地的希斯塔科學塔高117.2米，自2003年起成為斯德哥爾摩最高的建築物。
知识库,知识库（Knowledge base）是用于知识管理的一种特殊的数据库，以便于有关领域知识的采集、整理以及提取。知识库中的知识源于领域专家，它是求解问题所需领域知识的集合，包括基本事实、规则和其它有关信息。
知識鴻溝,知識鴻溝（英语：Knowledge gap hypothesis），又稱知識溝。是傳播學中的一個假設，屬傳媒影響的課題。知識鴻溝假設指傳播媒體使知識豐富和知識缺乏間的距離增加。 知識鴻溝假設（Knowledge Gap）由Phillip J. Tichenor，C . N. Olien及 G. A. Donohue於1970年提出。這個假設指出，不論社會經濟地位（socioeconomic status）高或低，每個人所獲取的知識都會隨時間而增加，但社會經濟地位高的人獲取的知識量，卻比社會經濟地位低的人所獲取的多，久而久之，這兩群人的知識差距會逐漸擴大、不斷增加，這就是知識鴻溝。 在電腦普及的今日，知識鴻溝引申出數碼鴻溝，指社會經濟地位的差異，而引致對電腦等資訊科技的掌握的差異。 知识沟理论反映了人们对信息社会中阶层分化问题的重视。 == 參考文獻 ==
LWA,"LTE-WLAN aggregation ( LWA ) 為3GPP所制定的新規格 . 在LWA運作下 , 當一台有LTE 與 Wi-Fi 能力的行動手持裝置可以在被網路端配置後 , 同時使用LTE與Wi-Fi傳輸資料 . 它提供的方法有別於另外一種技術LTE in unlicensed spectrum"
長期演進技術,長期演進技術（英语：LTE，Long Term Evolution）是電信中用于手机及數據終端的高速无线通讯标准，為高速下行分组接入（HSDPA）過渡到4G的版本，俗稱為3.9G。该标准基于旧有的GSM/EDGE和UMTS/HSPA网络技术，并使用调制技术提升网络容量及速度。 長期演進技術该标准由3GPP（第三代合作伙伴计划）于2008年第四季度于Release 8版本中首次提出，并在Release 9版本中进行少许改良。 世界第一张商用長期演進技術网络于2009年12月14日，由TeliaSonera電信在挪威奥斯陆和瑞典斯德哥尔摩提供服务。長期演進技術是给予拥有GSM/UMTS网络的运营商最平滑的升级路线，但因2008年美國高通公司宣佈放棄EVDO的平滑升级版本超行動寬頻（Ultra Mobile Broadband，UMB），使得拥有CDMA网络的运营商如美国Verizon Wireless（于2010年铺设完成美国第一张大面积覆盖的長期演進技術网络）、中国电信和日本KDDI迁移至長期演進技術网络。因此長期演進技術预计将成为第一个真正的全球通行的无线通讯标准，因为不同国家和地区的不同网络所使用的频段不同，只有支持多个频段的手机才可以实现「全球通行」。雖然長期演進技術被電訊公司誇大宣传为 “ 4G LTE ” ，實際上它不是真正的4G，因為它沒有符合国际电信联盟无线电通信部门要求的4G標準（也就是國際行動電信升級版）；LTE-A才符合国际电信联盟无线电通信部门要求的4G標準。
進階長期演進技術,進階長期演進技術（英語：LTE-Advanced，簡稱LTE-A，在中国大陆称4G+）是長期演進技術（LTE）的提升版本，理論上網速度比3G快十倍以上，也是4G規格的國際高速無線通訊標準。它是一个行動通讯标准，于2009年末正式作为4G系统递交至ITU-T，并先后通过国际电信联盟、IMT-Advanced，最终于2011年3月为3GPP完成。它被3GPP标准化成为主要的LTE增强标准。 進階LTE的目標是要達到並超越國際電信聯盟的要求。該版本與第一個版本LTE設備兼容，並與第一個版本LTE共用頻段。
烘箱,烘箱是實驗室中的一種加熱設備。用途多為對一物體均勻且長時間的加熱、恆溫。例如在以瓊指進行細菌培養，有時會將整體生長溫度提高至繁殖利最佳的狀態，以利縮短細菌培養所需的時間。在實驗室中也常用於乾燥物體、清潔物體等。用途相當廣泛。多數溫度從30℃~300℃不等。 為了一些特殊場合，也些烘箱也會接上真空幫浦做為減壓之用。如：塑料的真空脫泡、機油的清除 ... 等等。
前照燈,前照燈（英语：Headlamp）是各种运输机械上一种向行驶方向产生定向光束的照明灯具，例如在道路上行驶的汽车，前照灯将光源产生的光线反射到汽车行驶的前方，用于夜间行驶照明前方路面。前照灯亦广泛用于铁路机车车辆、自行车、摩托车等交通工具。 前照灯的灯光颜色通常是白色或暖黄色，最初主要使用白炽灯和卤钨灯作为照明光源。从1990年代起，开始出现了以氙气灯为代表的高强度气体放电灯（HID），以及发光二极管（LED）作为前照灯光源，并逐渐成为了主流产品。 在晚二十世紀曾經在跑車上流行過開合式車頭燈，造成較尖削的車頭減低風阻並且使車型看來更酷與前衛，但因為被認為有可能發生打不開的故障的危險，所以在上世紀末各國的新通過的交通安全法令禁止。所以現在的新款跑車造型反而沒有那樣炫酷。
发射环,发射环是一个设想中的非火箭航天发射装置。通过利用一个架在距地面80公里，长为2000公里的高架环路上的磁悬浮带，把负载发射到某个轨道上。整个带子在将负载抛射出地面后，向下，并反向向来的方向运动直到最初的发射端，这样构成一个环形回路。
勞倫斯·雷席格,勞倫斯·雷席格（Lawrence Lessig，1961年6月3日－）暱稱賴瑞（Larry），是一位美國學者暨學術與政治的行動主義者，以提倡減少版權、商標、無線射頻頻譜上，特別是在科技應用方面的法律限制而出名。他也在號召以國家為基礎的行動主義該藉由第二次制憲會議以促進政府的實質改革。 勞倫斯·雷席格是位於哈佛大學的愛德蒙·薩夫拉（Edmond Safra）基金會倫理學中心的主管，也是哈佛法學院的法學教授。而在重返哈佛之前，他曾是史丹佛法學院的法學教授與史丹佛大學網路與社會研究中心的創立者。此外他還是創用CC發起委員、軟體自由法律中心（SFLC）委員、陽光基金會諮詢委員與電子前哨基金會前任委員。他曾籌款100萬美元參與2016年民主黨總統初選，最終于11月2日退選。
光台,光台 是一种观察设备用于检验放置于其上的相片底片，或者艺术品。它平均的提供亮光透过一个透明的顶板，荧光灯确保最低的热度传递。这种设备也见于医院或医疗设施用以检查X光图像的墙壁上。
天轴,天轴是一种在工业革命至20世纪早期被广泛应用的动力传输装置。在电动机广泛应用之前，天轴被用来将动力中心产生的动力传输到各个车间、并分配到每一台机器上。动力中心的动力可以来源于水车、涡轮机、风车、牲畜或蒸汽机等。天轴上的动力一般通过皮带、皮带轮或者齿轮传输到机器上。
Linux的採用,Linux的採用指的是家庭、組織、公司或政府採用根基於Linux核心的作業系統的現象。一些著名的Linux作業系統包含Android（主要用於行動裝置）、Ubuntu、Red Hat Enterprise Linux（主要用於個人電腦、伺服器等）。 許多因素導致愈來愈多個人電腦用戶和伺服器系統的操作者使用Linux系統，包含了較低的作業系統費用、較高的安全性以及對開放原始碼原則的支持。某些國家的政府機構在過去幾年通過了一些政策，要令政府的電腦從私有的系統轉移到Linux系統上。在2010年8月，Forrester Research的Jeffrey Hammond稱：「Linux已經跨過了主流採用的宏溝。」在2009年第三季對公司進行的一個統計中，48 % 的公司使用了開放原始碼的作業系統。
佳能產品列表,== 照相機 ==
黑克勒-科赫武器列表,以下是黑克勒-科赫的所生產的武器列表。
IEEE里程碑列表,這份IEEE里程碑列表，介紹的是由美國電氣和電子工程師協會（IEEE）認定，在電機工程領域上重要的發明與貢獻。
臺灣發明與發現列表,本文列出出生於台灣，或為中華民國國籍者的發明與發現。
Windows 10 Mobile设备列表,本列表中包括使用Windows 10 Mobile操作系统的设备。
Windows Phone 7裝置列表,該頁面列出并比較由HTC、三星、LG、戴爾、富士通、諾基亞、宏碁、阿爾卡特和中興推出的微軟Windows Phone 7作業系統的裝置。 在其整個生命週期中，Windows Phone 7在28個獨一無二的裝置上運行着。該列表包含已確認並製造商正式推出的裝置。所有Windows Phone 7设备均无法升级至Windows Phone 8。
Windows Phone 8裝置列表,本列表中包括使用Windows Phone 8操作系统的设备。
編解碼器列表,下列是压缩格式和相关編解碼器的列表：
新興技術列表,新興技術列表，泛指當科技日新月異，在未來可能實用化或對人類造成重大影響的新興技術。
游戏引擎列表,游戏引擎是指一些已編寫好的可編輯遊戲系統或者一些互交式实时图像应用程序的核心组件。
掌上遊戲機列表,世界各地掌機列表
世界最高海拔机场列表,"世界最高海拔机场列表列出世界上海拔高度在1,524米（5,000英尺）及以上的商业机场。 民用机场按海拔高度可分为 “ 高原机场 ” 和 “ 非高原机场 ” ，海拔高度在1,524米（5,000英尺）及以上的为 “ 高原机场 ” ；而高原机场又分为 “ 一般高原机场 ” 和 “ 高高原机场"
家用游戏机列表,家用游戏机（又稱電視遊樂器）指主要用来執行电子游戏的电子产品。
最長機場跑道列表,"最长机场跑道列表列出世界上长度超过4,500米（14,800英尺）的机场跑道。"
天文台編號列表,天文台是觀測天文事件的場所，天文台編號是小行星中心 ( 國際天文聯合會的服務項目 ) 賦予觀測太陽系天體的天文台的序號。以下是這些天文台代碼的清單 ( 斜體字不是IAU本身清單中的部分，分類是另加的 ) ：
智慧卡列表,部分廣泛使用的非接觸式智能卡如香港的八達通卡、日本的PASMO和Suica卡、倫敦的蠔卡、悉尼的澳寶卡、馬尼拉的嗶卡、巴黎的Calypso/Navigo卡、斯德哥爾摩的Access卡、尼日利亞的ETC卡、荷蘭的OV-Chipkaart、多倫多的Presto卡和里斯本的LisboaViva卡比ISO/IEC 14443標準更早出現。以下列表列出所有用於公共交通和其他電子貨幣用途的智能卡。
活跃用户过亿的虚拟社区列表,本条目列出了活跃用户数超过1亿的虚拟社区。截至2016年，全球46％的人口（即34亿）在过去一年中使用了互联网服务，比1995年的人数多了100倍（见全球互联网使用率）。
位置感知服務,位置感知服務 ( 英文：Location-aware service ) 是透過具定位技術的行動裝置找出使用者所在的位置，並根據位置提供使用者所需的相關應用服務。近年來，許多手持裝置上已配有 GPS 整合位置感知服務。
盧德運動,盧德主義者（英语：Luddite）是19世紀英國民间對抗工業革命、反对紡織工業化的社會運動者。在该运动中，常常发生毀坏紡織機的事件。這是因为工业革命运用机器大量取代人力劳作，使許多手工工人失业。後世也將反對任何新科技的人稱做盧德主義者。1779年英國萊斯特一帶一名名叫內德‧盧德的織布工曾怒砸兩台織布機，後人以訛傳訛成所謂盧德將軍或盧德王領導反抗工業化的運動，遂得此名。
行動學習,行動學習（Mobile learning，縮寫為M-Learning、MLearning或mLearning），是一種跨越地域限制，充分利用可攜技術的學習方式。換句話說，行動學習消除了一般可攜帶裝置的機動性之地域限制。行動學習在不同的社會群體中有不同的涵意，雖然它與線上學習和遙距教育相關，但它的明顯不同之處在於全面性的學習及使用手持裝置學習。 就M-Learning這個字詞而言，其包含了： 使用可攜技術學習，其著重在於此技術（像是在教室這樣的固定場所也無妨）；全面性學習，則著重在於學習者的機動性以及與可攜或固定技術的互動；而在一個行動社會中學習，重點則在於整個社會及它的制度是如何接納及支持持續增加的行動人口之學習，這已經無法滿足於現存的學習方法論。 行動學習的便利在於，只要是有提供各種不同可用學習素材管道的地方，它都普遍找的到（課堂、計程車、洗衣店、浴室…）。此外，它是具有合作性質的，也就是說，其分享是幾乎在每個人之間都可立即使用相同的內容，這種分享也會輪流帶來立即的回饋，這會成為最棒的學習方式。 行動學習藉由儲存滿精簡學習內容的小小記憶體而取代書本與筆記，也帶來了強大的輕便性。此外，這種形式的學習充滿了魅力及樂趣。有了這樣的學習模式，想要把遊戲與學習結合的更有效率及獲得更多的娛樂經驗就再也不是難事了。
MSXML,微软XML核心服务（MSXML）提供了一组服务，使用户可以使用JScript、VBScript和其它微软的开发工具开发基于XML的本机应用程序。它支持XML 1.0、DOM、SAX、XSLT 1.0，并提供了包括XSD和XDR在内的XML schema、XMLHttpRequest、XPath、SOM（）等技术。
磁信号安全传输,磁信号安全传输（英语：Magnetic Secure Transmission，缩写为MST）是一种用于智能手机等设备的技术，它可以模仿传统支付卡磁条的信号。MST技术是从搭载设备发送磁信号到支付终端（如銷售時點情報系統，即POS机）的读卡器，因此无需升级支付终端的软件或硬件即可进行支付。MST技术可用于几乎所有使用读卡器技术的支付终端。据报导，三星正在使用MST技术，LG有使用此技术的计划。三星智付有配备此技术。 磁信号安全传输（MST）技术实际由美国马萨诸塞州的LoopPay公司开发，2015年2月该公司被三星收购。 2015年10月，纽约时报报道称，据知情人士以及三星、LoopPay高管说，早在2015年3月，就有黑客入侵了LoopPay的计算机网络，事件仍在调查中。LoopPay首席执行官兼三星智付联席总经理表示，黑客据信已侵入LoopPay的公司网络，但没有进入涉及支付管理的生产系统。没有迹象表明黑客进入了三星的系统，也没有迹象表明消费数据泄露。LoopPay直到2015年8月下旬才偶然知晓此次入侵。
手册页,手册页（英语：Manual pages，缩写man page）是在Unix或类Unix操作系统在线软件文档的一种普遍的形式。 内容包括计算机程序（包括库和系统调用），正式的标准和惯例，甚至是抽象的概念。用户可以通过执行man命令调用手册页。
物質文化,物質文化是指文化的物質形態，任何人造物都可以算入其中。研究物質文化意味著研究人與人造物之間的關係，例如物體的製造、保存等等。 諸如藝術史、考古學、人類學等科目都會研究到物質文化。 對物質文化的研究緣起于人類學，最初關注的是非西方的物質文化，由此來闡釋社會的演進與衰退。專門的物質文化學則始于1990年代，《物質文化期刊》在1996年開始發行，從這個意義上來説算是一門年輕的學科。 == 參考文獻 ==
元数据,元資料（英语：metadata），又稱詮釋資料、中介資料、中繼資料、後設資料等，為描述其他資料資訊的資料。有三種不同類型的元資料，分別是記敘性元資料、結構性元資料和管理性元資料。 記敘性元資料描述了用於發現與辨別意義的資源。它可以包括如標題、摘要、作者和關鍵字等元素。結構性元資料是有關於資料容器的元資料，指示如何整理其中複合的物件。例如頁面依甚麼排序方式組成章節。管理性元資料是用於管理資源的資訊，例如資料產生的時間和方式、檔案種類和其它技術資訊，以及誰有權限存取它。在某些國家，有關於電子郵件、電話、網頁、IP連結與手機位置的元資料是固定由國家來儲存的。
元数据编码和传输标准,元数据编码和传输标准（Metadata Encoding and Transmission Standard，METS），是由美國國會圖書館附屬機構所發展的一項元資料標準。 METS的發展，乃是基於數位圖書館目前仍缺乏類似AACR2這種可規範詮釋資料內容的標準，以及缺乏類似MARC這種可保存和交換詮釋資料的標準化架構。就文件層次而言，METS是數位物件典藏的單元、傳送的格式，是開放式典藏資訊系統（OAIS）裡的資訊封包；而就應用面來說，METS本身就是一種有效的資訊資源。 METS的檔案裡包含了三種詮釋資料的類型： 描述性元資料：關於知識內容的資訊，類似標準的編目記錄。 管理性元資料：管理、傳送、維護、典藏物件所必須的資訊。 結構性元資料：描述物件的內部結構。METS未來的趨勢就是發展成為數位圖書館保存和交換詮釋資料時的標準化架構。
微型计算机,一般来说，微型计算机是以微处理器作为CPU的计算机。这类计算机的另一个普遍特征就是占用很少的物理空间。 桌面计算机、游戏机、笔记本电脑、平板电脑，以及种类众多的手持设备都属于微型计算机的範例。 微型计算机使用的设备大多数都紧密的安装在一个单独的机箱中，也有一些設備可能短距離地連接在机箱外，例如显示器、键盘、鼠标等等。一般而言，一台微型计算机的尺寸可以使之很容易摆放在大多数桌面上。相对的，更大的计算机像小型计算机、大型计算机和超级计算机可以占据部分机柜或者整个房间。 大多数微型计算机只能同时服务单用户，但是一些运行类Unix操作系统的PC和工作站可以同时提供多个用户使用。如同所有的计算机，微处理器负责所有的计算和数据处理工作。与CPU一同工作的数据存储有两种，非常高速但易失的RAM以及較低速但非易失的磁盘。 完整的微型计算机所包括的其他设备有电源供應和各种输入/输出设备，例如印表機、螢幕、人機界面裝置等，用來轉達資訊給人類操作者，或是從他得到資料。
微软HTML帮助集,"微软HTML幫助集，即已編譯的HTML說明檔案（英语：Microsoft Compiled HTML Help , CHM），是微軟继承早先的WinHelp發展的一种檔案格式，用来提供線上幫助，是一种应用较广泛的文件格式。因为CHM檔案如一本書一樣，可以提供內容目錄、索引和搜尋等功能，所以也常被用来制作电子书。實際上，微軟閱讀器的.lit就是由CHM擴充而成。"
微技术,微技术（英语：Micro-technology）包含了微機電感測和控制、驅動元件製程開發技術、微機電系統整合技術、射頻 ( RF MEMS ) 、光學（Optical MEMS）、生物醫學（Bio MEMS）、電腦與週邊（Computer Perip-heral MEMS）微機電系統研究。 == 参考 ==
油印,油印是在计算机打印未流行前的一种用蜡纸印刷的方法。由于所需的工具和材料简单，曾十分流行于学校和企业。主要工具是誊写钢版、誊写笔、蜡纸、油墨、白纸。 蜡纸：涂蜡的半透明纸，上有格纸，供刻写之用。 誊写钢版：一块约25X30厘米的木板中间镶有一块约10X25厘米的网纹钢版。 誊写笔：一枝头带钢质圆头笔尖的刻写笔。誊写时将有格蜡纸放在钢板上，用钢头誊写笔用力刻写字句，将蜡纸的涂蜡磨去，蜡纸经誊写笔刻画过的部分，可透油墨，而未经刻画的部分，仍不透油墨。最简便的蜡纸印刷方法，是将已经刻写完毕的蜡纸用夹子固定上头，一手执蜡纸另下头，将一张白纸放在蜡纸下，另一手拿一把平头毛刷，沾一些油墨，在蜡纸上由上至下、由左至右均匀地刷一遍，一张油印品告成。如此可重复多次，引出多张油印品。讲究一些的可用滚筒油印机，将油墨均匀涂刷在油印机滚筒上，然后卷上刻写过的蜡纸，在滚筒下安放一叠纸张，手摇滚筒印刷机的摇把，每转一圈，可印出一张油印页。 油印用途包括学校讲义、传单、通讯、资料等。每张已刻的蜡纸，可以印数张至数十张。
意识上传,心灵上传（英语：Mind uploading），或称为意识上传、全脑仿真（Whole brain emulation），是一种科幻技术，该技术可以把人类脑部的所有东西（包括意识、精神、思想、记忆）上传至计算设备（如电脑、量子计算机、人工神经网络）上。该计算设备将能够模拟大脑的运作，如原先的大脑对外界输入作出相应的反应，并拥有一个具备意识的心灵。心灵上传有两种潜在的实现方法：复制-转移或神经元逐步替换。第一种方法通过对大脑特征的扫描，将其中贮存的信息复制或转移到电脑或其他计算设备中。这个模拟的心灵可以和一个模拟的三维躯体相连接，并被置入一个虚拟现实（virtual reality）或模拟现实（simulated reality）中；或者也可被置入一台连接着机器躯体或生物学躯体的电脑中。心灵上传被一些未来学家和超人类主义者视为一种重要的生命延续技术。心灵上传的另一个目标是为人类心灵做永久备份，以使我们能够在全球灾变或星际旅行中存活下来。一些未来学家认为全脑仿真是计算神经科学和神经信息学的 “ 逻辑终点 ” 。人工智能研究领域也将其视为一种实现强人工智能的途径。基于计算机的智能（如一个上传的心灵）的思维速度可能会比一个生物学人类快很多，因而未来学家认为一个上传的心灵构成的社会将达到技术奇点（technological singularity），即技术增长突然以更大的指数暴涨。心灵上传是诸多科幻小说和电影的核心概念。 主流科学界、经费提供者和科学期刊目前对心灵上传的可行性持怀疑态度。与此有关的实质性努力包括主流科学界在动物脑测绘（brain mapping）与模拟、更快的超级计算机、虚拟现实、腦機介面、连接组学（connectomics）、动态大脑的信息提取方面的研究。 心灵上传的支持者指出，实现心灵上传的许多工具和思路已经存在或正在快速的发展中；然而他们也承认，到目前为止，许多想法还依然是猜测性的，但也拥有工程实现的可能。神经科学家兰道尔·库纳（Randal Koene）成立了一个非盈利组织 “ 碳拷贝 ” （Carbon Copies）以促进关于心灵上传的研究。
荷蘭經濟部,荷蘭經濟部（Ministerie van Economische Zaken）是主管荷蘭經濟的行政部門。
文部科學省,"文部科學省（日语：文部科学省／もんぶかがくしょう Monbu Kagaku Shō */ ? ，英语：Ministry of Education , Culture , Sports , Science and Technology），簡稱文科省、MEXT，是日本中央省廳之一，負責統籌日本的教育、科学、学術、文化與體育等事務。2001年1月6日起由原文部省及科學技術廳合併而成。 任務為「以振興教育與推動生涯學習為核心，培育具有豐富人性的創意人材，振興學術、體育與文化並全面推廣科學技術，適當處理宗教相關行政事務（文部科學省設置法3條）。 文部科學省的首長為文部科學大臣，是國務大臣（內閣成員）之一。"
荷蘭教育、文化及科學部,"荷蘭教育文化及科學部（Ministerie van Onderwijs , Cultuur en Wetenschappen）是荷蘭教育部，負責荷蘭教育政策、科學政策、文化政策和荷蘭公共廣播。 除了一位大臣，還設有兩位國務秘書分別負責初等教育及中等教育。"
文部省,"文部省（もんぶしょう、Ministry of Education , Science and Culture）是曾經存在的日本中央省廳之一，管轄教育、文化、學術等。2001年（平成13年）的中央省廳再編之時，和科學技術廳統合成文部科學省。"
俄罗斯联邦教育与科学部,俄罗斯联邦教育与科学部（俄语：Министерство образования и науки Российской Федерации ) ，俄罗斯联邦政府组成部门之一，负责科学研究、教育、学校资格认定等工作。教育与科学部总部位于莫斯科市中央行政区。现任教育部长为狄米崔·黎凡納夫。
马来西亚能源、科学、科技、气候变化及环境部,"马来西亚能源、科学、科技、气候变化及环境部（馬來語：Kementerian Tenaga , Sains , Teknologi , Alam Sekitar dan Perubahan Iklim；英语：Ministry of Energy , Science , Technology , Environment"
中华人民共和国工业和信息化部,中华人民共和国工业和信息化部（英语：Ministry of Industry and Information Technology，缩写：MIIT），标准简称工业和信息化部，亦简称工信部，是中华人民共和国国务院主管工业和信息产业的组成部门。 工业和信息化部主要负责拟订实施行业规划、产业政策和标准，监测工业行业日常运行，推动重大技术装备发展和自主创新，管理通信业，指导推进信息化建设，协调维护国家信息安全等。工业和信息化部作为行业管理部门，主要是管规划、管政策、管标准，指导行业发展，但不干预企业生产经营活动。 工业和信息化部是在原信息产业部、国防科工委的基础上，于2008年3月根据第十一届全国人民代表大会第一次会议的关于国务院机构改革的决议设立的。
大韓民國未來創造科學部,未來創造科學部（韓語：미래창조과학부），簡稱未來部，大韩民国国家行政机关之一。部门首长称未來創造科學部长，同时被任命为国务委员。
大韩民国科学技术情报通信部,科學技術情報通信部（韓語：과학기술정보통신부），簡稱科技情通部、MSIT，大韩民国国家行政机关之一。部门首长称科學技術情報通信部长，同时被任命为国务委员。
中华人民共和国科学技术部,中华人民共和国科学技术部，簡稱科学技术部、科技部，是中华人民共和国国务院主管國家科学技术事務的组成部门。 科学技术部主要负责拟订国家创新驱动发展战略方针以及科技发展、基础研究规划和政策并组织实施，统筹推进国家创新体系建设和科技体制改革，组织协调国家重大基础研究和应用基础研究，编制国家重大科技项目规划并监督实施，牵头建立统一的国家科技管理平台和科研项目资金协调、评估，监管机制、引进国外智力工作。
中華民國科技部,科技部是中華民國有關科學技術發展的最高主管機關。負責推動國家科技發展、支援學術研究、發展科學工業園區、管理行政院國家科學技術發展基金，以及技術審查各部會科技計畫可行度，提供必要改善建議。前身為1959年成立的行政院國家科學委員會，2014年3月3日升格為部。
动态漫游号,动态漫游号（英语：Mobile Station Roaming Number，MSRN）是一个E.214协议定义的一个关于移动电话号码的归属地代码，用于从GMSC（移动交换中心网关）提取目标MSC（移动交换中心）的信息。它也可以被认为是一个临时分配给移动终端的查询号码，用于在呼叫过程中寻找移动终端。MSRN被分配给每一个通话中的移动终端，不仅限于不同MSC间漫游的通话终端，还包含未漫游的移动终端。
行動商務,行動商務（Mobile commerce）基本的定義，簡單來說即是使用者以行動化的終端設備透過行動通訊網路來進行商業交易活動。較狹義的定義為透過行動化網路所進行的一種具有貨幣價值的交易。而廣義、寬鬆的來說，只要是人們由透過行動化網路來使用的服務與應用，都可以被定義在行動商務的範疇內。 在行動科技快速的發展下，許多行動商務的型態已日新月異，傳統圍繞在企業本身的商務活動，已逐漸轉變為以消費者為主角，並脫離了必須連上網際網路來進行交易活動的限制，譬如屬於射频识别（Radio Frequency Identification，RFID）範疇的近場通訊（Near Field Communication，NFC）技術等，已為行動商務領域帶來許多創新的應用。
移动设备识别码,移动设备识别码（英语：mobile equipment identifier，缩写MEID）是一个全球唯一的识别CDMA2000移动台设备的号码。该号码的格式由3GPP2 report S.R0048定义，不过可以看作一个使用十六进制数字的IMEI。
移动虚拟运营商,移动虚拟运营商（Mobile virtual network operator，MVNO）是指不拥有无线网络基础设施，向消费者提供无线通信服务的电信运营商。移动虚拟运营商向传统运营商批发通信服务后，制定具有自己特点的套餐提供给消费者。移动虚拟网络运营商可以使用自己的客户服务体系、计费系统、销售人员，也可以使用移动虚拟网络（MVNE）的技术服务。
移動虛擬專用網路,移動虛擬專用網路（Mobile Virtual Private Network，簡稱MVPN），是一種常用於連接中、大型企業或團體與團體間的私人網路，通過縮位撥號、專用編號計劃等方式進行網內相互聯繫。
陌陌,陌陌（英语：Momo，NASDAQ：MOMO）是北京陌陌科技有限公司於2011年8月起推出的一款基於地理位置服務的社交應用程式。通過陌陌免費的智慧型手機用戶端，用戶可以向附近的其他用戶發送免費的文字、圖片和聲音訊息，以及當前的地理位置訊息，也可以參與群組討論或在當前位置打卡。目前，陌陌推出了中文版和英文版兩個版本。中文版陌陌支持Windows Phone、Android和iOS系統平臺，而英文版目前只支持iOS系統平臺。
单色监视器,单色监视器（英语：monochrome monitor）是一种CRT顯示器，这在彩色显示器流行之前的计算机早期时代（20世纪60到80年代）非常普遍。它们目前仍广泛应用于计算机化的收銀機等系统中。绿色荧光屏（Green screen）是使用綠色 “ P1 ” 磷光体的屏幕的通用名称。随着20世纪80年代中期的丰富，它们被电传終端和能显示颜色的CRT以及之后的LCD取代，作为计算机的主要视觉输出设备。
多頻,多频是指手机（无线手提电话）可同時支援使用同一種技術之不同波段。
內湖區,內湖區位於中華民國臺北市東北地區，為其十二個行政區之一。因其境內多山丘，形成多處小盆地地貌，當地人臺灣閩南語稱山坳地為「湖」，故內湖是「內部盆地」之義。閩南語「內面即湖」或「內面彼湖」之稱謂；所指的盆地範圍係以北側自大金面山到碧湖國小的山陵，東緣從綠大地社區、成功公園到清白新村，南邊從白鷺山延伸到公館山之山丘北坡，西方是江南街處，在其中間形成一山坳型盆地。內湖區境內尚有「畚箕湖」、「北勢湖」、「白石湖」和「牛稠湖」等老地名，命名方式，亦是依地形和先民開墾事跡有關連性，而非指有水的湖泊名稱。工商活動部分，內湖科技園區則有許多新建商辦大樓，三軍總醫院及臺灣多數媒體皆將總部設於此。2010年臺北市舉辦花卉博覽會而制定區花，內湖區為九重葛，民政局也特別製作區花版門牌。
新卢德主义,新卢德主义（Neo-Luddism）是一种反对多种形式的现代技术的哲学思想，以活跃于1811年到1816年的卢德运动命名。这些团体和一些现代新卢德主义者的共同特点，是捣毁技术设备或弃之不用，以及提倡简朴的生活。新卢德主义源于技术对个人、团体和环境有负面影响的观点。新卢德主义者也担心未来新技术可能产生的未知影响。现代新卢德主义运动与反全球化运动、无政府原始主义、激进环境主义和深层生态学有关。
新石器革命,新石器革命泛指在公元前一万年左右在不同地区同时出现的社会模式改变现象。它的基本内容人类族群从狩獵採集社会向农耕社会的转型。这一转型导致到了人类族群的定居，和在科学技术方面的发展。新石器革命代表著人類和自然界的關係從被動適應環境轉變為利用和改造環境。此革命對人類社会的發展具有極其重要的意義。 根据考古学研究，这种现象始于公元前一万四千年左右的近东地区黎凡特，并且在八个不同地区相继发生。它具体表现为动植物的驯化，土地的开垦，建筑技术的提高等现象，不过它的意义远遠不止于對农学（农耕技术）的影响，它更促进了人类其它社会现象的发生，它從根本上改变了人類对于自然的依赖，更提高了食物来源的稳定性与量化生产的可能。这些变化促进了人口聚集化，创造了复杂且完整的社会分工体系、 經濟贸易體系、政治系统、社会阶级以及增加了知识与经验的积累（例如私人产业制度和文字）。我们可以在美索不达米亚苏美尔城邦中观察到此现象的影响，它宣告着史前时期的结束，历史时代的开端。 == 参考文献 ==
网络外部性,网络外部性（network externality），又称网络效应（network effect）或需求方规模经济（demand-side economies of scale），指在经济学或商业中，消费者选用某項商品或服务，其所获得的效用與「使用该商品或服务的其他用户人数」具有相關性時，此商品或服務即被稱為具有網路外部性。 最常見的例子是電話或社群網路服務：採用某一種社交媒體的用戶人數越多，每一位用戶獲得越高的使用价值。 這個概念在罗伯特·梅特卡夫宣揚之下而廣為人知。 梅特卡夫定律指出：一個網路的價值與聯網的用戶數的平方成正比，也就是每位用戶所獲得的效益並非常數，而是大約隨著網路用戶總人數成線性成長。 當網路外部性以負面呈現時，通常不用這個名詞，而改以網路塞車之類的名詞稱之。 在這樣的情況下，網路用戶總人數越多，每位用戶所獲得的效益則越低，也就是網路整體總的價值以低於線性的速率隨著用戶人數成長，甚或呈負成長。
数码管,数码管，也称作辉光管，是一种可以显示数字和其他信息的电子设备。玻璃管中包括一个金属丝网制成的阳极和多个阴极。大部分数码管阴极的形状为数字。管中充以低压气体，通常大部分为氖加上一些汞和／或氩。给某一个阴极充电，数码管就會发出顏色光，視乎管內的氣體而定，一般都是橙色或綠色。尽管在外观上和真空管相似，其原理并非为加热阴极放射电子。因而它被称为冷阴极管或霓虹灯的一个变种。在室温下，即使处于极端的室内工作条件下，这种管子的温度很少超过40℃。数码管的最常见形式有10个阴极，形状为数字0到9，某些数码管还有一个或两个小数点。然而也有其他类型的数码管显示字母、标记和符号。如一种 “ 数码管 ” ，其阴极为一个模板制成的面具，上面有数字形状的孔。一些俄罗斯的数码管，如IN-14，使用倒立的数字2代表5，大概是为了节约生产成本，而没有明显的技术或美学方面的原因。俄罗斯的数码管大部分都使用了倒立的2作为5。 将170伏的直流电压加在阴极和阳极之间，每一个阴极可以发出氖的的红橙色光。由于混合气体的不同，不同类型的数码管之间的颜色有所区别。寿命较长的数码管在制造中加入了汞，减少了溅射，结果发出的光的颜色为蓝色或紫色调。在某些情况下，这些颜色被玻璃上的红色或橙色过滤涂层过滤。
Nokia 1,诺基亚1（Nokia 1），是一款定位于备用机、儿童机、老人机和发展中国家市场的入门级安卓智能手机，由HMD公司研发 ，在MWC2018世界移动通信大会上同Nokia 8 Sirocco、Nokia 7 plus和功能机Nokia 8110复刻版同时发布 ，初步完成诺基亚的全档次品牌布局。诺基亚1外观设计颇为用心，在一体式时代罕见地提供了可以轻松更换的多彩后壳Xpress-On Covers，同类型替换式外壳最早出现在诺基亚5110中。
諾基亞Lumia 1320,诺基亚 Lumia 1320是诺基亚公司在Nokia World 2013上发布的一款Lumia 系列手机，其6英寸的ClearBlack IPS屏幕使它与Lumia 1520并肩成为屏幕最大的Lumia 手机。 Lumia 1320在中国大陆于2013年12月末上市，售价2499元。
非接入层,非接入层（原名NAS，Non-access stratum）存在于UMTS的无线通信协议栈中，作为核心网与用户设备之间的功能层。该层支持在这两者之间的信令和数据传输。 +- – - – - – - – - – - -+ +- – - – - –
非火箭航天发射,非火箭航天发射是一种部分或全部的采用火箭发动机外的其他推进方式的航天发射方式。如在火箭橇发射或空中发射中，在通过其他手段获得初始速度或高度后，火箭才被应用。
ORCID,开放的研究员和贡献者ID（英语：Open Researcher and Contributor ID，简称ORCID）是一种非专有的字母及数字代码，用以唯一性识别科学家及其他学术作者和贡献者。此地址簿要解决的问题是，特定作者在科学文献或出版物上的人名可能不唯一而难以识别，它们可能改变（如因婚姻）、顺序上有文化的差异、对不同的部分缩写，以及使用不同的文字系统。它为一个人提供一个持久的身份，类似为数字网络上的内容相关实体创建数字对象标识符（DOI）。 ORCID组织提供一个开放、独立的注册表，旨在成为研究和学术出版领域中贡献者识别的事实标准。2012年10月16日，ORCID启动其注册服务，并开始发布用户标识符。
Office助手,Office助手（Office Assistant）是微软Office从Office97开始具有的特性。这个特性是提供不同的搜索功能的程序帮助系统的入口，这个系统在Office 97至2002年Windows版本和98至2004 Macintosh版本是基于贝叶斯算法的。Office助手最初是由滑铁卢大学的计算机科学实习生设计和发展的。其默认助手为大眼夹（英语：Clippy），由Kevan J. Atteberry设计。
網上羞辱,網上羞辱是網絡自警行為的一種，參與群眾會用社交或新媒體等科技，針對羞辱對象公開地羞辱。支持羞辱的人認為這是一種網絡事務參與、允許黑客行動主義者和網絡異見人士糾正不公義的一種形式。批評者認為這是一個鼓勵網絡暴民，去破壞曾作出被視為輕藐行為的人或組織，其聲譽和事業的工具。 網上羞辱事件往往涉及私人資料被公開甚至人肉搜索，並經常因而導致仇恨訊息和死亡威脅，用來恐嚇對方。公開羞辱的倫理已經成為隱私和道德的爭論點。
本体 ( 信息科学 ),在计算机科学与信息科学领域，理论上，本体是指一种 “ 形式化的，对于共享概念体系的明确而又详细的说明 ” 。本体提供的是一种共享词表，也就是特定领域之中那些存在着的对象类型或概念及其属性和相互关系；或者说，本体就是一种特殊类型的术语集，具有结构化的特点，且更加适合于在计算机系统之中使用；或者说，本体实际上就是对特定领域之中某套概念及其相互之间关系的形式化表达（formal representation）。本体是人们以自己兴趣领域的知识为素材，运用信息科学的本体论原理而编写出来的作品。本体一般可以用来针对该领域的属性进行推理，亦可用于定义该领域（也就是对该领域进行建模）。此外，有时人们也会将 “ 本体 ” 称为 “ 本体论 ” 。 作为一种关于现实世界或其中某个组成部分的知识表达形式，本体目前的应用领域包括（但不仅限于）：人工智能、语义网、软件工程、 生物医学信息学、图书馆学以及信息架构。
本体工程,本体工程，又称为本体论工程、本体论设计或本体设计，是计算机科学与信息科学当中的一个新兴领域，旨在研究用于构建本体的方法和方法学。本体工程乃是一个新兴的研究和应用领域，关注的是本体开发过程、本体生命周期、用于构建本体的方法和方法学以及那些用于支持这些方面的工具套装和语言。
開放手機聯盟,開放手機聯盟（英语：Open Handset Alliance，簡稱OHA）是一個由手機製造商、軟件開發商、半导体製造商、電信運營商等企業組成的商業聯盟，目标是為行動裝置開發開放標準。
开源标准,开源标准是一项公开发表的标准，拥有与之相关的权利，以及与之设计相关的属性（如：开源进程）。 由于其复杂的用途，不存在一个对于开源标准的单独定义。 开源和标准两词联系其广泛的用途，拥有大量不同的含义。 对于开源标准的不同定义强调了不同程度的开源，包括对结果的规格的开源，草案进程的开源以及所有权利的归属。 “ 标准 ” 一词有时被限制于明确的组委会批准的开放给所有有兴趣的人一同参与的基础技术。 有关于开放的定义用于学术机构、欧盟以及一些其成员，例如：丹麦、法国、西班牙等，杜绝开源标准需要收费使用。 而在标准化组织这一侧，例如万维网联盟则允许开源标准基于一个買斷式授權的收费基础。 许多有关于标准的定义都持有明显的 “ 合理且无歧视性协议 ” 收取买断式授权观点。 举例来说，由一些被国际广泛认可的标准委员会发布的标准，比如 互联网工程任务组（IETF）、國際標準化組織（ISO）、国际电工委员会（IEC）及ITU-T所提供的标准就包含了需要进行付费授权的相关标准。在这些组织中，只有IETF和ITU-T特别地称他们的标准为 “ 开源标准 ”
失控,"《失控：机器、社会与经济的新生物学》（英语：Out of Control : The New Biology of Machines , Social Systems , and the Economic World）是凯文·凯利于1994年所著的书籍。失控的主题包括控制论、突现、自我组织，复杂系统和混沌理论，本书也可以被视作科技烏托邦主義的著作。 失控的中心理论是当代科学与哲学拥有共通之处：智慧不再被集中组织，而是更像蜂巢中的一个个蜂窝。凯利将这个观点应用于官僚组织和超越人脑的智能计算机。 失控也是在演出1999年的电影《黑客帝国》之前，沃卓斯基兄弟要求出演尼奥一角的基努·里维斯在开始读剧本之前必须阅读的三本书之一，（另两本是《仿像與模擬》）和《演化心理学》）《失控》已被翻译为五种语言，包括西班牙语，德语，意大利语，日语和中文。中文版失控的翻译是由东西网在众包下完成，为作者称赞（致中文读者序）。。"
空中编程,空中编程（英语：Over-the-air programming，缩写OTA）是一种为设备分发新软件、配置，乃至更新加密密钥（为例如移动电话、數位視訊轉換盒或安全语音通信设备——加密的双向无线电）的方法。OTA的一项重要特征是，一个中心位置可以向所有用户发送更新，其不能拒绝、破坏或改变该更新，并且该更新为立即应用到频道上的每个人。用户有可能 “ 拒绝 ” OTA更新，但频道管理者也可以将其踢出频道。 移动内容领域中还包括空中提供业务（over-the-air service provisioning，OTASP）、空中提供配置（over-the-air provisioning，OTAP）或空中参数管理（over-the-air parameter administration，OTAPA），或向手机提供必要的设置以使其能访问WAP或MMS等服务。 随着手机上的应用和功能越来越多，OTA配置已越来越重要。通过SMS可以OTA更新SIM卡中的数据，以及向手机分发软件更新以及访问WAP、MSS等服务的必要设置。OTA消息可为手机提供远程控制的服务、订阅激活、个性化及编程。已建立各标准化机构以帮助开发、监督和管理OTA。其中之一是開放移動聯盟（OMA）。 在最近，在無線感測網路和物联网中又有了新的概念，在数百或数千节点组成的网络中，OTA被带入了新的方向：OTA首次使用无须许可的频带（2.4 GHz、868 MHz、900 MHz）以及低能量与流量消耗的协议，例如802.15.4和ZigBee。Motes通常位于远程或难以访问的位置。例如，Libelium为ZigBee WSN设备实现了智能且易于使用的OTA编程系统。此系统使固件升级变得无需物理访问，节省了重新编程所需的经费和时间。
使用手冊,说明书，或称作rap
傳呼機,傳呼機（大陸通稱寻呼机；台灣通稱呼叫器；香港通稱傳呼機，俗稱BP机、BB机、B.P.Call、Call机。法規上名詞是無線電叫人業務），是一种具有接收和传送简易文字信息功能的个人无线电通讯工具。現已式微。
寻人信息交换格式,寻人信息交换格式（People Finder Interchange Format，PFIF）是一种广泛使用的开放数据标准，该标准可用于登记失踪人员或流离失所人员的信息。PFIF被设计为可以在政府机构，救援组织，以及其他幸存者登记处之间实现信息共享，以帮助人们在灾难发生后找到和联系他们的家人和朋友。
永动机,永动机是一类所謂不需外界输入能源、能量或在仅有一个热源的条件下便能够不断运动并且对外做功的机械。历史上人们曾经热衷于研制各种类型的永动机，其中包括达芬奇、焦耳这样的学术大師。在热力学体系建立后，學界認定永动机相悖於热力学基本原理的设想，而將之從正統學術界中排除。然而永动机的研究者始終未曾間斷。从一个侧面也可以认为，人类对永动机的热情以及制造永动机的种种实践，推动了热力学体系的建立和机械制造技术的进步。 1775年法国科学院通过决议，宣布永不接受永动机。现在美国专利及商标局严禁将专利证书授予永动机类申请。 2017年證實了時間晶體的存在，其原子運動無需任何外界能量來維持，符合「永動」的字面定義，但其能量在加入額外的能量前不可能被利用。如果時間晶體的熵不夠高，晶體可能會四散成粒子，因為後者才有更高的熵值，雖然這可能需要很久的時間。
人物誌 ( 用戶體驗 ),人物誌（Persona）是一種在行銷規劃或商業設計上描繪目標用戶的方法，經常有多種組合，方便規劃者用來分析並設定其針對不同用戶類型所開展的策略。 人物誌當中，簡單者可能僅具有年紀、職業和一段基本敘述，複雜者可能具有人口、態度、使用物品、喜好、渴望與操作行為等等具體描繪的事物。一張人物誌的人物名稱，多半都是虛構的，且名字簡短，可讀，容易記憶。人像有時採用素描人像的方式，有時則以接近的圖庫模特兒取代。 目前人物誌的方法也廣泛用於軟體設計、廣告設計、新科技開發與新市場定位等領域。其最著要的用處還是將人物角色接合市場區隔策略之後，帶出說服力。經常對最終規劃決策有幫助。例如服務、產品與互動空間上都能引導出有效的討論，對於大型專案如一個以用戶為中心的軟體工程開發，則可以使得開發方向有一個具體目標，人物誌的方法已經被認為是互動設計的一部分，且在網路行銷規劃中是一常見的名詞。
個人通訊服務,個人通訊服務（Personal Communication Service，簡稱 PCS），是1990年代出現，強調人人可以擁有的流動通訊服務。
禁售燃油車,禁售燃油車是一項旨在減少交通工具所排放之溫室氣體和懸浮微粒的交通政策。自2005年以來，許多國家已相繼公告並推動禁售燃油車政策，計畫將在未來數十年內禁止販售部分或所有以化石燃料（包括汽油、液化石油氣和柴油）為動力源的運具，進而達成改善空氣污染、減緩全球暖化等目的。因為禁售燃油車政策的目標規範較為簡單、明確，相較於其他包羅萬象的淘汰化石燃料政策，普遍更受各國政府歡迎。
人工智能哲學,人工智慧哲學試圖回答下列問題： 機械可以有智慧的運作嗎 ? 可以解決人透過思考處理的所有問題嗎 ? 人類智慧和人工智慧是一樣的嗎 ? 人腦本質上是電腦嗎？ 機械可以如同人類一般擁有自己的精神、心理狀態和意識嗎？能感知東西是如何嗎？這三個問題分別反映了人工智慧開發者、語言學家、認知科學家和哲學家的不同興趣。透過討論 “ 智能 ” 、 “ 意識 ” 的定義，和 “ 機械 ”
留聲機圓筒,留聲機圓筒是最早的錄音及放音媒介商品，在1896年至1915年最為流行，在當時被普遍稱為「唱片」。這些中空圓柱體的外側表面刻上聲頻，可以在圓筒留聲機上播放。在1910年代，錄音磁盤淘汰留聲機圓筒在市場上獨佔鰲頭，成為主流的錄音媒介商品。
先驅者鍍金鋁板,先驱者鍍金鋁板，是指安裝在兩艘無人駕駛太空探測器－先驱者10號及先驱者11號上，一塊載有由人類發出的訊息的鍍金鋁板。板上刻有一男一女的畫像，及一些符號用以表示這艘探測器的來源。就像海中漂浮的瓶中信，這段訊息將會在星際間漂浮。但是，若探測器要航行到一個距離太陽系30光年距離的恆星的話，其所需的平均時間就已經比我們身處的銀河系現時的年齡還要長。 先驱者探測器是第一個離開太陽系的人造物件。這塊鍍金鋁板裝嵌在探測器上天線的主柱之下，用以保護其不受太空塵所侵蝕。美國太空總署希望這塊板及探測器本身能比地球及太陽更加長壽。 在先驱者計劃後，旅行者計畫的探測器亦仿效這塊鍍金鋁板，把更加複雜及詳細的訊息收錄於旅行者金唱片之中，隨著探測器於1977年發射到太空之中。
平版印刷,平版印刷是以平面的印版印刷的一种方法，是目前世界上应用最广泛的印刷工艺，也是制造半导体和MEMS设备的方法。
播客,播客（台灣和香港直接稱為「Podcasting」）是一種數碼媒體，指一系列的音訊、影片、電子電台或文字檔以列表形式經互聯網發佈，然後聽眾經由電子裝置訂閱該列表以下載或串流當中的電子檔案，從而接收內容。英語「Podcast」一詞是「iPod」和「broadcast」（廣播）的混成詞。由於英文中的Podcast、Podcaster（播客錄製者）及Podcasting等詞語相關，所以在中文中被統稱為「播客」。 播客的分發者在他們的伺服器中把一系列的音訊檔或影片檔在RSS消息來源列出，或把新的集數放進列表中。然後，聽眾或觀眾則透過客戶端軟件存取該列表檢查更新，以下載系列中新的集數收聽。下載後的媒體檔則儲存在用戶的電腦或其他裝置內，以便在離線時聆聽或觀看，與在線收聽或收看的網上直播或串流不同。
位置传感器,位置传感器是可量測位置的传感器。它可分为绝对位置传感器和相对位置传感器（位移传感器）。根据测量变量的性质来分类，位置传感器可分为线性的、角度的和多轴的。 现有的位置传感器有： 电容式换能器（Capacitive transducer） 电容式位移传感器 涡流传感器 超声波换能器 光栅传感器 霍尔效应传感器 感性非接触式位置传感器 激光多普勒测振仪（光学） 线性可变差动变压器（LVDT位移传感器） 多轴位移传感器（Multi-axis displacement transducer） 光电二极管阵列 压电换能器 电位器 接近传感器（光学） 旋转编码器（角度）
材料可靠性鉴别,材料可靠性鉴别，主要针对金属合金的分析，以确定组成元素含量的百分比。传统的材料可靠性鉴别的方法包括X射线荧光和发射光谱分析等。
後工業社會,後工業社會是社會科學名詞，指涉開始自1960年代的工業社會轉型出現的社會現象，該詞最早出自社會學家丹尼尔·贝尔（Daniel Bell）的著作《後工業社會的來臨》（The Coming of Post-Industrial Society，1973）。 1960年之後，一般認為工業社會已進入變化期，跟一百多年前歐洲社會由農業社會轉變成工業社會一樣鉅大。 貝爾在書中認為，現代工業社會正在進入一個新的發展階段，即後工業階段。其特徵如下： 由產品生產轉變為服務生產 職業：專業／技術人員主導 理論知識居中心地位 未來：技術評估及智能技術的重要性 管理革命：管理由人與自然轉變為人與人 新的匱乏——信息、時間、資源的供應不夠 信息經濟的挑戰：信息＝公共物品如果信息被私有化，那佔有的人有無上的權力，相反，未能佔有者便會被推向低層，如數碼隔膜。
PostScript,PostScript（PS）是主要用于电子产业和桌面出版领域的一种页面描述语言和编程语言。
PowerVu,"PowerVu 為一種数位電視加密用的條件接收模組 ( CAM ) ，由Scientific Atlanta公司 ( 現為思科系統 ) 設計及擁有。它主要用在專業廣播系統中，使用此系統的業者包括Retevision，彭博電視 ( Bloomberg Television ) , 探索頻道 ( Discovery Channel"
过程性知识,关于BIM的一些分析： 过程性知识（Procedural Knowledge）
程序記憶,内隐记忆（implicit memory），又稱為程序記憶（procedural memory），一种长期记忆的形式，指關於技術、過程、或「如何做」的記憶。記憶有時候會被貯存在程序記憶（procedural memory）中，當一個人做了某一特定身體動作時，便觸發了這個記憶。 例如：当人学习过某些知识，却无法回忆或再认时，这些知识的记忆依旧存在，只是以一种无意识的方式表现出来。心理学家用词干补笔任务和补笔任务（一个单词缺几个字母，让被试填补成最先想到的单词）发现了这种记忆。
程序變數,过程变量（process variable）是指受控过程的狀態变量（state variable），像是鍋爐中的溫度即為一例，鍋爐目前的溫度是过程变量，而希望鍋爐達到的溫度即為目標值 ( desired value ) 。 过程变量中的测量是过程控制（Process Control）中重要的一环。过程变量在变化中是过程中的動態特性 ( dynamic characteristics ) 的重要表征。若要維持过程的精確性，就需要精確的测量当前状态变量，并且通过不同的系统输入（system input）控制过程变量达到目標值。像在化學工程中，常見的过程变量有溫度、壓力、液面高度及流量。此名词大量的应用于process control community 例如半导体制造领域。
產品設計規格,產品設計規格（product design specification，簡稱PDS）是一份文件，可以說明設計方式、所預期達到目的，以及設計和需求的符合程度。需求可以從產品需求規格（Product Requirement Specification，簡稱PRS）中產生。產品設計規格的目的是在確認產品後續的設計及開發可以符合使用者的需要（或需求）。產品設計規格是产品生命周期管理中的文件之一。
公共陆基移动网,公共陆基移动网（Public land mobile network，或简称 “ PLMN ” ，大陆：公共陆地移动网络、公众陆地移动电话网、公用陆地移动网络、公用陆地移动通信网、公共陆基移动网；台湾：公衆陸地行動網、陸地行動電話網路、公衆行動電話網路、公衆移動電話網絡；香港：公地流動網路）是一电子通讯术语，为基于陆地、必须装备无线电发射台（发射塔）与基地台的移动电话设施的总称，与其他公共陆基移动网络、提供电话通讯的交换网、传送数据和提供因特网服务的服务商实现互联。 PLMN由移动设备国家代码（MCC）和移动设备网络代码（MNC）标识。每个运营商都有其自己的PLMN。
帕格沃什科学和世界事务会议,帕格沃什科学和世界事务会议（Pugwash Conferences on Science and World Affairs）是一个学者和公共人物的国际组织，目的是减少武装冲突带来的危险，寻求解决全球安全威胁的途径。1955年《罗素-爱因斯坦宣言》发布，之后不久的1957年，该组织成立，创建人为约瑟夫·罗特布拉特和伯特兰·罗素，创立地点为加拿大帕格沃什。罗特布拉特与帕格沃什科学和世界事务会议因在核裁军上的努力而获得了1995年诺贝尔和平奖。
压缩中转服务,压缩中转服务，是指在使用网络通信时，使用某种特殊的代理服务器进行数据交换，使其具有压缩数据的能力减少传输流量和使用费用，并提高传输速度的一种技术。
推送技术,推送技术，或者说是是一种基于Internet通信方式的服务器推送，其中要求通信的请求是由发布者或中央服务器发起。与 pull/get 形成对比，額外信息传输的相应一般由接收者或客户端发起。 推播服务通常是基于提前的信息预设置上。也就是所谓的 publish/subscribe 模型。客户通过订阅由服务器提供各种信息的频道，不论何时都可以在其中一个频道得到新的内容，同样服务器通过推送把信息传递给相应的客户端。 推送技术有时候也会模仿轮询方式去推送，尤其是在不能真正地去推送地情况下，例如那些命令拒绝HTTP/S请求的安全策略的站点。
射頻共振空腔推進器,射頻共振空腔推進器（RF resonant cavity thruster）或稱相對性推進器是一種尚具爭議性的新型態推進裝置，最常見的稱呼為「電磁推進器」（EmDrive、電磁驅動引擎），由英國航空太空工程師Roger Shawyer發明，他在2000年創建Satellite Propulsion Research 。這種技術可以用來促進交通工具革命，包括地面交通，海洋交通，航空和太空載具。 至2016年底，相對性推進器研究已經逐漸進入主流科學界實驗如NASA，但批評家認為相對性推進器違反動量守恆。一些科學家及美國太空總署林顿·约翰逊太空中心鷹工廠（Eagleworks）實驗室，德國德勒斯登工業大學、西北工業大學已經完成原型設計。目前有一些實驗觀察到相對性推進器產生小型推力，但也受到其他科學家懷疑。目前相對性推進器研究正在進行中，仍沒有令人信服的物理原理出現。2017年 NASA將進行太空實驗。
RTFM,RTFM，是一個英文縮寫，意思是：「去讀那些他媽的手冊」（Read The Fucking Manual），這句話通常用在回覆那些只要查閱文件就可以解決，拿出來提問只是浪費別人時間的問題。而為了避免這個縮寫單詞，因為用了「fuck」（他媽的）這個單詞而攻擊性、火藥味太重，RTFM也被解釋成「去讀那些愚蠢的手冊」（Read The Foolish Manual）；有的時候也解釋成「去讀那些友善的手冊」（Read The Friendly Manual）或「去讀那些寫得不錯的手冊」（Read The Fine Manual）。另外，有時候就乾脆把「F」拿掉，直接寫成RTM（去讀手冊，Read The Manual）。
無線介面層,無線介面層（英语：Radio Interface Layer，縮寫為RIL），是作業系統的一層介面，它負責提供介面，來控制行動電話的數據機（Modem）與無線電。
实时计算,即時運算（Real-time computing）是電腦科學中對受到「即時約束」的電腦硬體和電腦軟體系統的研究，即時約束像是從事件發生到系統回應之間的最長時間限制。即時程序必須保證在嚴格的時間限制內響應。通常即時回應時間會是以毫秒為單位，也有時是以微秒為單位。相比之下，非即時系統是一種無法保證在任何條件下，回應時間均符合實時約束限制的系統。有可能大多數的情形下，非即時系統都可以符合即時約束限制，甚至更快，只是無法保證在任何條件都可以符合約束限制。 在其他領域中也有用到「即時」这个词，但其含義不同：在仿真领域，即時是指「即時时钟同步」，此外在数据传输、多媒体处理和企业系统领域，实时意思是「感觉不到延迟」。 即時軟體必須使用一種或多種同步編程語言、实时操作系统以及建立在一個實時軟件應用程序上的即時網絡提供的基本框架。 防抱死系统是个即時運算系统的简单例子，在这个系统中的即時即時约束是為了避免车轮锁死，刹车必须释放的时间。即時電腦系統的反應最後期限一般和事件有關，若没能在最后期限前完成，即為即時電腦系統的失效。不論系统负载如何，即時電腦系統均需滿足最后期限的限制條件。
实时动态技术,实时动态技术（英语：Real Time Kinematic，RTK）是实时动态载波相位差分技术的简称，是一种通过基准站和流动站的同步观测，利用载波相位观测值实现快速高精度定位功能的差分测量技术。RTK系统由1个基准站、若干个流动站及无线电通讯系统组成。作业时，在已知高等级点上安置1台接收机作为基准站，对GPS卫星进行连续观测，并将观测数据和测站信息通过无线电传输设备实时地发送给流动站，流动站接收机在接收GPS卫星信号和采集卫星数据的同时，通过无线接收设备接收来自基准站的数据链，并在系统内对采集和接收的2组数据进行载波相位差分处理，实时结算出流动站的三维坐标及其精度。使用RTK技术利用基准站和流动站之间观测误差的空间相关性，通过差分的方式除去流动站观测数据的大部分误差，从而实现高精度定位。 == 参考资料 ==
即時聚合酶鏈式反應,即時聚合酶鏈式反應（英语：Real-time polymerase chain reaction）是一種在DNA擴增反應中，以螢光染劑偵測每次聚合酶鏈鎖反應（PCR）循環後產物總量的方法。 此實驗法已被眾多科學家採用，因為其偵測範圍廣、靈敏度高、準確、專一及快速。PCR的發展因為偵測感染病患的病毒（不過RNA病毒須先反轉錄成DNA才進行PCR）或細菌量、癌症監測、診斷個別基因差異的用藥反應等應用而大幅提高。 PCR的方法是基於偵測目標物在反應前及PCR後產物的量化關係，越早探測到指定螢光值表示目標基因組越多。相對於終端PCR方式（end-point PCR，傳統的PCR配合凝膠電泳，在反應後偵測）qPCR有許多優點。其結果可以較快取得且穩定，因為是採用非常敏感的化學螢光，而且不需要再繼續處理PCR反應後的偵測，花費時間與精神的工作步驟便可以省下。此外，因為反應後不需打開管子而減少了操作污染。qPCR分析亦適於更具挑戰性的應用，如多重偵測與高通量分析。
往复泵,往复泵 ( 英语：reciprocating pump ) ，旧称唧筒，一种容积式泵，属于正位移泵。一种利用活塞或柱塞在泵柱内往复运动，使活塞或柱塞与泵柱壁间形成的容积改变，从而吸入和排除液体并提高其压力的泵。按驱动方式可分为蒸汽制动泵和动力泵。 往复泵能产生较高的压力，但排量较小，适用于需要高压液体的场合。由于活塞与缸壁直接接触，不适宜于输送含有固体悬浮物的液体。又由于活塞往复运动的特点，其输出流量是经常起伏变化而不均匀。
發佈版本通知,發佈版本通知（或發佈通知） ( Release Notes ) ，是指當軟體有版本發佈 ( Release ) 時，一併附在文件上藉以說明軟體內容的文件。
可再生能源,可再生能源（Renewable Energy）為來自大自然的能源，例如太陽能、風力、潮汐能、地熱能等，是取之不盡，用之不竭的能源，會自動再生，是相對於會窮盡的不可再生能源的一種能源。 另一方面，近年來世界上有些國家也意識到可再生能源的重要性，而大力鼓吹，特別是在風電方面，風電從1990年來即每年有30 % 的成長速度，至2016年全球裝機容量已達486.790 GW。另外就個別國家而言：例如德國：再生能源發電從1990年占全部發電量約3.1 % ，發展至2010年底的17 % ，其中36.5 % 為風電；33.5 % 是生物質能發電，19.7 % 是水力，太陽光電有12 % ，有37萬的就業人口。 近幾年來，由於氣候變遷對人類帶來的警訊，讓各國政府紛紛思考如何減碳節能。為減少對化石能源的依賴性，有些國家便轉而求救於核能發電，以達減碳又同時成本低廉的效果，惟自2011年3月11日發生的日本福島核災以後，許多國家原本雄心勃勃的擴核計劃，都大大地受到質疑，極有可能會 “
中继器,在通信领域，中继器（Repeater）有如下含义： 一个将输入信号增强放大的模拟设备，而不考虑输入信号种类（是类比的还是数位的）。中繼器是用來加強纜線上的訊號，把信號送得更遠，以延展網路長度。當電子訊號在電纜上傳送時，訊號強度會隨著傳遞長度的增加而遞減。因此需要中繼器將訊號重新加強以增加資料的傳送距離。 一种用于频率转换及功率增强的模块或设备，如中继卫星，它分上行频率和下行频率，主要用于信号增强和频率差转。
報告,報告，專指陳述調查本身或由調查得出的結論。報告可以是機關對其內部調查的結果，或由獨立的研究人員進行調查的結果。報告的風格與結構因應各個機構的慣例而有所不同。
富通讯解决方案,富通訊解決方案（英语：Rich Communication Services，缩写：RCS）計畫是一個GSM協會，是一个旨在創建應運商之間基於IP Multimedia Subsystem ( IMS ) 的基礎上通信服務而起的計畫。 RCS由GSMA下的成員 ( 5位歐洲電信商 ) 以代號joyn名字推入市場。RCS的主要功能包括 : 強化的電話簿 ( Enhanced Phonebook )
RTF,富文本格式（Rich Text Format）即RTF格式，又称多文本格式，是由微软公司开发的跨平台文档格式。大多数的文字处理软件都能读取和保存RTF文档。
漫遊,漫遊（英语：roaming）指的是用戶於原先申請的電信公司所提供服務的網路以外，在其他電信業者甚至是國外的電信業者所提供的電信網路範圍使用語音通話、數據傳輸等電信服務，以使通訊可以保持而不中斷。 由於漫遊涉及到用戶認證及拆帳等問題，電信業者間需簽定漫遊協議才會允許雙方或多方的用戶可互相漫遊。通常情况下，处于漫游状态的用户并不需要更换手机号码，但是在使用某些服务时可能会受到限制，费率也会有明显的提高。
机械伦理学,机械伦理学是适用于机械的伦理学。它是以人类为中心，关于机器人的建造和使用的伦理学。
室溫超導體,室溫超導體又稱常溫超導體，其實不論高溫、室溫或低溫，只要盡量將化合物中的各種粒子給處於穩定一點的狀態，並令 ( 其中各種粒子的 ) 自旋方向一致，自旋速度一致，如此一來便能使得，待傳送的那個電子擁有一個更平穩.順向 ( 像是氣流用語中的 '' 駛流方向 & 輻合方向 ) .的傳送環境，便可近乎於常温超導體的概念了， ( 傳送過程中， 不被反向自旋的粒子 ，給碰撞干擾 ，也不被順向但自旋較慢之粒子給減速 ) ==
羅伊·羅森茨維格歷史與新媒體中心,"羅伊·羅森茨維格歷史與新媒體中心（英語：Roy Rosenzweig Center for History and New Media , CHNM ) ，是位於美國維吉尼亞州的喬治梅森大學的研究機構。中心由羅伊·羅森茨維格於1994年建立，工作包括數位媒體的研究、利用，以及資訊科技在歷史研究、教育上的應用、數位工具及資源、數位典藏、推廣等等。"
趋势图,趋势图（英文：run chart），也称运行图、链图、走势图，是一类在时间序列中表达数据变量的統計圖表，通常该数据在一些工业或商业过程中可用来表达特定程序的表现。
犧牲件,犧牲件（sacrificial part）是一種特殊的組件，其設計的目的就是在異常機械應力、異常電壓或電流、或是其他異常且危險的條件下，犧牲件會先損壞，以保護系統中其他部份不致於受損。 例如一般電氣或開關中用的保險絲，在電流超過一定數值時會燒斷，電流就無法進到設備，避免設備損壞或其他更大的災害 犧牲件的例子包括： 保險絲 爆炸隔膜 安全销 陰極防蝕
取樣資料系統,取樣資料系統（sampled-data system）是一種用離散時間控制器來控制連續時間受控體的控制系統。取樣資料系統是時變系統，但若配合週期性的取樣，也是週期糸統，因此可以將受控體離散化，用簡化的離散系統來表示。不過離散模型無法表達在二個取樣點之間的系統特性，這在一些應用中可能有關鍵性的影響。 採用全時間資訊的取樣資料系统分析也產生了一些有挑戰性的控制問題，其中有豐富的數學結構。許多問題是近年才解出來的。
可扩展性,可扩放性 ( Scalability ) 是指问题规模和处理器数目之间的函数关系。
科技,科技可以表示： 科學與技術的合稱。 技術－Technology 理工－ '' Science and technology '' 的早期翻譯 == 参考文献 ==
理工,理工（理工科）一詞泛指所有與數學和自然科學（即 “ 理科 ” ）以及工程學（即 “ 工科 ” ）相關的學科。
科学期刊,科学期刊（scientific journal）是一种发表经过同行评审的科学研究相关论文的周期性刊物。科学期刊是科学研究者获取了解同行工作的重要渠道。著名的科学期刊往往具有重要的影响力，往往能影响科学研究的方向和科研资金的投入。在中国，科学期刊的发表对科研人员的考核具有重要作用 科学期刊的历史可以追溯到1665年，当时法国的期刊《Journal des sçavans》和英国的期刊《自然科学会报》第一次开始系统发行科学研究结果。 科学期刊的评估一般采用影响因子。
第二次工业革命,第二次工业革命，也称第二次科技革命，是指1870年至1914年的工业革命。其中西欧（包括英国、德国、法国、低地国家和丹麦）和美国以及1870年后的日本，工业得到飞速发展。第二次工业革命紧跟着18世纪末的第一次工业革命，并且从英国向西欧和北美蔓延。第二次工业革命以電力的大規模應用為代表，电灯的发明为标志。
语义互操作性,语义互操作性，又称为语义协同工作能力或者语义互用性，是互操作性的一种层次。IEEE（Institute of Electrical & Electronic Engineers，电气与电子工程师协会）对互操作性做出了如下定义： 从IEEE的上述定义来说，语义互操作性就是指两个或多个系统或组成部分之间对所已经交换的信息加以使用的能力。 对于旨在真正实现互操作性的任何工作而言，语义互操作性都不可或缺。数据交换至少要涉及到两个计算机系统参与方：即发送方计算机系统和接受方计算机系统。数据交换旨在为所有的参与方计算机系统，或者交换双方或其中之一带来有用的结果。不过，这些参与方计算机系统的所有用户事先已经就有关何谓有用结果的规定达成了一致意见。只有当参与方计算机系统之间所交换的数据能够得到对方正确处理和使用的情况下，才能称为实现了语义协同工作能力。
目標值,目標值（target）也稱為設定值（setpoint，簡稱SP）或參考值（reference），是模控學及控制理论中的名詞，是指系統想要達到的狀態，常用來描述系統標準的組態。變數相對其目標值的偏離量是以誤差為準的控制系統的基礎，會利用回授的方式使系統回到其穩態。例如一個鍋爐有其溫度設定值，也就是鍋爐控制系統希望鍋爐維持的溫度。
AQUOS,夏普Aquos（英语：Sharp Aquos），是一个日本夏普公司创建的LCD电视和部件的品牌。它从小型可持有款式（比如13吋B系列）到大型电视戏院屏幕（比如65吋高清系列），此外还为一些移动手机等设备提供屏幕。
硅溪,硅溪（希伯来语：סיליקון ואדי‎‎，英语：Silicon Wadi）是以色列海岸平原的一个区域，高度集中了高科技产业，类似于美国加州的硅谷，其重要性也仅次于前者。这一区域覆盖了该国的大部分高技术产业，尤其以特拉维夫周围地区最为集中，包括赖阿南纳、佩塔提克瓦、海尔兹利亚、内坦亚、里雄莱锡安以及雷霍沃特的科学城。此外，高技术集群也分布在海法和凯撒利亚。最近，高科技机构已经进入耶路撒冷，以及约克尼穆。 == 参考 ==
智慧水管,智慧水管（smart pipe）是指一種網路類型，網路業者可於該網路上操縱既有或特有之服務，以及業者的用戶關係，以提供數據連接以外的價值。「智慧」一詞是指業者可透過附加（且通常是獨特的）頻寬與網路速率以外的服務或內容，以增加其價值。 行動通訊業者常見的營運模式有智慧水管、圍牆花園與笨水管3種。
科学技术与社会构建,技术的社会建设（Social construction of technology ，SCOT）是社会学研究的领域，起源于社会因素在技术和科学技术进步的发展中地位的社会建构论（constructivisme social），由英美研究人员在上世纪80年代发起，试图说明社会和科学技术之间互动的重要性。
社交網路服務,社交網絡服務（亦稱社群網站），主要作用是為一群擁有相同興趣與活動的人建立线上社区。这类服务往往是基于互联网，为用户提供各種聯繫、交流的交互通路，如电子邮件、即時通訊服务等。此類網站通常通過朋友，一傳十、十傳百、百傳千地把網絡展延開去，就像樹葉的脈絡，华语地区一般称之为「社群網站」。 多數社交網絡會提供多種讓使用者互動起來的方式 ，可以為聊天、寄信、影音、檔案分享、網誌、新闻组等。社交网络为信息的交流與分享提供了新的途徑。作爲社交网络的网站一般會拥有数以百万的登記用户，使用该服务已成為了用户們每天的生活。社交網絡服務網站當前在世界上有許多，知名的包括Google+、Myspace、Plurk、Twitter、Facebook等。在中国大陆地区，社交网络服务为主的流行网站有微信、抖音、百度贴吧、微博等。 在早期的互联网上，有許多提供用戶間互動交談的服務，例如：BBS，新闻组等。早期社交网络的服务网站呈现为在线社区的形式。用户多通过聊天室进行交流。 随着網誌等新的网上交际工具的出现用户可以通过网站上建立的个人主页来分享喜爱的信息。 2002年至2004年间，世界上三大最受欢迎的社交网络服务类网站是Friendster、MySpace、Bebo。 在2005年之际MySpace成为了世上最巨大的社交网络服务类网站。传闻当时其页面访问量超越了作为著名搜索引擎的Google。 2006年第三方被允许开发基于Facebook的網站API的应用，使得Facebook随后一跃成为全球用户量增长最快的網站。有更多的網站随后加入自己或是第三方開發者的API。 但 “ 朋友的朋友 ” ，只是社交拓展的一种方式，而并非社交拓展的全部。因此，一般所谓的SNS，则其含义还远不止 “ 朋友的朋友 ” 这个层面。比如根据相同话题进行凝聚（如贴吧）、根据爱好进行凝聚（如Fexion网）、根据学习经历进行凝聚（如臉書，人人网）、根据工作经历进行凝聚（如尚班族、大街网）、根据周末出游的相同地点进行凝聚、根据中国农民应用网络的方式凝聚（如农享网）等，都被纳入 “ SNS ”
科技的社會形塑,根據羅賓‧威廉斯 ( Robin Williams ) 與大衛‧艾吉 ( David Edge ) 於「THE SOCIAL SHAPING OF TECHNOLOGY」一文中指出，有關科技的社會形塑 ( Social Shaping of Technology：SST
社会性软件,社会性软件，或作社群性軟件、社交軟體，是指任何支持群体交流的软件。推动社会性软件发展的原动力明显区别于传统的交互过程。 社會性軟體指的是網路上的一些軟體，這些軟體讓使用者能夠在網路上和他人互動並分享資訊。這類的CMC工具當中有一些網站（例如Myspace、Facebook、Flickr和Youtube）目前相當受歡迎，它們通常都具備開放API、服務導向的設計以及上傳資料和媒體的能力。 再更具體的名稱合作性軟體運用於資料分享系統，他通常只在能使用合作功能的軟體上運用。並能在社會，信任，及合作性項目之中卓越。社會性技術和溝通的技術被用於特定的網路中心組織，還被用在描述知識創作以及儲存完整的協同寫作。學習構成主義的理論家們像是Vygotsky、Leidner和Jarvenpaa都認為傳遞知識的過程有助於創作而且交談也有助於知識的精進。 Conversational KM執行這個的目的，是為了溝通傳播，舉例來說：問題與答案是在組織中成為相關的知識來源。溝通技術被視為能夠支持工作單位和獨立知識工作者的工具。許多使用溝通技術的人們認為他們不只創造出實際的社群也可以接受網路的社群去討論現在的社會組織。
软切换,"软切换（英语：soft handover , soft handoff）是相同的CDMA频道中的切换，其工作原理是在不中断与原基站的连通的情况下与新的基站连通，再与原基站断开连接，即 “ 先通后断 ” 。软切换是CDMA/WCDMA系统中的两种越区切换中的一种，而另一种——硬切换，则可在不同的CDMA频道中的切换。对于扇区化的基站，在同一基站范围内，不同扇区之间的切换称为更软切换（英语：softer handoff）。"
软件文档,软件文档或者源代码文档是指与软件系统及其软件工程过程有关联的文本实体。文档的类型包括软件需求文档，设计文档，测试文档，用户手册等。其中的需求文档，设计文档和测试文档一般是在软件开发过程中由开发者写就的，而用户手册等非过程类文档是由专门的非技术类写作人员写就的。 早期的软件文档主要指的是用户手册，根据Barker的定义，文档是用来对软件系统界面元素的设计、规划和实现过程的记录，以此来增强系统的可用性。而Forward 则认为软件文档是被软件工程师之间用作沟通交流的一种方式，沟通的信息主要是有关所开发的软件系统。Parnas则强调文档的权威性，他认为文档应该提供对软件系统的精确描述。 综上，我们可以将软件文档定义为： 文档是一种对软件系统的书面描述； 文档应当精确地描述软件系统； 软件文档是软件工程师之间用作沟通交流的一种方式； 文档的类型有很多种，包括软件需求文档，设计文档，测试文档，用户手册等； 文档的呈现方式有很多种，可以是传统的书面文字形式或图表形式，也可是动态的网页形式 == 参考文献 ==
电磁阀,电磁阀是阀门的一种，使用电磁线圈驱动。
太空垃圾,太空垃圾（space debris或space junk），是指在绕地球轨道上运行，但不具备任何用途的各种人造物体。这些物体小到固态火箭的燃烧残渣，大到在发射后被遗弃的多级火箭。它们有撞击其它航天器的风险，某些太空垃圾在返回大气层时也会对地面安全造成威胁。 由于太空垃圾以轨道速度运行，若与它们相撞可能会严重损坏尚在运作的航天器，甚至威胁到宇航员在舱外活动时的生命安全。随着太空探索的推进，太空垃圾的数量逐年递增，所带来的问题日益嚴重，受到关注。
太空電梯,空间电梯（英语：Space elevator），又稱軌道電梯，由於頂部直達外太空，所以又名天梯，是一种低成本将有效载荷从地球或其它星球的表面运输到空间的解决方案。
太空纜索,太空纜索是一種延伸至太空的長電纜，可以用於推進、動量交換、穩定和高度控制，或保持衛星、宇宙飛船感應系統。根據任務目標和高度，使用太空纜索可以比火箭發動機更加便宜。
SGML,标准通用标记语言（Standard Generalized Markup Language，SGML）是现时常用的超文本格式的最高层次标准，是可以定义标记语言的元语言，甚至可以定义不必采用 < > 的常规方式。由于它的复杂，因而难以普及。 这是它的一個例子： < QUOTE TYPE= '' example '' > typically something like < ITALICS
史丹佛環面,"史丹佛環面（Stanford torus）是一種宇宙殖民地構想，能夠容納10,000人至140,000人永久居住。 1975年，美國航空航天局在夏季研究的過程中，史丹佛大學提出史丹佛環面當作未來的太空殖民地（傑瑞德·K·歐尼爾後來又提出伯納爾球體（Bernal Sphere）當作替代方案）。沃纳·冯·布劳恩和Herman Potočnik提出旋輪太空站與史丹佛環面不同。 == 參考資料 =="
星際列車,星際列車是一種磁懸浮太空發射系統構想。初始世代的星際列車只能運送貨物，從3至7千米（1.9至4.3英里）山峰上發射，真空管軌道起點則設置在海平面高度，重量預估為15萬噸左右。第二代星際列車可以運送乘客，具有較長的軌道。 SPESIF 2010指出，Gen-1將在2020年之後完成（如果資金在2010年開始投入），第二代星際列車則於2030年之後完成。
结构光,结构光是一组由投影仪和摄像头组成的系统结构。用投影仪投射特定的光信息到物体表面后及背景后，由摄像头采集。根据物体造成的光信号的变化来计算物体的位置和深度等信息，进而复原整个三维空间
SwiftKey,SwiftKey是一個供Android和iOS裝置，例如智能手機和平板電腦使用的輸入法。SwiftKey使用一系列的人工智能技術以預測用戶將會輸入的文字。它可以基於先前的短訊和現時正在輸入的文字來作出輸入的預測。 開發SwiftKey的公司於2008年由喬恩·雷諾茲和本·梅德洛克博士創立。現時公司有超過160名員工，總部位於倫敦薩瑟克，此外在舊金山和首爾都設有辦公室。 2013年9月，SwiftKey宣佈在一輪由B系列投資中取得1750萬美元。 2016年2月，SwiftKey被微軟以2.5億美元收購。
瑞士电信,瑞士電信（Swisscom AG）是瑞士的主要電信供應商之一，和瑞士郵政一樣為原國企PTT的一部分。其總部位于伯爾尼附近的伊蒂根。2006年瑞士聯邦委員會曾提案要讓其完全私有化，但後來自行撤销提案。現在瑞士政府仍持有其51.0 % 的股份。
系统架构演进,系统架构演进（又名SAE，System Architecture Evolution）是3GPP对于LTE无线通信标准的核心网络架构的升级计划。 SAE是基于GPRS核心网的演进，但也有一些不同： 简化架构 全IP网络（AIPN） 支持更高的吞吐量和更低的延迟无线接入网络（RANS） 多个异构接入网络的互通，包括E-UTRA（LTE和LTE升级版的空中接入网络），3GPP遗留系统（例如，GPRS和UMTS各自的空中接口GERAN或UTRAN），也支持与非3GPP系统之间的数据转移（例如WiMAX或CDMA2000或WIFI）
聖卡洛斯 ( 聖保羅州 ),"聖卡洛斯是巴西的城鎮，位於該國南部，由聖保羅州負責管轄，始建於1857年，面積1,137平方公里，海拔高度856米，2017年人口246,088，人口密度每平方公里210.1人。"
聖若澤-杜斯坎普斯,聖若澤多斯坎波斯 ( 葡萄牙语：São José dos Campos ) ，人口約61萬人，在巴西的聖保羅州，是拉丁美洲重要的工業城市、飛機製造和科學研究中心。它坐落在帕拉伊巴河谷，且分別位在巴西最大的兩個城市聖保羅（東北方80公里）和里約熱內盧（西南方320公里）之間。根據聯合國1999年的研究，聖若澤多斯坎波斯是巴西城市的生活水平最高的25個城市之一，也是巴西航空工業公司總部所在地。
Tango ( Google ),Project Tango是Google的一個研發專案，試圖將人類對周遭空間與動態的感知能力賦予行動裝置，其專案與原型機種最初在2014年2月20日透過網路首度公開。第一批原形機種共計200台，計畫於2014年3月14日分發給開發者。 Project Tango由Google先進科技與計劃部門負責，此部門曾在Motorola旗下負責Project Ara。
技术传播,技术传播是一种传达科学、工程或其他技术信息的手段。各种不同领域、具有不同职业技能的人都参与到技术传播中。其中有些人被称为技术传播者或技术写作人员。他们通过一套方法来研究、描述和呈现技术过程或产品。技术传播者将获得的信息放入纸质文档、网页、基于计算机的培训、数字化存储的文本、音频、视频、以及其他传播媒体中。 美国技术传播协会（Society for Technical Communication）将技术传播定义为各种形式的传播，它们具备以下特征：关于技术或专门的主题；使用技术手段进行传播；或提供如何做某事的指导说明。英国科学技术传播者协会 ( Institute of Scientific and Technical Communicators ) 以更简洁的方式将技术传播定义为 “ 基于事实的传播，通常与产品和服务有关 ” 。欧洲技术传播协会 ( European
标准,标准，根据中国国家标准化委员会的定义，是 “ 为了在一定的范围内获得最佳秩序，经协商一致制定并由公认机构批准，共同使用的和重复使用的一种规范性文件。 ” 標準原意為目的，也就是標靶。其後由於標靶本身的特性，衍生出一個「如何與其他事物區別的規則」的意思。會衍生出這個意思也不難理解。標靶是「用來判定技術或成果好不好的根據」，標準是另一個說法。將「用來判定技術或成果好不好的根據」廣泛化，就得到了「用來判定是不是某一事物的根據」 技术意义上的标准就是一种以文件形式发布的统一协定，其中包含可以用来为某一范围内的活动及其结果制定规则、导则或特性定义的技术规范或者其他精确准则，其目的是确保材料、产品、过程和服务能够符合需要。一般而言，标准文件的制定都经过协商过程，并经一个公认机构批准。标准往往对应该严肃对待的方面（比如机器和工具的安全、可靠性和效率，玩具，医学设备）有深远影响。
技术写作人员,技术写作人员 ( Technical Writer ) 是专业的信息传播者。他们通过最便于传递和理解信息的媒介，在两方或多方间传递信息或知识。这些信息的类型包括在线帮助、手册、白皮书、设计规格书、项目计划、软件测试计划等。随着在线学习 ( E-learning ) 的发展，越来越多的技术写作人员投入到创建在线培训资料的工作中。 以下是 Society for Technical Communication ( STC ) 对技术写作的解释： 技术写作有时被定义为
技术写作,技术写作是技术传播内容的写作，可应用于各种技术和专业领域，例如计算机硬件和软件、工程学、化学、航空工程、机器人学、金融、医学、消费电子产品、和生物技术。技术写作是技术传播领域最大的一个分支。美国技术传播协会（Society for Technical Communication）将技术传播定义为各种形式的传播，它们具备以下特征： ( 1 ) 关于技术或专门的主题，例如计算机应用程序、医疗流程、或环境保护法规； ( 2 ) 使用印刷文档或技术手段进行传播，例如网页、帮助文件、或社交媒体网站； ( 3 ) 提供如何做某事的指导说明，无论任务的技术成程度如何。
技术革新,技术革新、技术开发和技术成就（或技术进步）是技术或过程上发明、创新和扩散的整体过程。本质上，技术革新也是技术（包括过程）发明及其商业化。它通过研发产生新兴技术，通过技术持续改进往往能降低成本，通过技术传播推广到整个行业或社会（其中有时会涉及破坏性创新和技术融合）。总之，技术革新是基于更好和更多的技术。
技术融合,本文描述科学和技术的融合，包括新兴技术（NBIC，即纳米技术、生物技术、信息技术和认知技术）的融合和媒体技术的融合。
技术决定论,技术决定论是技术社会学中的思想流派。技术决定论围绕两个主要思路构建：社会没有影响技术，技术需要其自身演变和科学进步；技术影响社会。技术决定论现在收到科学社会学进步的挑战。
反乌托邦,反乌托邦（英语：dystopia、Cacotopia、kakotopia 或 anti-utopia；中文又稱反面乌托邦、敌托邦、惡托邦、絕望鄉或废托邦）是烏托邦（utopia）的反義語，希臘語字面意思是「不好的地方」（not-good place），它是一種不得人心、令人恐懼的假想社群或社會，是与理想社会相反的，一种极端恶劣的社会最终形态。反烏托邦常常表徵爲反人类、極權政府、生態災難或其他社會性的灾難性衰敗。這種社會出現在許多藝術作品中，特別是設定在未來的故事。反烏托邦出現在許多虛構作品的亞流派中，常用於提醒人們注意現實世界中的有關環境、政治、經濟、宗教、心理學、道德倫理、科學技術方面的問題，這些問題如果被人忽略，有可能導致出現反烏托邦的狀况。
技術性失業,技術性失業（英语：Technological Unemployment），指因技術進步，達成相同產能的勞動力需求減少，所引發的失業現象。 科技進步，大量與快速地使用機器和人工智慧取代多餘的人力，雖然新科技確實也能創造新工作，像過去農業、工業自動化後，釋出的人力可以從事當時新創的服務業工作，但隨著機器人深度學習技術的問世與人工智慧的發展，將全面性地影響所有產業，包括服務業、製造業、金融業、農業、礦業以及其他產業等，而現在創造新工作的速度已不足以彌補原有勞動力被取代的速度，也就是說，每創造出1份新工作時，會有2份甚至更多的就業崗位消失。 根據牛津大學在2013年，對於美國702種主流工作電腦化影響之分析，研究結果顯示，10～20年之間，47 % 的工作有被取代的風險；已開發國家於1980年代電腦化技術增加了8 % 的就業機會；但到了1990年代只增加4.4 % ；至於2000年以後，新職務僅增加了0.5 % ，服務業的工作崗位也正快速的被機器取代，包括數位相機與智慧型手機的普及，取代傳統相機、底片、照相館、相片沖印，以及2014年初上路的台灣高速公路etag電子收費系統，取代人工收費員。製造業部分，也正在逐步以智慧化、自動化等科技來取代工人，甚至進一步出現完全無工人的關燈工廠，商業上，網購搭配無人車及無人機配送、加上自助取貨、自動販賣機無人商店等趨勢，無論是原來100個工人減到90人、80人、50人，乃至於20人或全部被取代，都造成人力暫時性或永久的失業狀態，即使有新工作，但所需的技能與條件未必符合被取代的工人。 在現行經濟體制下，失業者將失去參與經濟分配的權利，且要找到新工作越來越困難，而現行社會福利體制也有許多不足之處，但工廠仍能藉著機器人、自動化、互聯網、人工智慧等科技，生產出足夠甚至更多的產品。
技术,技術可以指人類對機器、硬體或人造器皿的運用，但它也可以包含更廣的架構，如系統、組織方法學和技巧。它是知識進化的主體，由社會形塑或形塑社會。如電腦等新技術的增生使人們相信技術是社會進化的決定性力量，換句話說，它是驅動改變的自發性動力。最好放棄化約主義的觀點，而將技術視為包含了社會、政治、歷史及經濟因素等一起作用而造成改變之多面向社會網絡的一組成元素不論有形或無形。 最初，人類會把石塊等自然界的材料，製作成一些簡單的工具，這已是技術的起源。而史前人類發現生火的方法，也增添了食物的來源和種類；輪子的發明則令人類的運輸變得更為方便。這些都是古時技術的例子。現今的發明，如印刷機、電報、電話、電腦、手機、網路和網際網路，為人類提供了新的通信途徑。不過，技術並不總是用在改善生活的用途上；無論是原始的棍棒還是大殺傷力的核武器，都是為追求破壞性能而發明的。 技術對社會的影響不容忽視，就連現今全球的經濟都離不開技術發展的成果。而許多技術生產、加工的過程中，可能會產生一些無用途的副產品，成為污染排放的來源，並耗用了大量的自然資源，引致不同的環境問題。新技術的發展，亦會帶來一些新的倫理問題，或是改變大眾的習慣。其中的例子包括，原來用作描述機器運作的效率一詞，近來也被廣泛用在表示人的工作能力上。 對於技術的發展，哲學上亦有不同的論調。其中新卢德主义和无政府原始主义大致上都反對現代技術在社會的應用，認為技術並未真正改善人類的生活之餘，還破壞了環境，疏遠人與人之間的關係。與之相反，超人文主义和科技進步主義的意識形態則認為技術有助人類進步，以及可以突破人類遇到的限制。
技术接受模型,"技术接受模型（Technology Acceptance Model，简称TAM，又称科技接受模型）是由美国学者戴维斯（Fred D. Davis , 1986）根据理性行为理论（Theory of Reasoned Action，简称TRA）在信息系统/计算机技术领域发展而来，用于解释和预测人们对信息技术的接受程度。"
科技與社會,"科技與社會（英语：Science , technology and society , STS）是一跨領域學門，研究社會、政治和文化如何影響科學研究與技術發展，以及反之科技如何影響社會、政治和文化。STS研究者關心科技社會的複雜面貌、科技發展的社會意涵、爭議等各種問題。"
技术传播者,技术传播者（英文： technology evangelist）是指在网络效应下的市场，一个人试图为一个特定技术建立其群聚效应者的支持，为了让这一技术成为行业技术标准 。 专业技术传播者常常受雇于公司，它们创建自主专有技术作为行业标准，或者参与制定非专有开源标准。非专业技术传播者可能出于利他主义或者自我兴趣而去传播 ( 例如：去赢得早期用户者或网络效应的好处 ) 。 '' 技术传播者 '' 是由麦金塔电脑部门的Mike Murray提出的。 不带有宗教内涵的同样术语叫做 技术倡导者technology advocate。
技术就绪指数,技术就绪指数（Technology Readiness Level，TRL）也稱為技术備便水準，是一種衡量技術發展（包括材料、零件、設備等）成熟度的指標，為部份美國聯邦政府的機構及國際性公司所使用，在應用相關技術前，先衡量技術的成熟度。 一般而言，當一個新的技術被發明或概念化時，不適合立刻應用在實際的系統或子系統中。新的技術需要經過許多的實驗、改良及實際的測試。在充份證明新的技術可行性後，才會整合到系統或子系統中。
青少年的訊息,青少年的訊息 ( TAM ) 是在2001年8月與9月從葉夫帕托里亞行星雷達發送給鄰近且與太陽相似恆星的METI訊息。與以前僅用數位型式發送的訊息，1974年的阿雷西博信息和宇宙的呼喚，都不同，青少年的訊息是綜合性的，以三個段落傳送不同形式的資訊。這樣的組織架構是Alexander L. Zaitsev建議的 。 第一段是緊密的模仿來自太陽中心傳送的慢都卜勒波長調諧相干探測的電波訊號。這個訊號是為了協助地球外的接收者檢測和診斷星際介質對電波訊號傳輸的影響。 第二段是類比訊號並描述音樂的旋律，並以特雷門來執行。這種電子樂器生產類似單頻的信號，可以在星際距離上輕鬆地檢出。在其中有七種音樂在外星人第一次的鐵耳明式電子樂器音樂會。 第三段以著名的阿雷西博二進位數位訊號描述：青少年的訊息標幟、英語和俄語兩種語言的給外星人的問候語，和圖像和詞彙。這一段和音樂會的程式，是從來自不同網站的俄羅斯青少年組成的。這個計畫是因為大多數參加者的年齡而得名。 下面是被發送這個訊息的恆星：
德黑蘭路,德黑蘭路（韓語：테헤란로、波斯語：خیابان تهران‎）是韓國首都首爾江南區的一條主要街道，長3.5公里，東西走向。西起南山站，经过驛三洞，東至三成洞。原名三陵路（韓語：삼릉로），1977年為紀念伊朗巴列維王朝德黑蘭市長前一年訪問韓國而更名。 该路是韓國資訊科技業的中心，有「德黑蘭谷」之稱。 == 图片集 ==
Tethering,繫連（英語：Tethering）是指將行動裝置的所接收的蜂巢式網路或是Wi-Fi網路透過無線或有線的方式分享給其他裝置使用，tether一詞在英語中為「綁縛、拴繫」之意。目前行動裝置上共有三種繫連方式：Wi-Fi網路共用、藍牙網路共用和USB網路共用。通常稱透過Wi-Fi的繫連為行動熱點（Mobile Hotspot）。
第三波 ( 書 ),《第三波》（英語：The Third Wave）也翻成《第三次浪潮》是阿尔文·托夫勒在1980年代出版的書，是《未來的衝擊》的續集。 阿尔文·托夫勒在書中描述在已開發國家從工業時代（他在書中將工業時代稱為是「第二波」）到第三波信息时代的演變。
Intel Tick-Tock,Tick-Tock是Intel公司發展微處理器晶片設計製造業務的一種發展戰略模式，在2007年正式提出。Intel指出，每一次處理器微架構的更新和每一次晶片製程的更新，它們的時機應該錯開，使他們的微處理器晶片設計製造業務更有效率地發展。 “ Tick-Tock ” 的名稱源於時鐘秒針行走時所發出的聲響。Intel指，每一次 “ Tick ” 代表著一代微架構的處理器晶片製程的更新，意在處理器效能幾近相同的情況下，縮小晶片面積、減小能耗和發熱量；而每一次 “ Tock ” 代表著在上一次 “ Tick ” 的晶片製程的基礎上，更新微處理器架構，提升效能。一般一次 “ Tick-Tock ”
傾斜測試,傾斜測試（英语：Tilt Test）是監管機構要求每一款新巴士所作的安全測試。傾斜測試對於巴士的安全十分重要，因為如果一部巴士在拐彎時翻倒，可能會造成人命傷亡。傾斜測試的設計在於試出巴士的靜態翻側極限，如果一輛巴士符合傾斜測試的合格標準，即該巴士以正常速度拐彎時應該沒問題。 在香港，新巴士可以接受車輛檢驗之前，必須申請一張車輛類型核准証明書，該証明書的其中一項要求是通過傾斜測試；要注意的是，每一款新型號巴士中只需要其中一部接受車輛類型核准測驗即可。
发明年表,以下是以时间来排列各项发明： 发明时间经常是具有争议的，一项发明也往往在相同时间由多个发明者发明。
主题地图,主题地图 ( 英语：Topic Maps ) 是对知识进行表示和交互的一种标准，它和语义语义网中的知识表示模式相类似，并且结合了传统索引、搜索引擎与人工智能等领域的优点，可以有效的组织知识以利于探索、推理，解决大量无序信息所带来的问题。国际标准化组织 ( ISO ) 标准的正式名称为ISO/IEC 13250:2003。
触宝输入法,触宝输入法是由上海触宝公司开发的多语言手机输入法，支持安卓和苹果系统。输入法2009年获得全球移动通信系统协会 ( GSMA ) 颁发的全球移动创新大奖总冠军，是海外用户量最大的第三方输入法。 == 参考资料 ==
超人类主义,超人类主义（英语：Transhumanism，缩写为H+或h+）有时也被称为超人文主义或超人主义，过渡人文主义是一个经常被用来和人类增强类似的术语。它现在是一个国际性的文化智力运动，支持使用科学技术来增强 精神、体力、能力和资质，并用来克服人类状态不需要或不必要的方面，比如残疾、疾病、痛苦、老化和偶然死亡。 超人类主义思考者研究发展和使用人类增强技术以及其他以此目的的新兴技术可能性和后果。此外，这些强大的新技术带来的危险和好处，以及对人类生活状态的大改变，也是超人类主义运动的关心方向。
重力拋石機,重力投石機，又稱配重拋石機、回回砲、襄陽砲，伊斯蘭学者拉施德丁在《史集》中稱作法兰克砲，本投石機主要結構為一槓桿，其一端為砲彈，一端為配重物。先用人力或獸力拉下砲彈端同時使配重端上升至高處來蓄能。發射時，放開槓桿使配重端下墜同時使砲彈上升並投射出去。
摩擦变色,摩擦变色指的是机械摩擦时材料颜色的改变。 摩擦变色材料常被用于检测摩擦。这些材料在机械应力情况下通常会改变颜色且一旦颜色在应力撤除时会逐渐褪去。
超低穿透空氣過濾網,超低穿透空氣過濾網（英语：Ultra Low Penetration Air Filter，縮寫：ULPA），主要是用來去除0.1µm以上之微粒，過濾效果約為DOP 99.995 % 以上，過濾網材質為特殊玻璃紙。測試這些過濾網的建議準則包括IEST-RP-CC001 : HEPA and ULPA Filters、IEST-RP-CC007 : Testing ULPA Filters、IEST-RP-CC022 : Testing HEPA
易用性,易用性是一種以使用者為中心的設計概念，易用性設計的重點在於讓產品的設計能夠符合使用者的習慣與需求。以網際網路網站的設計為例，希望讓使用者在瀏覽的過程中不會產生壓力或感到挫折，並能讓使用者在使用網站功能時，能用最少的努力發揮最大的效能。
以用户为中心的设计,以用户为中心的设计（User-Centered Design，簡稱UCD），是一種吸引人的、高效的用户体验的方法。以用户为中心的设计思想非常简单：在开发产品的每一个步骤中，都要把用户列入考虑范围。以用户为中心的设计可以被描述为一个多阶段的问题处理流程，这一流程不仅要求设计师分析和预测用户可能如何使用软件，而且要在真实的使用环境下通过对实际用户的测试来验证自己的假设。这样的测试十分有必要，因为对于交互设计师来说，直观的理解初次使用软件用户的体验和学习曲线，是一件非常困难的事情。 和其他设计哲学的主要区别在于，以用户为中心的设计理念尝试围绕用户如何能够完成工作、希望工作和需要工作来优化用户交互界面，而不是强迫用户改变他们的使用习惯来适应软件开发者的想法。
用户帮助,用户帮助是一个宽泛的术语，是指帮助用户正确使用某个软件程序或其它科技产品的各种形式的内容。该术语涵盖了用户可获得的所有帮助类型，比在线帮助的范围更广。
人物誌 ( 用戶體驗 ),人物誌（Persona）是一種在行銷規劃或商業設計上描繪目標用戶的方法，經常有多種組合，方便規劃者用來分析並設定其針對不同用戶類型所開展的策略。 人物誌當中，簡單者可能僅具有年紀、職業和一段基本敘述，複雜者可能具有人口、態度、使用物品、喜好、渴望與操作行為等等具體描繪的事物。一張人物誌的人物名稱，多半都是虛構的，且名字簡短，可讀，容易記憶。人像有時採用素描人像的方式，有時則以接近的圖庫模特兒取代。 目前人物誌的方法也廣泛用於軟體設計、廣告設計、新科技開發與新市場定位等領域。其最著要的用處還是將人物角色接合市場區隔策略之後，帶出說服力。經常對最終規劃決策有幫助。例如服務、產品與互動空間上都能引導出有效的討論，對於大型專案如一個以用戶為中心的軟體工程開發，則可以使得開發方向有一個具體目標，人物誌的方法已經被認為是互動設計的一部分，且在網路行銷規劃中是一常見的名詞。
真空飛船,真空飛船（Vacuum Airship）是一種以真空容器取代氫氣容器或氦氣容器來提供升力的假想中的飛船。此構想最早由義大利的Francesco Lana de Terzi在1670年提出，真空球是浮力升力終極的實現方法。 == 參考 ==
机械七段数字显示,机械七段数字显示，又称 “ 叶片显示 ” （Vane Display），是一种机械形式的7段显示。不同于发光二极管（LED）和真空荧光（VFD）分段显示，机械七段数字显示由七个实体平面翻板组成，通常涂成白色，但偶尔有其他颜色，例如黄色或荧光绿色。 如果其中一段（笔画）要被显示为 “ 停用 ” ，它将被旋转至边缘向外，涂色表面指向他处而不可见；显示为 “ 启用 ” 的一段将转至其涂色一面得到展示。 机械七段数字显示以和点阵磁翻显示相似的方式运作，七段笔画对应的翻板利用电磁铁快速移动。某些使用在不需显示内容快速变化的场合的变体，利用电机转动将翻板移出和移入显示位置。 机械七段数字显示已被应用于游戏节目和体育场馆的记分牌。 同方格显示一样，它们不会被电视录影棚里的明亮灯光淹没。机械显示的另一个好处在于，如果电力供应丢失，装置会继续显示断电前的最后输入而不论是什么内容。然而，如同点阵磁翻显示，若需同时改变大量内容，翻动的显示元件则会产生大量噪音。
变结构控制,变结构控制（Variable structure control、VSC）是一種不连续的非線性控制，會用高頻切換的方式來調整非線性系統的动態。其状态反馈的控制律不是時間的连续函数，會在幾個連續函數之間進行切換，因此控制器的結構會依其系統狀態所在的位置以及其軌跡而不同。变结构控制會在一些平滑的控制律之間切換，而且可能是很高速的切換。变结构控制以及相關的滑動模式特式最早是由蘇聯的Emelyanov等研究者在1950年代初期所提出的。 变结构控制的主要控制模式是滑動模式控制（SMC），其優點有： 對受控體參數不確定性的敏感度低 大幅縮減受控體動態建模的階數 有限時間內會收斂（因為非連續控制律的效果）其缺點有： 在實際系統上會有高頻的切跳（chatter）。 過度注重不確定量的影響有關滑動模式控制的研究仍是目前控制理論研究的熱門領域之一。
變結構系統,"變結構系統簡稱VSS，是一種不连续的非線性系統，形式如下： x ˙ = φ ( x , t ) { \displaystyle { \dot { \mathbf { x } }"
版本控制,版本控制（英语：Version control）是维护工程藍圖的标准作法，能追蹤工程藍图從诞生一直到定案的過程。此外，版本控制也是一種軟體工程技巧，藉此能在軟體開發的過程中，確保由不同人所編輯的同一程式檔案都得到同步。
船舶交通管理系统,"船舶交通管理系统 ( Vessel Traffic Service 简称VTS ) , 也译作船舶交通服务系统是由港口当局建立的传播交通监控系统 , 类似于飞机的空中交通管制 . 典型的船舶交通管理系统使用雷达 , 閉路電視 , VHF无线电话和船舶自动识别系统来保持对船舶移动的跟踪并在有限的地理范围内提供航行安全 ."
虚拟参考站,虚拟参考站技术（Virtual Reference Station，简称VRS）也称虚拟基准站技术，是一种网络实时动态测量（RTK）技术，通过在某一区域内建立构成网状覆盖的多个GPS基准站，在流动站附近建立一个虚拟基准站，根据周围各基准站上的实际观测值算出该虚拟基准站的虚拟观测值，实现用户站的高精度定位。虚拟参考站技术主要由控制中心、固定站和用户3部分组成。与常规的RTK测量不同，VRS网络各固定参考站不直接向移动用户发送任何改正信息，而是将所有的原始数据通过数据通讯线发给控制中心。同时，移动用户在工作前，先通过GSM的短信息功能向控制中心发送一个概略坐标，控制中心收到这个位置信息后，根据用户位置，由计算机自动选择最佳的一组固定基准站，根据这些站发出来的信息，整体的改正GPS的轨道误差，电离层，对流层和大气折射引起的误差，将高精度的差分信号发送给移动站。这个差分信号的效果相当于在移动站旁边，生成一个虚拟的参考基站，从而解决了RTK作业距离上的限制问题，并保证了用户的精度。2000年，美国天宝公司正式推出了该项技术。与传统的RTK技术相比，VRS提高了系统的可靠性，提高了定位精度，扩大有效工作范围。 == 参考资料 ==
虛擬工程,虛擬工程（Virtual engineering）定義為在计算机图形環境中整合几何模型以及相關的工程工具（如分析、仿真、最优化及决策工具），來促進多領域合作產品開發的作法。虛擬工程中共享了許多軟體工程的特點，例如透過不同的實現方式得到許多不同結果的能力。
影像網誌,影像網誌（video weblog 或 video blog，簡稱 vlog），源于 “ blog ” 的变体，意思是 “ 影片部落格 ” ，也称为 “ 影像网络日志 ” ，也是網誌的一類。 影像網誌作者以视频代替文字或相片，寫其個人網誌，上載與網友分享。主题非常广泛，可以是博主对一些问题的讨论，也可以是日常生活的琐碎小事。
长期演进语音承载,VoLTE（Voice over Long-Term Evolution或Voice over LTE，一般稱高清通话，又譯為长期演进语音承载）是一个面向手机和数据终端的高速无线通信标准。它基于IP多媒体子系统（IMS）网络，在LTE上使用为控制层面（Control plane）和语音服务的媒体层面（Media plane）特制的配置文件（由GSM協會在PRD IR.92中定义），这使语音服务（控制和媒体层面）作为数据流在LTE数据承载网络中传输，而不再需维护和依赖传统的电路交换语音网络。VoLTE的语音和数据容量超过3G UMTS三倍以上，超过2G GSM六倍以上。因为VoLTE数据包信头比未优化的VoIP/LTE更小，它也更有效地利用了带宽。
旅行者金唱片,旅行者金唱片（Voyager Golden Records）是一張於1977年隨兩艘航海家探測器發射到太空的唱片。唱片內收錄了用以表述地球上各種文化及生命的聲音及圖像，以期宇宙中其他外星高智慧生物發現。旅行者探測器在距今40000年後，才會靠近最接近地球（1.6光年）的恆星。探測器被捕獲的可能性不大，因此唱片的最終目的雖然仍是與外星人溝通，但其對人類與宇宙之間關係的象徵意義更大。
摄像头,網路攝影機（webcam）屬閉路電視的一種，一般具有視訊攝影/傳播和靜態圖像捕捉等基本功能，它是藉由鏡頭採集圖像後，由網路攝影機內的感光元件電路及控制元件對圖像進行處理並轉換成電腦所能識别的數位訊號，然後藉由並列埠、USB連接，輸入到電腦後由軟體再進行圖像還原。有些則支援乙太網路或WiFi，內建有處理器及網頁伺服器，接上網路後可連線查看畫面。 目前市面上網路攝影機分為兩種，一種為直接連接電腦可用於視訊通話的消費型網路攝影機（Webcam），另一種為保全監控專用的網路監控攝影機（IP Camera/Network Camera）。
白皮书,白皮書（英语：White Paper）通常指具有权威性的报告書或指导性文本，用以阐述、解决或决策。白皮书在政府和B2G市场中都有应用。
維爾特定律,維爾特定律（英语：Wirth 's law）是瑞士出生的美國電腦科學家尼克勞斯·維爾特於1995年提出的一條幽默定律，其內容為：
计算机领域中的女性,随着新兴的信息时代到来，全球关注计算机领域中的女性，她们在当下和未来职场的作用会变得越来越重要。
世界电信和信息社会日,每年的5月17日是世界电信和信息社会日（英语：World Telecommunication and Information Society Day），为原世界电信日和世界信息社会日于2006年11月合并而成。
世界鐘,世界鐘（world clock），是一種能顯示全世界各大城市時間的時鐘，它有以下幾種特點 ： 鐘面包含有能用手移動包含多個環繞式指針的時鐘，或是多重數值的數位時鐘，兩種時鐘都會 標記出大城市的名字，或全世界的時區。 它也可能是把指針或數位時間的顯示，嵌入在世界地圖中。
XML,可扩展标记语言（英语：Extensible Markup Language，简称：XML），是一种标记语言。标记指计算机所能理解的信息符号，通过此种标记，计算机之间可以处理包含各种信息的文章等。如何定义这些标记，既可以选择国际通用的标记语言，比如HTML，也可以使用像XML这样由相关人士自由决定的标记语言，这就是语言的可扩展性。XML是从标准通用标记语言（SGML）中简化修改出来的。它主要用到的有可扩展标记语言、可扩展样式语言（XSL）、XBRL和XPath等。
Y型纜線,Y型纜線（英语：Y-cable、Y cable）或是稱為分接線是一種有三個接頭的纜線，一個共用接頭與兩個分接頭。它的外型就像是拉丁语字母的Y。
約克尼穆,"約克尼穆是以色列的城市，位於該國北部，距離特拉維夫80公里，由北部區負責管轄，面積7.39平方公里，海拔高度166米，2012年人口18,700，人口密度每平方公里2,530人。"
零費率,零費率（Zero-rating），亦稱為免計費（toll-free）、免流量、免流或贈送數據量（sponsored data），是指行動通訊業者（MNO）、行動虛擬網路業者（MVNO）與網際網路服務供應商（ISP）不向其用戶收取在其網路上使用特定應用或網際網路服務所產生數據量之費用的行為，不論其用戶使用的是無限量，還是計量的數據方案。零費率允許用戶使用業者選擇之內容來源或APP商店等數據服務，而不用擔心帳單震撼。在一般數據方案與用量上限時使用相同的數據量，很可能會發生帳單震撼。在行銷4G網路時，零費率已成為一種選項，但在過去的簡訊服務及其他內容服務裡，亦有被使用。 將零費率與部分服務相結合，行動通訊業者一般會對開放網際網路的流量設定較低的用量上限，或對零費率的服務設定較高之用量上限。選擇將既有受歡迎的第三方服務設為「零費率」服務，有助於行動通訊業者針對特定對象增加或維持其市占率 。在選擇的第三方服務上亦可能產生價格歧視。 建立自己的服務，並將這些服務以零費率捆售於其行動通訊合約內，已成為行動通訊業者間的共同作法。在此情況下，網路業者可以將服務與其網路進行最佳化，以傳輸最佳化的服務。連同既有的帳單關係，這也是與第三方服務相互競爭，或控管需高額用量之服務的重要因素。
中关村,中关村科技园区，又称中关村国家自主创新示范区，简称中关村，是中华人民共和国高新技术产业聚集区，肇始于北京市海淀区，於1980至90年代发展成 “ 电子一条街 ” 。中關村是中国第一个国家级高新技术产业开发区，第一个国家自主创新示范区，及第一个 “ 国家级 ” 人才特区。中關村周边的人们，特别是周边各大高校的学生们习惯玩笑性地简称其为 “ 村子 ” 。中關村现在已经成为覆盖北京市十六个区县和天津市滨海中关园，跨行政区域的高端产业功能区，也被誉为 “ 中国的硅谷 ” 。2016年11月，中关村科技园区与天津市滨海新区联合成立中国首个跨省级行政区的全面改革试验区——天津滨海-中关村科技园。
