,aktienfonds bezeichnet einsatz derivaten genauso steigende kurse setzen long-position fallende kurse spekulieren short-position grenze long-position entspricht investitionsgrad short-position woraus bezeichnung
russlandkrise,russlandkrise rubelkrise bezeichnet verschiedene faktoren ausgelöste wirtschaftskrise russland russland krise häufig begriff default russ
absolute return,absolute return maß absoluten wertsteigerung anlage gegebenen zeitraum steht relative return maß besseren abschneidens relativ vergleichsbenchmark bezieht siehe alphafaktor
rembourskredit,rembourskredit rãbu r– bankwesen besondere form akzeptkredits grenzüberschreitender warenhandel zugrunde liegt
accord and satisfaction,accord and satisfaction bezeichnet englischen vertragsrecht vertragstyp schuldner vertrag einrede alten vertrag erwirbt schuldner kauft verpflichtung frei geschieht erfüllung ursprünglichen
adam maciejewski,adam maciejewski februar juli vorstandsvorsitzende warschauer wertpapierbörse
airplus,lufthansa airplus servicekarten gmbh sitz neu-isenburg anbieter lösungen business-travel-management bezahlung abrechnung analyse dienstreisen verwaltung reisekosten verschiedenen produkten unterstützt
flugzeugleasing,flugzeug-leasing verschiedenen bedingungen flugzeug nutzung form leasings überlassen unterscheidet dry-lease trockenmiete wet-lease feucht- nassmiete
alphafaktor,alphafaktor α jensen-alpha jensens alpha bezeichnet finanzmarkttheorie maß überrendite positives alpha minderrendite negatives alpha anlage vergleichswert benchmark alphafaktor entspricht aktienrendite
alternative investments,alternative investments marketing-oberbegriff kapitalanlagen anlagestrategien klassischen geldanlagen z b aktien verzinsliche wertpapiere geldmarktpapiere hinausgehen versuchen marktentwicklung fallenden stagnierenden märkten gewinne
altmanscher z-faktor,veröffentlichte z-faktor-modell altman altman z-score multivariate insolvenzprognoseverfahren unternehmen privatpersonen hingegen zeitpunkt multivariate analyseverfahren angewendet
analytisches informationssystem,analytische informationssysteme bezeichnet informationssysteme online analytical processing olap data-mining erlauben daten unternehmens analysieren aufzubereiten entscheidungsfindung herangezogen engeren sinne data-warehouses olap-systeme
antichrese,antichrese griech.-lat gegengebrauch beschreibt pfandrecht überlassung pfandnutzung gläubiger d h kombination nutzungs- verwertungsrecht
surebet,surebet englischen sichere wette nennt wette unabhängig ausgang wette gewinn erzielen surebet regel quoten möglichst vieler buchmacher analysiert solch wette
zahlungsstörung,zahlungsstörung liegt wirtschaft schuldner vertraglich vereinbarten zahlungen termingerecht teilweise erbringen handelt rechtlich leistungsstörung schuldner schuldnerverzug gerät
asiatische option,asiatische option spezielle form exotischen option auszahlungsprofil ausübung differenz ausübungspreis mittelwert kurse basiswertes abhängt
briefkurs,briefkurs brief englisch ask offer rate börsenkurs finanzinstrumente finanzprodukte wirtschaftssubjekt verkauft niedrigste preis bereit wertpapiere devisen sorten edelmetalle sonstiges finanzprodukt
aktiva,aktiva plural aktivum versteht summe unternehmen verfügung stehenden vermögens linken seite bilanz finden gegensatz passiva
anlageklasse,anlageklasse assetklasse englisch asset anlage gruppe anlagen aufgrund gemeinsamer eigenschaften zusammengefasst fasst finanzinstrumente gruppen gemeinsame eigenschaften aufweisen
vermögenspreisinflation,vermögenspreisinflation bezeichnet andauernden preisanstieg vermögenswerten aktien anleihen gold immobilien
kapitalumschlagshäufigkeit,kapitalumschlagshäufigkeit betriebswirtschaftliche kennzahl geschwindigkeit umsatzprozesses güterwirtschaftlichen finanzwirtschaftlichen bereich unternehmens ausdrückt
genehmigtes kapital,genehmigte kapital engl authorised capital 202–206 aktg zugelassenes kapital wert anzahl aktien hauptversammlung aktiengesellschaft durchführung möglichen kapitalerhöhung bar- oder/und sacheinlagen
konsumquote,konsumquote anteil konsumausgaben verfügbaren einkommen privaten haushalte bezeichnet privater haushalt einkommen kauf gütern ausgeben konsum konsum verzichten sparen
sparquote,sparquote bezeichnet volkswirtschaftslehre volkswirtschaftliche kennzahl anteil ausgegebenen einkommen wiedergibt veränderung somit bestandsändernde wirkung positive salden erhöhen schulden verringern
rettungsaktion wirtschaft,rettungsaktion bail-out englisch to bail something out  retten bezeichnet wirtschaft finanzielle hilfsaktion unternehmen staat körperschaft zahlungsunfähigkeit bedroht finanzielle hilfe
bankkonto,bankkonto italienisch conto rechnung konto zahlung umgangssprachliche sammelbezeichnung kontoarten kreditinstitute kunden führen insbesondere versteht hierunter girokonten wichtigste kontoart gesamte bare
bankrott,bankrott ital banca rotta zerschlagener tisch versteht insolvenz insbesondere zahlungsunfähigkeit schuldners umgangssprachliche konkurs pleite
gewinn je aktie,gewinn aktie englisch earnings per share eps betriebswirtschaftliche kennzahl beurteilung ertragskraft aktiengesellschaft sowohl ias/ifrs us-gaap börsennotierte unternehmen jeweils jahresabschluss veröffentlicht
behavioral strategy,behavioral strategy verbindet erkenntnisse neuro- sozial- kognitions- tiefen-psychologie theorie strategischen managements sodass verhaltenswissenschaftliche aspekte entwicklung umsetzung unternehmensstrategien berücksichtigt behavioral strategy
verhaltensökonomik,verhaltensökonomik englisch behavioral economics verhaltensökonomie teilgebiet wirtschaftswissenschaft beschäftigt menschlichem verhalten wirtschaftlichen situationen
benefiziat,benefiziat lat benefizium ehemaliger amtstitel römisch-katholischen kirche kleriker unterhalt ertrag pfründe erhielt
betafaktor,betafaktor  β  \displaystyle \beta  -faktor stellt capital asset pricing model capm aufbauenden finanzwirtschaftlichen theorien kennzahl investitions- finanzierungsmaßnahme
geldkurs,geldkurs englisch bid börsenkurs finanzinstrumente finanzprodukte wirtschaftssubjekt nachgefragt höchste preis marktteilnehmer klassischen orderbuchhandelssystem fortlaufender auktion bereit  wertpapiere devisen sorten
billing and settlement plan,billing and settlement plan bsp weltweit weitesten verbreitete system einfachen abwicklung ticketverkäufe airlines zugelassenen verkaufsagenten iata accredited agents drucken flugscheine
binäre option,binäre option digitale option finanzderivat optionen abgeleitet exotischen optionen zählt kategorie termingeschäfte gehört binären optionen szenarien eintreten tritt zuvor definiertes
black-litterman-verfahren,black-litterman-verfahren mathematisches modell berechnung anlageallokation verfahren fischer black robert litterman entwickelt
boleto bancário,boleto bancário einfach boleto bezeichnet deutsch sinngemäß zahlschein zahlungsmethode brasilien geregelt federação brasileira de bancos febraban brasilianischer bankenverband boleto geldautomaten
rating#ratingcodes,rating versteht finanzwesen ordinal skalierte einstufung bonität wirtschaftssubjekts unternehmen staat finanzinstruments einstufung regel ratingagentur kreditinstitut vorgenommen
gratisaktie,gratisaktien aktien nominellen kapitalerhöhungen gesellschaftsmitteln ausgegeben wirtschaftlichen wirkung entspricht ausgabe gratisaktien aktiensplit synonyme berichtigungsaktie zusatzaktie stockdividende
bootstrapping zinsen,bootstrapping verfahren risikofreie zinssätze renditen kuponanleihen effizienten märkten gehandelt hergeleitet hergeleiteten zinssätzen lässt zinsstrukturkurve darstellen
borrowing-base-finanzierung,zusammenhang unternehmensfinanzierungen spricht borrowing-base-finanzierung kreditgeber kreditnehmer rahmen finanzierung umlaufvermögens revolvierend liquide verfügung stellt maximal mögliche ausnutzung zugesagten rahmens bestände umlaufvermögens
bodmerei,bodmerei verbodmung franz prêt à la aventure engl
brückenfinanzierung,brückenfinanzierung englisch bridge financing bridge loan oberbegriff kreditinstitute vorgenommene kurzfristig angelegte vor- zwischenfinanzierung bestimmter transaktionen immobilienkauf unternehmenskauf endgültigen anschlussfinanzierung
budget,budget byˈdʒeː fachgebieten bilanzähnliche gegenüberstellung einnahmen ausgaben kosten erträgen sonstigen werten bestimmten zweck wirtschaftssubjekt verfügung stehenden geldmittel
budgetrestriktion,budgetrestriktion budgetbeschränkung bezeichnet volkswirtschaftslehre gängige bedingung mathematischen modellen sicherstellt akteure geld ausgeben verfügung steht sofern güter betrachtet budgetrestriktion grafisch mittels
bausparkasse,bausparkassen handelt spezielle kreditinstitute aufgrund z b deutschen bausparkassengesetz geregelten geschäftskreisbeschränkung wesentlichen wohnungsbaufinanzierung bausparverträge betreiben
business broker,business broker bzw unternehmensvermittler mittelsmann verkäufen mittleren unternehmen kmu
business intelligence,geschäftsanalytik englisch business intelligence abkürzung bi wirtschaftsinformatik zuzuordnender begriff verfahren prozesse systematischen analyse unternehmens bezeichnet umfasst sammlung auswertung darstellung daten
unternehmensbewertung,unternehmensbewertung ermittlung wertes unternehmen anteilen unternehmen gegenstand wesentlicher bestandteil corporate finance
buy and hold,buy and hold deutsch kaufen behalten anlagestrategie abzielt geldanlagen langfristig behalten ansatz betont sowohl abgrenzung kurzfristig verstandenen spekulation kurzfristigen sicheren
investitionsrechnung,investitionsrechnung umfasst verfahren rationale beurteilung rechenbaren aspekte investition ermöglichen finanziellen konsequenzen investition quantifiziert verdichtet entscheidungsempfehlung geben
kapitalmarktlinie,kapitalmarktlinie kml englisch capital market line cml beziehung kapitalmarkttheorie erwartete s
kapitalbeteiligung,kapitalbeteiligung unternehmensbeteiligung beteiligung englisch participation versteht besitz eigenkapital unternehmens
currency carry trade,currency carry trade cct spekulationsstrategie spekulant kredit währung vergleichsweise niedrigem zinsniveau aufnimmt zinspapiere kaufen währung höherem zinsniveau notiert hofft höheren
geldumschlag,geldumschlag geldumschlagsdauer englisch cash conversion cycle asset conversion cycle net operating cycle working capital cycle cash cycle bezeichnet betriebswirtschaftlichen controlling
schatzkanzler,schatzkanzler englisch chancellor of the exchequer bezeichnung britische regierungsmitglied hm treasury finanz- wirtschaftsministerium leitet verantwortungsbereich zugeordnet regierungssystemen üblicherweise jeweils finanz-
chartered alternative investment analyst,chartered alternative investment analyst caia titel caia association kandidaten vergeben prüfungen  bestanden ausbildung personen gedacht portfolios alternative investments betreuen
chemikalienleasing,chemikalienleasing geschäftsmodell chemischen industrie chemieunternehmen chemikalie bestimmten service liefert eigentum behält
chief investment officer,chief investment officer cio manager investitionen unternehmens steuert beziehungsweise betreut aufgabe cio vermögensportfolio unternehmens verstehen verwalten überwachen strategien förderung wachstum
kirchliches kreditinstitut,kirchliches kreditinstitut bank konfessionellem hintergrund deutschland existiert reihe banken umfeld evangelischen katholischen kirche
kirchensteuer sonstige staaten,außerhalb deutschsprachigen raums existiert wenigen ländern kirchensteuer abgabe mittelalterlichen zehnt verbindung gebracht
churning,churning engl provisionsschneiderei gaunerei to churn buttern umrühren finanzbereich häufige umschichten depots vermögensverwalter broker verstanden
cirrus bargeldbezugskarte,cirrus bezeichnung internationalen kreditkartenfirma mastercard bargeldbezugskarte karten cirrus-logo aufgedruckt ebenfalls logo gekennzeichneten geldautomaten bargeld meist gebührenpflichtig abgehoben
collar finanzwesen,collar engl kragen rahmen bezeichnet finanzwirtschaft handelsstrategie sowohl negative positive auswirkungen änderung wertes basiswertes begrenzt
pfand recht,pfand versteht pfandrecht rechtsobjekte gläubiger sicherheit forderung verfügung gestellt
sicherheitenbewertung,sicherheitenbewertung allgemein finanzwesen speziell bankwesen erstmalige permanente wertermittlung wertes kreditsicherheiten laufzeit kredits
comfort letter,comfort letter letter of comfort englischen stammender begriff finanz- wirtschaftswesen bezeichnet gesellschaft abgegebene erklärung sachverhalt analyse prüfung bestätigt quasi beglaubigt
provision,provision lateinisch providere vorsorgen sorgen deutschsprachigen raum erfolgsabhängiges entgelt erbrachte dienstleistungen geschäftsbesorgungen kontext branche anstelle begriffs provision bezeichnungen üblich courtage
the committee to re-elect the president,committee for the re-election of the president dt komitee wiederwahl präsidenten stellte ziel wiederwahl us-präsidenten richard nixon präsidentschaftswahl gewährleisten
kaufzwang,kaufzwang fachspr oniomanie altgriechisch ὤνιον onios käuflich maníā mania wahn engl
constant proportion portfolio insurance,constant proportion portfolio insurance cppi dynamische portfolio-absicherungsstrategie
coco-anleihe,coco-anleihe bedingte pflichtwandelanleihe englisch contingent convertible bond coco bond langfristige nachrangige anleihe meist festem kupon eintreten vorab festgelegten ereignissen wandlungskriterien
antizyklisches investieren,antizyklisches investieren englisch contrarian investing dt contrarian-strategie anlage- bzw
core-satellite-strategie,core-satellite-strategie core-satellite-ansatz englisch core kern bezeichnet portfoliomanagement aufteilung portfolios breit diversifizierte kerninvestition core grundrendite ausreichender sicherheit bieten mehrere einzelinvestitionen satellite
kreditrisiko,kreditrisiko adressrisiko adressenausfallrisiko kreditwesen verwendeter begriff worunter allgemein gefahr verstanden kreditnehmer gewährten kredite vollständig vertragsgemäß zurückzahlen allgemein kreditrisiko kreditinstitute bedeutendste
länderrisiko,länderrisiko englisch country risk bezeichnet außenwirtschaft speziellen verlustrisiken gläubiger unternehmer ausgesetzt export/import investitionen finanzprodukten kreditinstituten durchsetzung forderungen ausländischen vertragspartnern bzw
kredit,kredit abgeleitet lateinisch credere glauben vertrauen lateinisch creditum treu glauben anvertraute englisch credit englisch loan leihe versteht allgemein übereignung bargeld
kreditvermittlung,kreditvermittlung darlehensvermittlung gewerbliche vermittlung krediten künftige kreditnehmer kreditvermittlung unterliegt ländern rechtlichen regulierungen insbesondere kreditnehmer verbraucher
kreditzusage,kreditzusage bankwesen rechtsverbindliche zusage kreditgebende kreditinstitut kredite bestimmten vorab festgelegten kreditbedingungen kreditnehmer verfügung stellen
kreditklemme,kreditklemme kreditknappheit englisch credit crunch kreditkrise versteht wirtschaft unzureichende ausbleibende kredit­vergabe nichtbanken kreditinstitute höhe kreditzinses und/oder mangelnden bonität kreditnehmer beruht
kreditereignis,kreditereignis englisch credit event beschreibt speziell kreditderivatehandel bestimmtes ereignis eintritt zahlungspflicht sicherungsgebers ausgelöst begriff allgemein kreditwesen verwandt bezeichnet schadensfall schuldner
stornierung,stornierung storno italienisch stornare rückgängig lateinisch extornare ausdrehen rechnungswesen bankwesen rückgängigmachen konto vorgenommenen buchung rückabwicklung vertrags umgangssprachlich stornierung genannt rechtlich
rating,rating versteht finanzwesen ordinal skalierte einstufung bonität wirtschaftssubjekts unternehmen staat finanzinstruments einstufung regel ratingagentur kreditinstitut vorgenommen
kredittheorie,kredittheorie thematisiert kredit geld galt deutschland orthodoxe kredittheorie geschäftsbanken finanzintermediäre einlagen sparern verleihen
gläubiger,rechtsbegriff gläubigers lehnübersetzung italienischen creditore credere glauben zurückgeht gläubiger glaubt demnach schuldner schuld geschuldete leistung erbringen
cross-border-leasing,cross-border-leasing cbl art leasing leasinggeber leasingnehmer ihren sitz verschiedenen staaten leasingnehmer leasinggeber vermögensgegenstände vertraglich wirtschaftlichen eigentum überträgt leasingnehmer nutzen sinn
crossing network,crossing network crossing-system vollelektronisches alternatives handelssystem zusammenführen passenden kundenaufträgen untereinander kundenaufträgen eigenbestände handelsteilnehmers ausschluss externen börse ermöglicht definition united states
crowdfunding,crowdfunding ˈkɹaʊdˌfʌndiŋ englisch crowd menschen-)menge funding finanzierung deutsch schwarmfinanzierung gruppenfinanzierung art finanzierung methode geldbeschaffung lassen projekte produkte umsetzung geschäftsideen vieles
kryptowährung,kryptowährungen kryptogeld digitale zahlungsmittel basieren kryptographischen werkzeugen blockchains digitalen signaturen
mietsicherheit,deutschland mietsicherheit umgangssprachlich mietkaution leistung geldbetrages mieter vermieter sicherung mietverhältnis herrührenden forderungen vermieters miete nebenkosten reparaturleistungen beendigung mietverhältnisses nutzungsentschädigung schadensersatz
days sales outstanding,begriff days sales outstanding dso bzw forderungslaufzeit bezeichnet anzahl zeitpunkt rechnungsstellung rechnungsdatum zahlungseingang bankkonto bzw
debitkommission,debitkommission lat debere schulden heiligen römischen reich instrument schuldenregulierung ggf
belastungsanzeige,belastungsanzeige meist rechnungen folgende kürzung rechnungsbetrages schuldner z b mängeln schäden gekauften ware
schulden,schulden versteht umgangssprachlich verbindlichkeiten rückzahlungsverpflichtungen natürlichen juristischen personen gläubigern verbunden
staatsschuldenquote,staatsschuldenquote schuldenquote finanzwissenschaft volkswirtschaftliche kennzahl verhältnis staatsschulden nominalen bruttoinlandsprodukt bestimmten staates ausdrückt
verschuldungsgrad,verschuldungsgrad englisch debt to equity ratio gearing leverage ratio schuldners unternehmen gemeinden staaten betriebswirtschaftliche kennzahl verhältnis bilanziellen fremdkapital eigenkapital angibt
schuldenuhr,schuldenuhr öffentlicher zähler aktuelle staatsverschuldung öffentlichen gebietskörperschaft üblicherweise staates schätzt sekundenweise aktualisierung fortschreiten visualisiert spiegelbildlichen zusammenhanges verbindlichkeiten forderungen inzwischen vermögensuhren
inkasso,inkasso ˌɪnˈkaso italienisch incasso gleicher bedeutung deverbativ italienisch incassare einkassieren geld einziehen österreichisch ausschließlich plural inkassi einzug fremden geldforderungen fremdem
konsolidierung finanzwesen,konsolidierung konsolidation finanzwesen umwandlung kurzfristiger schulden langfristige
moratorium,moratorium steht aufschub  moratorium wirtschaft stillhalteabkommen zahlungsaufschub psychosoziales moratorium übergangsphase jugend erwachsenenaltersiehe  atom-moratorium entscheidung deutschen bundesregierung sicherheitsprüfung atomkraftwerken
schuldenerlass,schuldenerlass vertrag gläubiger schuldner teilweisen erlöschen betroffenen schulden führt schuldenerlass handelt radikalste sanierungsmaßnahme schuldner krise beabsichtigte wirkung höchst umstritten eingetreten
schuldendienstdeckungsgrad,schuldendienstdeckungsgrad kapitaldienstdeckungsgrad engl debt service coverage ratio dscr betriebswirtschaftliche kennzahl art schuldners kreditzinsen tilgung bestimmte einnahmen gegenübergestellt
schuldner,schuldner natürliche juristische person vertraglichen gesetzlichen schuldverhältnis leistungspflicht trifft schuldner mithin verpflichtet gläubiger bestehenden schuldverhältnis bestimmte leistung erbringen
anonyme schuldner,anonymen schuldner englisch debtors anonymous selbsthilfeorganisation schuldenprobleme aufhören weiterhin ungedeckte schulden anonymen alkoholiker setzen anonymen schuldner zwölf-schritte-programm
schuldnerverzug,schuldnerverzug bezeichnet  allgemein form vertragsverletzung deutschland schuldnerverzug deutschland österreich schuldnerverzug österreich schweiz schuldnerverzug schweiz
department of finance canada,department of finance canada englisch bzw staatlichen kanadischen zweisprachigkeit gleichberechtigt ministère finances canada französisch finanzministerium kanada sitz ottawa
sicherungsvermögen,sicherungsvermögen bezeichnet versicherungswesen aktiva versicherungsunternehmens dient ansprüche versicherungsnehmer insolvenzfall sichern deutsches aufgrund europäischer rechtsvorschriften sogenannte zwangsliquidationsrichtlinie eingeführt wobei zuvor institut
deutsche bank prize in financial economics,deutsche bank prize financial economics ehrte international renommierte wirtschaftswissenschaftler arbeit forschung finanz- makroökonomischen fragen entscheidend beeinflusst wesentlichen beiträgen wissenschaft praxis
entwicklungsbank,entwicklungsbanken englisch development banks spezialbanken beratung wirtschaftliche technische hilfe wirtschaftliche soziale entwicklung entwicklungsländern regionen fördern
desinvestition,begriff desinvestition devestition englisch divestment disinvestment bezeichnet gegenteil investition betriebswirtschaftslehre bezeichnet freisetzung kapital unternehmen verkauf vermögensgegenständen umwandlung sach- finanzwerten investierten
ausschüttungsquote aktien,ausschüttungsquote dividendenausschüttungsquote aktien anteil jahresüberschusses aktiengesellschaften form dividendenzahlung aktionäre ausschütten ausschüttungsquote gilt fundamentalanalyse wichtiger faktor beurteilung dividendenpolitik unternehmens
dogs of the dow,dogs of the dow anlagestrategie aktien verfolgt ziel auswahl aktien höhe dividendenrendite bessere performance erzielen gesamtmarkt index abgebildet
durchschnittskosteneffekt,durchschnittskosteneffekt englisch cost average effect dollar cost averaging effekt regelmäßigen anlage bleibender beträge wertpapiere meist form sparplänen entstehen führen wertschwankungen
downtown erbil,downtown erbil großprojekt gebäudekomplex stadt erbil autonomen region kurdistan irak planung umsetzung übernimmt emaar properties größte immobilienunternehmen vereinigten arabischen emirate
du-pont-schema,du-pont-schema du-pont-kennzahlsystem original dupont-system of financial control älteste kennzahlsystem welt bekanntesten rein monetären größen orientierte system unternehmenskennzahlen bilanzanalyse unternehmenssteuerung amerikanischen
gewinn je aktie,gewinn aktie englisch earnings per share eps betriebswirtschaftliche kennzahl beurteilung ertragskraft aktiengesellschaft sowohl ias/ifrs us-gaap börsennotierte unternehmen jeweils jahresabschluss veröffentlicht
ökonomisches kapital,ökonomischem kapital versteht pierre bourdieu besitz art ware beispielsweise unternehmen produktionsmittel grund boden anderes vermögen geld aktien schmuck kunstwerke ökonomische
grundrententheorie,grundrententheorie theorie klassischen nationalökonomie erklärt form wirtschaftskreislauf grundrente anfällt grundrente bodenrente differentialrente einfach rente ertrages pächter eigentümer ackerboden baugelände forstwirtschaft
emerging market,emerging market engl wörtlich aufstrebender markt schwellenmarkt finanzbranche aufstrebender markt bezeichnet
energiebilanz ökologie,energiebilanz energiehaushalt engl energy budget genannt ökologie ökophysiologie bezeichnung bilanzmäßige untersuchung darstellung kontinuierlichen energieumwandlungen
entschädigungseinrichtung deutscher banken,entschädigungseinrichtung deutscher banken gmbh edb gesetzliche entschädigungseinrichtung einlagenkreditinstitute privatrechtlicher rechtsform privatbanken
äquator-prinzipien,äquator-prinzipien englisch equator principles freiwilliges regelwerk banken einhaltung umwelt- sozialstandards bereich projektfinanzierungen name äquator-prinzipien’ symbolisiert weltumspannenden anspruch leitlinien
eigenkapitalquote,eigenkapitalquote englisch equity ratio betriebswirtschaftliche kennzahl verhältnis eigenkapital gesamtkapital (= bilanzsumme unternehmens wiedergibt
eurobond euromarkt-anleihe,eurobonds anleihen mittlerer längerer laufzeit internationalen kapitalmarkt euromarkt platziert land emittiert land währung stammt aufgelegt bezeichnung eurobond steht zusammenhang europäischen
europäisches währungsabkommen,europäische währungsabkommen august paris einigen europäischen oecd-ländern vereinbartes abkommen europäische zahlungsunion ersetzte bestand
european multilateral clearing facility,european multilateral clearing facility emcf größten europäischen zentralen kontrahenten clearing multilaterale handelssysteme mtf unternehmen joint venture fortis bank nasdaq omx
europäischer ausschuss für systemrisiken,europäische ausschuss systemrisiken eu-systemrisiko-rat englisch european systemic risk board abgekürzt esrb ausschuss europäischen union eu früherkennung prävention bekämpfung systemischen risiken
ex ante,ex ante lat vorher begriff juristischen fachsprache bezeichnet beurteilung früherer sicht
umtauschanleihe,umtauschanleihe engl exchangeable bond anleihe zusätzlich jährlichen fixen zinszahlung investor anleihe jederzeit feste gegebene anzahl aktien tauschen
ausgabenfunktion,ausgabenfunktion mikroökonomik verwendete funktion angibt konsument minimal ausgeben gegebenes nutzenniveau erreichen nutzenfunktion preise güter nutzen erzielt vorgegeben
kreditversicherung,kreditversicherung versicherung lieferantenkredits verstanden umfasst kredite immobilienfinanzierungen bankkredite
auslandsverschuldung,auslandsverschuldung bezeichnet gesamtbestand verbindlichkeiten wirtschaftssektoren staat nichtfinanzielle finanzielle sektoren volkswirtschaft ausland gegenstück auslandsverschuldung auslandsvermögen
fremdfinanzierung,fremdfinanzierung bezeichnet betriebswirtschaftslehre finanzierungsmaßnahmen rahmen unternehmensfinanzierung unternehmen zusätzliches fremdkapital verfügung gestellt gegensatz eigenfinanzierung
firds,financial instruments reference database system firds datenbank finanzinstrumenten europäischen wertpapier- marktaufsichtsbehörde esma publiziert liefert zusatzinformationen instrumenten finanzmarktrichtlinie mifid ii berichtet
financial intermediation services indirectly measured,financial intermediation services indirectly measured abgekürzt fisim deutsch finanzserviceleistungen indirekte messung bezeichnen volkswirtschaftlichen gesamtrechnungen indirekten entgelte banken kredit- einlagengeschäft direkt
fabrikgut,fabrikgut kirchenfabrik kirchenärar fabrica ecclesiae kirchengebäude bestreitung kosten gottesdienstes unterhaltung kirchengebäudes stifts- klostergebäude bestimmte vermögen kirche stifts klosters eigenkirchen- eigenklosterwesens
eidgenössisches finanzdepartement,eidgenössische finanzdepartement efd französisch département fédéral finances dff italienisch dipartimento federale delle finanze dff rätoromanisch departemente schweizer landesregierung entspricht aufgabenbereich
bundesministerium der finanzen,bundesministerium finanzen abkürzung bmf oberste bundesbehörde bundesrepublik deutschland hauptsitz bzw
föderaler öffentlicher dienst finanzen,föderale öffentliche dienst finanzen abkürzung föd finanzen finanzministerium belgien vierzehn föderalen öffentlichen diensten belgien sitz gegründeten behörde brüssel
filmbudget,filmbudget versteht höhe geldsumme filmproduktionsgesellschaft herstellung films verfügung stellt beispielsweise direkte auswirkungen produktionswert anhand filme a-movies umgangssprachlich teure produktionen hollywood-filmstudios
finanzen,finanzen plural wort finanz konfix verwendet englisch finances französisch finances allgemein sammelbegriff finanzwesen finanzwirtschaft speziell öffentliche finanzen staatsfinanzen kommunalfinanzen gemeint
finanzierungsleasing,finanzierungsleasing englisch finance-leasing typischem leasing überwälzt leasinggeber investitionsrisiko leasingnehmer geber trägt somit kreditrisiko eventuell vereinbarte dienstleistungen
financial markets and portfolio management,financial markets and portfolio management fmpm wissenschaftliche zeitschrift finanzwirtschaft zeitschrift publiziert wissenschaftliche beiträge bereichen finanzwirtschaft  bereichen finanzmärkten portfoliotheorie wealth
schattenfinanzindex,schattenfinanzindex financial secrecy index fsi tax justice networks listet potentiellen schaden schattenwirtschaft finanzbereich ländern hoheitsgebieten
finanzanalyst,finanzanalyst person funktion unternehmen erstellung finanzanalysen beschäftigt
finanzplatz,finanzplatz finanzzentrum ort hohe konzentration banken finanzinstitutionen börsen existenz entwicklung finanzmärkten eingeschränkt sodass finanzielle aktivitäten transaktionen effizienter durchgeführt orten internationaler
finanzintermediär,finanzintermediäre englisch financial intermediaries unternehmen finanzmarkt vermittler nachfrage angebot wirtschaftssubjekte finanzinstrumenten finanzierungsinstrumenten treten ausgleichen umwandeln
finanzielle allgemeinbildung,finanzielle allgemeinbildung finanzkompetenz allgemeinbildung verbraucher ausbildung finanzbranche alltag lage versetzt finanzwirtschaftliches wissen anzueignen hiermit probleme bereich finanzdienstleistungen selbständig eigenverantwortlich lösen
betriebswirtschaftliche kennzahl,betriebswirtschaftliche kennzahl kennzahl beurteilung unternehmen herangezogen unternehmensdaten gewonnen rahmen kennzahlensystemen eingesetzt
finanzrisiko,finanzrisiken risiken wirtschaftssubjekts bezeichnet ihren ursprung finanzbereich unmittelbar gewinn- verlustrechnung auswirken finanzrisiken insbesondere kreditinstituten übernommen finanzielle transaktionen bankbetriebliches kerngeschäft darstellen
finanzdienstleistung,finanzdienstleistung sammelbezeichnung finanzwirtschaftliche marktfähige dienstleistungen finanzintermediären insbesondere finanzdienstleistungsinstituten angeboten
finanzsystem,finanzsystem system zahlungsströme teilnehmern systems erlaubt finanzsystem verschiedenen ebenen betrachtet volkswirtschaftlicher sicht globaler globales finanzsystem nationaler regionaler ebene einzelwirtschaftlicher sicht
finanztechnologie,finanztechnologie englisch financial technology verkürzt fintech bzw fintech sammelbegriff technologisch weiterentwickelte finanzinnovationen finanzinstrumenten -dienstleistungen -intermediären resultieren
finanzmarkt-kapitalismus,finanzmarkt-kapitalismus finanzkapitalismus sozialwissenschaftlicher begriff neueren typus kapitalismus kennzeichnet finanzmärkte wachsenden einfluss realökonomie ausüben soziologen paul windolf geprägte begriff insbesondere christoph
floating charge,floating charge englischen property law sicherungsmittel forderung floating charge wirtschaftsleben verbreitetsten sicherungsmittel unternehmen sicherungsgeber auftreten privatpersonen partnership verwehrt ausnahme limited
terminzins,terminzins forward rate bezeichnet zinssatz zukünftigen zeitpunkt gilt gegenteil terminzinses kassazins sofort bestimmte laufzeit gilt
ministerium für wirtschaft und finanzen frankreich,französische ministerium wirtschaft finanzen französisch ministère de l’economie et finances minefi juni ministère de l'économie finances et de l'industrie deutsch
finanzierung,finanzierung finanzökonomik englisch financing finanzwirtschaft versorgung wirtschaftssubjekts kapital ziele verfolgen
fundraising,fundraising engl mittelakquisition bzw
g20 entwicklungsländer,g20 entwicklungsländer aufgrund fluktuation mitglieder zeitweise g21 g22 g23 g20 genannt gruppe entwicklungs- schwellenländern namen gegeben ältere g20 wirtschaftlich stärksten
g33,bezeichnung g33 abkürzung gruppe dreiunddreißig unterschiedliche informelle zusammenschlüsse staaten gemeint
geldkarte,geldkarte elektronische geldbörse deutschland beteiligten kreditinstituten banken ausgegeben
gharar,gharar arabisch غرر dmg gharar arabisch khațar ungewissheit täuschung islam verbot spekulation ungewissheit
glasgow stock exchange,glasgow stock exchange ehemaliger börsenhandelsplatz schottischen stadt glasgow glasgower börse zwischenzeitlich london stock exchange übernommen
global depository receipt,global depository receipt gdr  international depository receipt idr globale form hinterlegungsscheins englisch depository receipt somit zertifikat eigentum aktie verbrieft
konsumausgaben des staates,konsumausgaben staates staatsverbrauch genannt aggregat bruttoinlandsprodukts verwendungsrechnung volkswirtschaftlichen gesamtrechnung einzelnen esvg definiert
handelsspanne,handelsspanne englisch margin abgeleitete preisgröße wirtschaft insbesondere handelsunternehmen verwendet gehandelte dienstleistungen handelsspanne differenz listenverkaufspreis einstandspreis verhältnis listenverkaufspreis üblicherweise angegeben prozent
bruttoregionalprodukt,bruttoinlandsprodukt schweiz bruttoinlandprodukt abkürzung bip englisch domestic product gdp gesamtwert güter d h dienstleistungen jahres innerhalb landesgrenzen volkswirtschaft endprodukte hergestellt
wachstumswert,wachstumswert englisch growth stock versteht aktiengesellschaft langen zeitraum umständen jahrzehnte hinweg stetiges weitgehend konjunkturunabhängiges hohes umsatz- gewinn-wachstum aufweist voraussetzung hierfür
hm treasury,hm treasury treasury her/his majesty treasury deutsch ihrer/seiner majestät schatzamt britische finanz- wirtschaftsministerium leiter schatzkanzler
harambee,harambee bedeutet swahili lasst strick ziehen kenias präsident jomo kenyatta motto wichtige gesellschaftliche selbsthilfebewegung leben gerufen
stille reserven,stille reserven stille rücklagen bewertungsreserven rechnungswesen bilanz ersichtlichen bestandteile eigenkapitals sowohl unterbewertung vermögen überbewertung schulden entstehen
teilzahlungsgeschäft,teilzahlungsgeschäft finanzkauf warenhandel vereinbarung unternehmer verbraucher bezahlung fälligen kaufpreises ausnahmsweise sofort summe teilzahlung mindestens zahlungsraten erbringen gesetz spricht raten teilzahlungen
werthaltigkeitstest,werthaltigkeitstest englisch impairment test test bewertung anlagevermögens bilanzierungsvorschriften us-gaap ifrs verlangen periodische beurteilung möglichen wertbeeinträchtigung
rohstoffhandel,rohstoffhandel wirtschaftszweige zusammengefasst handel vertrieb primär- sekundärrohstoffen befassen rohstoffhandel wesentlicher bestandteil rohstoffwirtschaft gewinnung verarbeitung rohstoffe befasst
investition,investition lateinisch investire einkleiden versteht wirtschaft allgemein einsatz kapital bestimmten verwendungszweck investor
aktienmarkt,aktienmarkt englisch stock market marktsegment kapitalmarkts börslichen außerbörslichen handel aktien umfasst komplementärbegriff rentenmarkt
hochstift,ausdrücke hochstift metropolitanbistum erzstift zuge territorialen emanzipation fürstbistum fürsterzbistum bzw fürststift fürsterzstift bezeichnen geistliches territorium heiligen römischen reich staatliche souveränität
hotelling-regel,hotelling-regel bedeutendes theorem mikroökonomie harold hotelling artikel the economics of exhaustible resources erstmals vorgestellt
iboxx,iboxx name indexfamilie rentenindizes indizes entwicklung rentenmärkte regionen europa usa asien repräsentativ dokumentieren
international financial reporting standard,international financial reporting standard leases ifrs rechnungslegungsvorschrift iasb ifrs ersetzt ias interpretationen ifric sic sic
international financial reporting standard,international financial reporting standard ifrs rechnungslegungsstandard international accounting standards board iasb bilanzierung anteilsbasierter vergütungen regelt anteilsbasierten vergütungen zählen insbesondere aktienoptionen
schuldschein,schuldschein schuldner ausgestellte urkunde zwecks beweiserleichterung gläubiger bestehen verbindlichkeit bestätigt
itraxx,itraxx name familie credit-default-indizes regionen europa asien abdecken indizes entwicklung entsprechenden kreditderivatemärkte repräsentativ dokumentieren
idschara,idschara arabisch إجارة dmg iǧāra häufig ijarah ijara islamischen finanzwesen islamkonformes finanzierungsinstrument konventionellen leasing ähnlich
ikoyi,ikoyi insel lagune lagos gebiet nigerianischen stadt lagos ikoyi kanal künstlich lagos island westen abgetrennt local government area lagos island
einkommen,einkommen bezeichnet natürlichen juristischen person bestimmten zeitraum geld sache zufließenden leistungen umgangssprachlich spricht natürlichen personen verdienst juristischen personen hingegen gewinn
indexfonds,indexfonds investmentfonds bestimmten börsenindex z b dax dow jones industrial average möglichst exakt nachbilden
individual savings account,individual savings account isa steuerprivilegierte anlageform vereinigten königreich steuerlich ansässige
ablass,ablass indulgenz lateinisch indulgentia veraltet römische gnade begriff römisch-katholischen theologie bezeichnet kirche geregelten gnadenakt kirchlicher lehre zeitliche sündenstrafen erlassen sünden
inflation,inflation lat inflatio aufblähen anschwellen bezeichnet volkswirtschaftslehre allgemeine anhaltende erhöhung preisniveaus gütern dienstleistungen teuerung gleichbedeutend minderung kaufkraft geldes zentralbanken gehört
information ratio,information ratio kennzahl bewertung investmentfonds beschreibt überschussrendite verhältnis nachbildungsfehler englisch tracking error errechnet division fondsrendite ausgedrückt alpha fondsrisiko ausgedrückt 
insolvenz,insolvenz lateinisch insolventia solvere zahlen bezeichnet situation schuldners zahlungsverpflichtungen gläubiger erfüllen insolvenz gekennzeichnet akute zahlungsunfähigkeit illiquidität mangelnde liquidität drohende zahlungsunfähigkeit
institutioneller anleger,institutioneller anleger institutioneller investor anleger kapitalanlagen und/oder häufig vorkommen kaufmännischer weise eingerichteter geschäftsbetrieb erforderlich gegensatz privatanleger
versicherung kollektiv,versicherung veraltet assekuranz grundprinzip kollektiven risikoübernahme versicherungsprinzip äquivalenzprinzip bezeichnet zahlen geldbetrag (= versicherungsbeitrag kapitalsammelstelle versicherer eintreten entsprechenden schadens versicherungsfall kapitalsammelstelle
zins,zins lateinisch census abschätzung wirtschaft entgelt schuldner gläubiger gegenleistung vorübergehend überlassenes kapital zahlt
zinsparitätentheorie,zinsparitätentheorie john maynard keynes zurückgehendes verbreitetes volkswirtschaftliches modell liefert erstens erklärungsansatz anlegerverhalten anleger investieren höchste rendite erwirtschaftet
interner zinsfuß,interne-zinsfuß-methode interne-zinssatz-methode methode internen zinsfußes methode internen zinssatzes  izf -methode bzw izm izs-methode englisch irr internal rate of return
fisher-effekt,fisher-effekt benannt ökonomen irving fisher handelt beziehung inflationsrate nominalem realem zinssatz besagt steigerungen inflationsrate proportionalen steigerungen nominalzinses niederschlagen mathematischer form
international payment instruction,ipi international payment instruction einzahlungsschein europaweit einheitlicher zahlungs-beleg entwickelt internationalen organisation normung iso europäischen komitee bankstandards ecbs).das erscheinungsbild teilnehmenden länder
weltwirtschaft,weltwirtschaft gesamtheit wirtschaftsbeziehungen welt verstanden staatlichen volkswirtschaften umfasst zugerechnete nominale weltsozialprodukt betrug billionen us-dollar
investitionsschutzabkommen,investitionsschutzabkommen englisch international investment treaties international investment agreements völkerrechtliche verträge staaten bieten direktinvestitionen ausländischer natürlicher juristischer personen z
lagerumschlagshäufigkeit,lagerumschlagshäufigkeit betrieblichen materialwirtschaft betriebswirtschaftliche kennzahl angibt durchschnittliche lagerbestand produktes geschäftsjahres komplett lager entnommen ersetzt
investition,investition lateinisch investire einkleiden versteht wirtschaft allgemein einsatz kapital bestimmten verwendungszweck investor
investmentfonds,investmentfonds fonds geld- kapitalanlage investitionen investmentfonds profitiert einzelne anleger vorteilen handelns gruppe
anleger finanzmarkt,anleger kapitalanleger kapitalgeber investor wirtschaftssubjekt marktteilnehmer finanzmarkt finanzprodukt zwecke langfristigen vermögensmehrung nachfragt
investor-state dispute settlement,englischen begriff bezeichnete investor-state dispute settlement isds deutsch investor-staat-streitbeilegung instrument internationalen rechts isds erlaubt ausländischen investor staat investiert streitbeilegungsverfahren anzustoßen
investor relations,investor relations abkürzung ir deutsch investorendialog finanzkommunikation handlungsfeld unternehmenskommunikation bezeichnet aktiengesellschaft kapitalbasierten gesellschaften kontaktpflege aktionären bzw
islamisches bankwesen,islamische bankwesen englisch islamic banking arabisch مصرفية إسلامية dmg maṣrifīya islāmīya teilbereich islamischen finanzwesens betreibt islamkonforme bankgeschäfte
emittent finanzmarkt,emittent wirtschaftssubjekt zwecke kapitalbeschaffung wertpapiere ähnliche urkunden geld- kapitalmärkten ausgibt hilfe bankenkonsortiums ausgeben lässt notenbanken ausgabe geld gesetzlichem zahlungsmittel gelegentlich
ivar kreuger,ivar kreuger ˌiːvar ˈkryːgər märz kalmar schweden
journal of banking and finance,journal of banking and finance abgekürzt häufig jbf monatlich erscheinende  wissenschaftliche zeitschrift volkswirtschaftlichen themen schwerpunkt liegt finanz- bank-bezogenen themen
journal of financial economics,journal of financial economics jfe mehrmals jährlich erscheinende wissenschaftliche zeitschrift themen finanzwirtschaft
journal of financial and quantitative analysis,journal of financial and quantitative analysis jfqa zweimonatlich erscheinende wissenschaftliche fachzeitschrift volkswirtschaftlichen themen schwerpunkt liegt bereichen finanzwirtschaft investitionen kapital- wertpapiermärkte
karnit flug,karnit flug hebräisch קרנית פלוג januar warschau israelische ökonomin gouverneurin israelischen zentralbank
säumniszuschlag,säumniszuschlag begriff deutschen verwaltungsrecht zusätzliche abgabe fall verspäteten zahlung gebühr beitrags steuer erhoben
miete,miete steht  abschluss und/oder durchführung mietvertrages siehe mietvertrag deutschland mietvertrag österreich mietvertrag schweiz immobiliarmiete entgeltliche überlassung räumen grundstücken geschäftsraummiete
sale-lease-back,rückmietverkauf sale-lease-back sale-and-rent-back synonyme bezeichnungen sonderform leasings organisation immobilie fahrnis immaterielle güter marken patente leasinggesellschaft verkauft nutzung gleichzeitig zurückleast rückmietverkauf
erbbaurecht,erbbaurecht lat superficies meist zahlung regelmäßigen sogenannten erbbauzinses grundstück bauwerk errichten unterhalten abs
am wenigsten entwickelte länder,wenigsten entwickelte länder wel englisch least developed countries ldc vereinten nationen definierter sozialökonomischer status gruppe armen ländern überall welt besitzt
haftung recht,haftung unterschiedlich verwendeter rechtsbegriff leistungspflicht schuldners gläubiger einstehenmüssen rechtssubjekts entstandenen schaden engeren sinn unterworfensein vermögens schuldners zugriff gläubigers umschreibt
rechtsrisiko,rechtrisiko englisch legal risk besteht gefahr rechtssubjekt abschluss vertrages schaden wirtschaftlicher verlust entsteht fehlerhafte anwendung gesetzen nichtbeachtung falschanwendung übertretung herbeigeführt
akkreditiv,akkreditiv englisch letter of credit abgekürzt l/c bankers letter of credit außenhandelsfinanzierung geschäftsbesorgungsvertrag verpflichtung kreditinstituts weisungen auftraggebers vorlage bestimmter dokumente
leverage-effekt,hebeleffekt leverage-effekt ˈliːvəɹɪdʒ englisch leverage hebelwirkung genannt beschreibt allgemein situationen änderungen variablen ausschlägen resultat führen speziell finanzwesen begriff insbesondere bereichen
like for like,like for like lfl englischen stammende betriebswirtschaftliche kennzahl beschreibt neuakquisen bereichsverkäufe bereinigte wachstum betrieblichen bereiches dient ermittlung organischen wachstums
kreditlinie,kreditlinie kreditrahmen kreditfazilität bankwesen betragsmäßige obergrenze bezeichnet kreditnehmer bestimmte kreditart anspruch nehmen
leistungsübertragungsbilanz,leistungsübertragungsbilanz englisch link budget nachrichtentechnik maß qualität übertragungskanals bilanz einheit bel positiven negativen werten angegeben einfachen modell addition sendeleistung empfängerempfindlichkeit
liquiditätsrisiko,liquiditätsrisiko manchmal refinanzierungsrisiko risiko bezeichnet begleichen fälliger zahlungen benötigte zahlungsmittel erhöhten refinanzierungskosten beschaffen liquiditätsrisiko finanzrisiko
liste der international financial reporting standards,liste international financial reporting standards enthält international financial reporting standards ifrs sinne zählen gemäß ias  international financial reporting standards
liste der länder nach auslandsverschuldung,liste länder auslandsverschuldung überblick länder höchsten auslandsverschuldung
liste von finanzaufsichtsbehörden,liste finanzaufsichtsbehörden beinhaltet staatliche organisationen finanzmarktaufsicht befassen alphabetisch sortiert albanien albanische finanzaufsichtsbehörde alb
beleihungsauslauf,beleihungsauslauf begriff kreditgeschäft kreditinstitute nämlich quotient darlehensbetrag beleihungswert kreditsicherheit beleihungsrisiko bestimmten kredits darstellen
kreditvertrag,kreditvertrag darlehensvertrag englisch loan agreement insbesondere kreditwesen vertrag kreditinstitut kreditnehmer gewährung bestimmten kredits
covenants,anglizismus covenants lateinisch conventio vertrag vereinbarung handelt deutschen sprachgebrauch bestimmte klauseln neben-)abreden kreditverträgen anleihebedingungen
sperrfrist aktie,begriff sperrfrist lock-up-periode bezeichnet bankenwesen zeitraum aktionäre zumeist institutionelle anleger verpflichten börsengang aktien verkaufen deutschland sperrfrist monate regelfall
londoner schuldenabkommen,londoner schuldenabkommen abkommen deutsche auslandsschulden langwierigen verhandlungen februar london unterzeichnet gesetz
lookback-option,lookback-option exotische option basispreis ausübung festgelegt basispreis ergibt sicht optionskäufers beste preis basiswert optionslaufzeit erreicht
low-budget-film,low-budget-film loʊ ˌbʌdʒɪtfɪlm deutsch film geringem budget filmproduktion geringes budget verfügt meist außerhalb etablierten studiosystems produziert low-budget-film klassischen hollywood meist
finanzwirtschaft,finanzwirtschaft umfasst betriebswirtschaftslehre oberbegriff finanzierung kapitalbeschaffung investition kapitalverwendung zahlungsverkehr risikomanagement rahmen unternehmensfinanzierung pendant produktionswirtschaft
kapitalmarktanomalie,kapitalmarktanomalien kursanomalien genannt bezeichnen zustand beobachtungen kapitalmarkt bisherigen kapitalmarkttheorien übereinstimmen insbesondere widersprüchen capm stehen 70er untersuchungen unternommen auftretenden abweichungen bestehenden
exposure finanzwirtschaft,exposure englisch engagement kreditinanspruchnahme risiko bankwesen anglizismus offene risikopositionen finanzinstrumenten basiswerten innerhalb geschäftsvolumens
marktportfolio,marktportfolio besteht gewichteten summe anlage marktes bestmöglich diversifizierte portfolio portfoliotheorie bzw
zeitzonenarbitrage,zeitzonenarbitrage fachausdruck wertpapierhandel bezeichnet form market timings kursfeststellungen börsen unterschiedlichen zeitzonen ausgenutzt ausdruck zusammenhang late trading genannt
bullen- und bärenmarkt,begriff bullenmarkt hausse os französisch anstieg steigerung steht börse anhaltend steigende kurse bärenmarkt baisse bɛs französisch rückgang abnahme hingegen anhaltend
marousi,marousi griechisch μαρούσι n sg
fälligkeit,rechtsbegriff fälligkeit versteht eintritt leistungstermins verbundene sofortige leistungspflicht schuldners
media for equity,media for equity englischer begriff deutschland innerhalb medienindustrie risikokapitalbranche investment-modell verwendet media for equity bezeichnet beteiligung medienunternehmen unternehmen start-ups verwendung
konsum-investitions-problem,konsum-investitions-problem standardproblem modernen finanzökonomik stellt frage risikoscheuer konsument lebenszyklus verfügbares finanz- humankapital intertemporal anlegen zeitpunkt konsumieren d h sparquote portfolio
mezzanine-kapital,mezzanine-kapital mezzanine-finanzierungen italienisch mezzo halb beschreibt sammelbegriff finanzierungsarten ihren rechtlichen wirtschaftlichen ausgestaltungen mischform eigen- fremdkapital darstellen klassischen variante unternehmen wirtschaftliches
ministerium für wirtschaft und finanzen italien,ministerium wirtschaft finanzen ital ministero dell'economia delle finanze abgekürzt mef ministerien italienischen regierung
bundesministerium für finanzen,bundesministerium finanzen bmf finanzministerium oberste behörde österreichischen finanzverwaltung zuständig bundesfinanzen finanzwesen teile wirtschaftspolitik
finanzministerium kroatien,finanzministerium republik kroatien kroatisch ministarstvo financija republike hrvatske mfin ministerium kroatischen regierung
finansministeriet,finansministeriet finanzministerium königreiches dänemark sitz slotsplads hauptstadt kopenhagen
ministerium für finanzen israel,israelische ministerium finanzen hebräisch משרד האוצר misrad haotzar zuständig planung umsetzung israelischen wirtschafts- finanzpolitik
finanzministerium japan,japanische finanzministerium jap 財務省 zaimu-shō engl
finanzministerium der republik litauen,finanzministerium republik litauen litauisch lietuvos respublikos finansų ministerija ministerien regierung litauens sitz hauptstadt vilnius
finanzministerium polen,finanzministerium polnisch ministerstwo finansów abgekürzt mf ministerien republik polen zuständig finanzpolitik landes
finansdepartementet,schwedische finanzministerium schwedisch finansdepartementet ministerium schwedischen zentralregierung anderem zuständig wirtschaftspolitik zentralregierung staatshaushalt finanzmarktpolitik steuern bankenwesen regulierung lizenzierung schwedischen glücksspielwesens ökonomischen
finanzministerium china,finanzministerium volksrepublik china chinesisch 中华人民共和国财政部 pinyin zhōnghuá rénmín gònghéguó cáizhèngbù mof englisch ministry of finance ministerium chinesischen staatsrats ministerium begründet
ministerium für staatsvermögen,ministerium staatsvermögen polnisch ministerstwo skarbu państwa deutsch wörtlich ministerium schatz staats ministerien republik polens sitz ministeriums befand landeshauptstadt warschau
mobile payment,mobile payment m-payment elektronische zahlungsform verwendung mobilen endgeräten mobile elektronische techniken initiierung autorisierung realisierung zahlung einsetzt mittels mobiltelefonen tablet-computern smartwatches
modellrisiko,modellrisiko risiko  modell falsch konzipiert ungeeignet gewählte anwendung modell unsachgemäß angewendet modell falsche eingangsdaten verwendet modell aktuell inkonsistent istder
modigliani-miller-theorem,modigliani-miller-theoreme franco modigliani merton miller ihren erschienenen aufsätzen the cost of capital corporation finance and the theory of investment dividend
monetäre finanzinstitute,monetäre finanzinstitute engl monetary financial institutions mfi bankwesen übliche bezeichnung kreditinstituten publikum einlagen entgegennehmen form krediten rechnung anbieten
effektiver jahreszins,effektive jahreszins genauer effektive jahreszinssatz beziffert jährlichen nominale kredithöhe bezogenen kosten krediten prozent auszahlung angegeben
money management,money management bezeichnet wertsicherungsstrategie abzielt risiko wertpapier-portfolios größenfestlegung einzelnen handelspositionen steuern börseninvestor verwaltet wertpapierdepot umfang mio
moralisches risiko,moralisches risiko moralische versuchung moralisches wagnis rationalitätsfalle englisch moral hazard bedeutet fehlanreize personen unternehmen aufgrund ökonomischer fehlanreize verantwortungslos leichtsinnig verhalten
zahlungsbedingung,zahlungsbedingungen zahlungskonditionen englisch terms of payment allgemeine geschäftsbedingungen zahlung geldschulden zahlungspflichtigen geschäften regeln
substanzwert,substanzwert englisch asset value betriebswirtschaftslehre wert überwiegend unternehmensbewertung zugrunde gelegt
nettozinseinkommen,nettozinseinkommen nze nettozinsertrag nettozinsergebnis differenz erhaltenen gezahlten zinsen differenz gilt wichtige kennzahl erfolgreich bank funktion finanzintermediation ausführt
kapitalwert,kapitalwert englisch net present value npv nettogegenwartswert seltener ngw nettobarwert betriebswirtschaftliche kennzahl dynamischen investitionsrechnung abzinsung beginn investition zahlungen vergleichbar beliebigen
the treasury neuseeland,the treasury finanzministerium neuseelands berät regierung fragen wirtschafts- finanz- ordnungspolitik landes
nihombashi,nihombashi jap 日本橋 alternative romanisierung nihonbashi japan-brücke brücke bezirk chūō japanischen präfektur tokio benannter stadtteil gleichen bezirk
stückaktie,stückaktie nicht-nennwertaktie form aktie quasi nennwertlos gegensatz nennbetragsaktien grundkapital aktiengesellschaft aktien unterschiedlichem wert einteilbar aktien gleichen anteil grundkapital widerspiegeln
noise trading,noise trading deutsch handeln rauschen rauschhandel beschreibt verhaltensökonomik behavioral finance irrationales verhalten finanzmarktakteuren rauschhändler versuchen gegensatz smart money tradern aktuell
notleidender kredit,notleidender kredit problemkredit toxischer kredit umgangssprachlich fauler kredit englisch non-performing loan abgekürzt npl kredit schuldner schuldendienst rückstand gerät schuldnerverzug befindet
nxt kryptowährung,nxt eingeführte kryptowährung dezentralen community weiterentwickelt proof-of-stake-ansatz pos aufbaut nxt gegensatz bitcoin sicherheitskonzept eigenem programmiercode basiert kryptowährung generation bezeichnet funktion
odious debts,odious debts englisch verabscheuungswürdige schulden diktatorenschulden alexander nahum sack russischer minister russischen revolution professor rechts paris 1920er entwickelter völkerrechtlicher begriff
offertorium,offertorium lat offerre entgegentragen entgegenbringen darreichen reichen darbieten liturgischer gesang gabenbereitung heiligen messe
operatives leasing,operative leasing englisch operate-leasing operatingleasing genannt form leasing miete weitgehend ähnlich fällen mietuntypische dienstleistungen einschließt wesentliche merkmale  feste grundmietzeit
umsatzrendite,rentabilität englisch profitability oberbegriff mehrere betriebswirtschaftliche kennzahlen beurteilung wirtschaftlichen erfolgs unternehmens dienen
außerbörslicher handel,außerbörsliche handel direkthandel telefonhandel otc-handel bezeichnet finanzielle transaktionen marktteilnehmern börse abgewickelt begriff telefonhandel gebrauch handel überwiegend elektronischem wege abläuft
überziehung,überziehung entsteht girokonten verfügungen barauszahlung überweisung lastschrift kontoguthaben vorhandene kontokorrentkredite dispositionskredite gedeckt
tages- und termingeldhandel,tages- termingeldhandel geldhandel genannt wesentliches marktsegment geldmarkts wobei unbesicherte kredite bzw geldanlagen laufzeit gehandelt
kurs-buchwert-verhältnis,kurs-buchwert-verhältnis kbv engl p/b ratio p/bv substanzorientierte kennzahl beurteilung börsenbewertung aktiengesellschaft
kurs-gewinn-wachstums-verhältnis,kurs-gewinn-wachstums-verhältnis kgv-wachstums-verhältnis engl price-earning to growth-ratio dient kennzahl bewertung aktien wachstumswerten
paradeplatz zürich,paradeplatz platz bahnhofstrasse quartier city zürich liegt teuersten lagen stadt synonym banken schweizer wohlstand
genussrecht,genussrechte englisch participation rights participation certificates non-voting equity securities gehören emittierenden unternehmen mezzanine-kapital finanzinstrumente schuldrechtlich begründete finanzierungsmittel mitglied­schaftstypischen vermögensrechten ausgestattet
avenida paulista,avenida paulista wichtigsten straßen stadt são paulo brasilien knapp kilometer liegt langgestreckten hügelzug quartieren  bela vista jardim paulista südwestlich
pax-bank,pax-bank eg hauptsitz köln bank kirche caritas genossenschaftlich organisierte katholische universalbank mitglieder setzen einrichtungen katholischen kirche privatpersonen kirchlichen bereich
kurzzeitkredit,kurzzeitkredit form kredits angelsächsischen raum payday loan schweden begriff expresskredite deutschland kreditform hingegen verbreitet
payment-service-provider,payment-service-provider englisch zahlungsdienstleister bezeichnet unternehmen anbindung online-bezahlmethoden onlineshops kümmern beispiele bezahlmethoden z
peer-to-peer-kredit,peer-to-peer-kredite englisch peer-to-peer lending person-to-person lending kredite direkt privatpersonen privatpersonen engl peer to peer privatkredite vergeben finanzinstitut z
pension altersversorgung,pension ruhegehalt genannt person regelmäßig ausbezahltes einkommen meist altersversorgung dient
peterspfennig,peterspfennig denarius sancti petri geldsammlung ausdruck verbundenheit gläubigen papst gilt finanziellen zuwendung apostolische karitative arbeit papstes unterstützt
portfolio,portfolio lateinisch portare tragen folium blatt selten portefeuille sammelmappe bewerbungsunterlagen insbesondere kunstwerken übertragenen sinne versteht portfolio bestand artverwandten rechtsobjekten z
portfolioinvestition,gegensatz direktinvestitionen steht anleger auslands)-portfolioinvestitionen kontrollierende aspekt vordergrund vielmehr kapitalgeber interessiert profiten ausländischer unternehmen form renditen partizipieren
prekarie,prekarie häufig anzutreffende leihe land frühen mittelalter älteste praxis republikanischen rom zurückgeht wort abgeleitet spätlateinischen substantiv precarium (= lehensgut land
barwert,barwert englisch present value z t gegenwartswert genannt begriff finanzmathematik  barwert wert zukünftige zahlungen gegenwart besitzen
kurs-cash-flow-verhältnis,kurs-cash-flow-verhältnis kcv kcf begriff finanzanalyse liquiditätsorientierte aktienkennzahl verhältnis aktienkurs cash-flow aktie angibt
preiserkennung,prozess preiserkennung begriff finanzwissenschaft bzw finanzwesens beschreibt märkten informationen form preisen verarbeitet
kurs-gewinn-verhältnis,kurs-gewinn-verhältnis kgv englisch price-earnings-ratio per p/e ratio häufig gebrauchte ökonomische kennzahl beurteilung aktien hierbei kurs aktie verhältnis vergleichszeitraum bestimmten erwarteten
kurs-umsatz-verhältnis,kurs-umsatz-verhältnis kuv aktienkennzahl setzt aktuelle marktkapitalisierung unternehmens verhältnis jahres)-umsatz
private equity,private equity deutsch außerbörsliches eigenkapital privates beteiligungskapital form beteiligungskapitals kapitalgeber eingegangene beteiligung geregelten märkten börsen handelbar kapitalgeber private institutionelle anleger
privatplatzierung,privatplatzierung englisch private placement umgangssprachlich placing öffentliche private emission vermögensgegenständen
gewinnspanne,gewinnspanne englisch profit margin betriebswirtschaftliche kennzahl aussagen rentabilität unternehmen
put-call-ratio,put-call-ratio pcr gehört wertpapierhandel timingindikatoren bewertung wertpapieren verhältnis gehandelten kaufoptionen verkaufsoptionen
quality investing,quality investing anlagestrategie identifikation investitionsobjekten überdurchschnittlich hohen qualitätsmerkmalen basiert idee quality investing stammt welt anleihen immobilien ratings gutachten qualität preis
quasilineare nutzenfunktion,quasilineare nutzenfunktion spezielle mathematische funktion volkswirtschaftslehre insbesondere mikroökonomie benutzt präferenzen wirtschaftssubjekten haushalten individuen modellieren
handelssperrzeit,handelssperrzeit quiet period blackout period genannt angemessene zeitspanne veröffentlichung quartals- bzw jahresergebnissen börsennotiertes unternehmen investor relations eingeschränkt kapitalmarkt kommuniziert gleichzeitig
rentabilität,rentabilität englisch profitability oberbegriff mehrere betriebswirtschaftliche kennzahlen beurteilung wirtschaftlichen erfolgs unternehmens dienen
immobilienmakler,immobilienmakler selbstständiger gewerbetreibender gelegenheit kaufvertrag mietvertrag immobilien nachweist gelegenheit vermittelt somit makler eigentümer interessenten tätig tätigkeit vertrag zustande erhält provision
rebalancing finanztheorie,rebalancing deutsch neugewichtung umschichtung geldanlagen zwecks wiederherstellung erzielenden vermögensallokation anlageaufteilung findet buy-and-hold
referenzzinssatz,referenzzinssatz bankwesen zinssatz neutraler stelle institutsübergreifend täglich bestimmte währung zinslaufzeit ermittelt nichtbankensektor bezugs- orientierungsgröße anerkannt
regulativer kapitalismus,regulativer kapitalismus engl regulatory capitalism bezeichnet sozialwissenschaftliche these bedingungen globaler marktöffnung privatisierung 1990er regulierungsschub
mietkauf,mietkauf  mietvertrag mieter vermieter eingeräumt innerhalb bestimmten frist einseitige erklärung gemietete sache käuflich erwerben
mietvertrag deutschland,deutschland mietvertrag gegenseitiger schuldrechtlicher vertrag zeitweisen gebrauchsüberlassung entgelt partei vermieter verpflichtet partei mieter gebrauch gemieteten sache gewähren gegenleistung mieters zahlung
mietvertrag deutschland,deutschland mietvertrag gegenseitiger schuldrechtlicher vertrag zeitweisen gebrauchsüberlassung entgelt partei vermieter verpflichtet partei mieter gebrauch gemieteten sache gewähren gegenleistung mieters zahlung
mietvertrag deutschland,deutschland mietvertrag gegenseitiger schuldrechtlicher vertrag zeitweisen gebrauchsüberlassung entgelt partei vermieter verpflichtet partei mieter gebrauch gemieteten sache gewähren gegenleistung mieters zahlung
reputationsrisiko,reputationsrisiko unternehmen risiko negativer wirtschaftlicher auswirkungen schädigung reputation unternehmens entstehen könnten unternehmerischen risikos rahmen risikomanagements berücksichtigt
mindestreserve,mindestreserven bankwesen pflichtguthaben kreditinstitute kraft gesetzes zentralbank unterhalten täglich halten innerhalb mindestreserveperiode durchschnitt betragen eurosystem derzeit sogenannten mindestreservebasis
gesamtkapitalrentabilität,rentabilität englisch profitability oberbegriff mehrere betriebswirtschaftliche kennzahlen beurteilung wirtschaftlichen erfolgs unternehmens dienen
return on capital employed,return on capital employed roce kennzahl misst effizient profitabel unternehmen eingesetzten kapital umgeht stellt weiterentwicklung gesamtkapitalrentabilität dar
eigenkapitalrentabilität,rentabilität englisch profitability oberbegriff mehrere betriebswirtschaftliche kennzahlen beurteilung wirtschaftlichen erfolgs unternehmens dienen
return on investment,begriff return on investment roi kapitalrentabilität kapitalrendite kapitalverzinsung anlagenrentabilität anlagenrendite anlagenverzinsung betriebswirtschaftliche kennzahl messung rendite unternehmerischen tätigkeit gemessen gewinn verhältnis
aktienanleihe,aktienanleihe aktienandienungsanleihe englisch reverse convertible bond equity linked bond strukturiertes finanzprodukt wichtigstes ausstattungsmerkmal emittent laufzeit nominalbetrag zurückzuzahlen bestimmte anzahl vorher
kontokorrentkredit,kontokorrentkredit kreditinstitut girokonto befristet eingeräumte betragsmäßig begrenzte kredit überbrückung kurzfristigen liquiditätsengpässen ankündigungslose abrufbarkeit jederzeitige sofortige rückzahlbarkeit gekennzeichnet
risiko,risiko vermutlich italienischen risico verschiedenen wissenschaftlichen disziplinen unterschiedlich definiert definition gemeinsam beschreibung risikos zusammenhang gewissen ereignissen möglichen negativen auswirkung gefahr
raroc-steuerung,raroc-steuerung risk adjusted return on capital kennzeichnet wertschöpfungsorientiertes zielsystem kreditinstituten anwendung lässt wertschöpfung rein ökonomischer sicht verschiedenen ebenen gesamtbank einzelgeschäft
risikofreier zinssatz,risikofreie zinssatz risikolose zinssatz zinssatz markt geldanlage schuldner gezahlt allgemeiner ansicht risiko besteht kreditzinsen rückzahlung pünktlich geleistet (= ausfallrisiko besteht
risikoneutralität,begriff risikoneutralität bezeichnet entscheidungstheorie eigenschaft marktteilnehmers z b
versicherungspool,poolvertrag schließen mindestens rechtlich selbständig bleibende vertragsparteien erreichung gemeinsamen ziels bestimmten zeitraum vertrag
risiko-ertrags-verhältnis,risiko-ertrags-verhältnis begriff portfoliotheorie beschreibt zielkonflikt kapitalmarktteilnehmer steht kapital portfolio investiert zielkonflikt besteht investor risiko bereit investition einzugehen ertrag erwartet
robo-advisor,robo-advisor bezeichnung untergruppe unternehmen wirtschaftszweig finanztechnologie bezeichnung kofferwort zusammengesetzt englischen wörtern robot roboter advisor berater
72er-regel,72er-regel faustformel zinsrechnung regel näherungsweise verzinsliche kapitalanlage nennwert verdoppelt effekt zinseszins
six interbank clearing,six interbank clearing november swiss interbank clearing sitz zürich tochterunternehmen six group six interbank clearing betreibt auftrag schweizerischen nationalbank zahlungsverkehrsplattform
sandton,sandton stadt norden metropolgemeinde city of johannesburg südafrikanischen provinz gauteng sandton einwohner
sanhattan,sanhattan kunstwort santiago manhattan inoffizielle name bankenviertels santiago de chile liegt osten stadt erhielt namen aufgrund hohen dichte moderner bürogebäude
search fund,search-fund-konzept existiert knapp ursprünglich us-amerikanischen universitäten harvard stanford entwickelt ziel ansatzes häufig vergleichsweise jungen unternehmern hilfe privaten investoren übernahme geschäftsführung
secretaría de hacienda crédito público,secretaría de hacienda crédito público shcp politische sekretariat regierung finanz- öffentliches kreditwesen mexiko vergleichbar finanzministerium shcp untergliedert untersekretariate finanz- öffentliches
verbriefung,verbriefung allgemein zusicherung rechts schriftstück finanzwesen speziell verbriefung englisch securitization ausstellung handelbaren wertpapieren buchforderungen eigentums­rechten verstanden
charakteristische linie,charakteristische linie regressionsgerade vergangenheitswerten rendite aktie rendite marktportfolios capital asset pricing model abgeleitet steigung charakteristischen linie betafaktor β-faktor ausgedrückt
sicherheitsleistung,gesetz spricht sicherheitsleistung bestimmten sachverhalt amts kraft vertraglicher vereinbarung sicherheit stellen sicherheitsleistung dient primär gläubigerschutz
wertpapierlinie,wertpapierlinie wertpapierkenngerade wpl englisch security market line sml zentrales ergebnis capital asset pricing models weiterentwicklung portfoliotheorie beschreibt zusammenhang erwarteten rendite
sesame credit,sesame credit kredit-scoring-system ant financial services group tochtergesellschaft chinesischen alibaba group nutzt anderem daten alibaba-dienstleistungen hinsichtlich kunden punktzahl errechnen staatliche
herstatt-risiko,genanntes herstatt-risiko umgangssprachlich interbankenhandel devisen- wertpapier- derivatehandel finanzrisiko vertragspartei genannt vertragspartner beiderseitigen erfüllungstag verpflichtungen nachkommt verpflichtung erfüllt erfüllungsrisiko herstatt-bank benannt
sharpe-quotient,sharpe-quotient sharpe-maß sharpe-verhältnis genannt englisch sharpe ratio betriebswirtschaftliche kennzahl finanzinstrument überrendite risikofreien zinssatz verhältnis volatilität maß risiko setzt namensgeber william
single-index-modell,single-index-modell sim theorie optimalen portfolioauswahl ziel single-index-modells vereinfachung einflussfaktor
social reporting standard,social reporting standard srs bezeichnet einheitliche richtlinien berichterstattung initiativen projekten nonprofit-bereichs begriff srs profitorientierte unternehmen geltenden rechnungslegungsstandards financial reporting standard
sozialrendite,sozialrendite englisch social return on investment abgekürzt sroi entwickelter ansatz bewertung gesellschaftlichen mehrwerts soziale projekte beschäftigt worten versucht sozialrendite maß
social trading,social trading dt gemeinschaftlicher börsen-)handel bezeichnet form unregulierten anlageberatung vermögensverwaltung privatanleger
agrarrohstoff,agrarrohstoffe rohstoffe landwirtschaftlicher produktion stammen weiterführende anwendungszwecke nahrungs- futterbereich nachwachsende rohstoffe verwendet rohstoffgruppe gehören forstwirtschaftlich produzierte rohstoffe holz gemüse- obstpflanzen
solvenz,solvenz italienisch solvente lösend lateinisch solvere bezahlen abbezahlen zahlungsfähigkeit fähigkeit wirtschaftssubjekts natürliche juristischen person verbindlichkeiten fälligkeit sofort absehbarer erfüllen solvent
sortino-verhältnis,sortino-verhältnis englisch sortino ratio maß risikobereinigten gewinn geldanlage modifikation sharpe-verhältnisses
staatsfonds,staatsfonds fonds bezeichnet kapital auftrag staates anlegen verwalten begriff überwiegend andrew rozanov geprägten amerikanischen bezeichnung sovereign wealth fund swf gleichgesetzt
unsystematisches risiko,unsystematischen risiko spezifisches diversifizierbares risiko versteht kontext portfoliotheorie bzw capital asset pricing models capm risikos risikodiversifizierung wertpapierportfolios reduziert
investmentgesellschaft,investmentgesellschaft gesellschaft liquide anlegern sammelt vorgegebenen grundsätzen diverse anlageklassen wertpapiere immobilien rohstoffe investieren
spotmarkt,spotmarkt kassamarkt lokomarkt effektivmarkt ökonomische ort angebot nachfrage spot- kassageschäften aufeinandertreffen gegenstück terminmarkt
staple financing,begriff staple financing stapled finance staple financing package investmentbanking finanzierungspaket bzw finanzierungszusage genannt rahmen firmenverkäufen banken auftrag verkäufers arrangiert möglichen
börsenmakler,börsenmakler kursmakler englisch broker juni handelsmakler deutschen börsen gewerbsmäßig börsengeschäfte börsenhändlern vermittelten funktion juli skontroführer übernommen
stripe,stripe online-bezahldienst sitz kalifornischen san francisco dienstleistungen unternehmens ländern angeboten
nachrangiges darlehen,nachrangige darlehen nachrangdarlehen englisch junior debt subordinated loans gehören unternehmen mezzanine-kapital finanzinstrumente falle liquidation insolvenz rang forderungen schuldende unternehmen zurücktreten
subprime-markt,subprime-markt bezeichnet einerseits privaten gewerbliche zwecke dienenden hypothekendarlehenmarkts kreditnehmer meist geringer bonität us-amerikanischen banken hypotheken immobilienerwerb aufnahmen bzw überredet
abonnement,abonnement abkürzung abo regelmäßige bezug leistung oftmals entgelt bezieher leistung abonnent
sumitomo-affäre,sumitomo-affäre gilt größten finanzskandale neueren geschichte skandal einzelner händler japanischen handelsunternehmens sumitomo corporation vollkommen unautorisierte geschäfte kaschierte endete letztlich verlust
super-bowl-indikator,super-bowl-indikator phänomen besagt aktienmarktperformance bestimmten jahres ergebnis us-amerikanischen football super bowls abhängt bzw anhand ergebnis vorausgesagt
susu kreditsystem,susu art privater spar- kreditverein untergrund betrieben new york city einwanderern trinidad verbreitet
konsortialkredit,konsortialkredit metakredit syndizierter kredit engl syndicated loan genannt kreditwesen gewährung einheitlichen kredites mindestens kreditinstitute kreditnehmer
systematisches risiko,systematische risiko begriff portfoliotheorie bzw modernen finanzwissenschaft
systemrisiko,systemrisiko systemische risiko risiko funktion fortbestehen systems beeinträchtigen systemrisiko unterscheiden spezifischen risiken bestimmte systemteilnehmer betroffen system gefährden
tax shield,tax-shield englisch deutsch steuerschild bezeichnet finanzwirtschaft wert fremdkapitalzinsen schulden verlustvorträge unternehmenswert beitragen unternehmen meisten steuersystemen schulden verluste steuermindernd einsetzen erhöhen
temporalie,temporalie lat tempus plural temporalia temporalien katholischen kirche bezeichnung weltliche güter gegensatz spiritualien vergänglich
laufzeit wirtschaft,laufzeit versteht wirtschaft zeitraum verträge rechtswirksam geschlossen finanzinstrumente finanzprodukte angeboten laufzeit vorgesehene befristung kündigung beendet
theoretical ex-rights price,theoretical ex-rights price terp deutsch theoretischer nach-rechte preis angenommene aktienkurs emission junger aktien kapitalerhöhung
verdecktes eigenkapital,verdecktes eigenkapital steuerrecht anteil fremdkapital bezeichnet wirtschaftlich bedeutung eigenkapital zukommt beispielsweise kapital handeln unternehmen nahestehenden personen summe verfügung gestellt meist
street performer protocol,street performer protocol spp englisch straßenkünstlerprotokoll methode schaffung schöpferischer werke fördern gemeinfrei öffentlich zugänglich entwickelt kryptologen john kelsey bruce schneier
zinsdeckungsgrad,zinsdeckungsgrad englisch debt burden level englisch interest service cover ratio iscr zinslastquote betriebswirtschaftliche volkswirtschaftliche kennzahlen genannt art schuldners verhältnis zinsaufwendungen
tobinsches,tobinsches tobinscher quotient betriebswirtschaftliche kennzahl unternehmensbewertung quotient benannt james tobin träger alfred-nobel-gedächtnispreis wirtschaftswissenschaften kennzahl propagierte
tontine,tontine tontinenversicherung bzw tontinengeschäft tontine deutschen versicherungsaufsichtsgesetz vag genannt frühe form rentenversicherung
total expense ratio,total expense ratio abkürzung ter gesamtkostenquote kennzahl aufschluss kosten investmentfonds jährlich zusätzlich ausgabeaufschlag anfallen total expense ratio greift ebene fonds
aktienrendite,aktienrendite englisch total shareholder return tsr rendite bewertung anlageerfolges performance aktien dividendenrendite verhältnis dividende gegenwärtigen kurs beschreibt aktienrendite maßzahl wert
ludothek,ludothek bzw lusothek lateinisch ludus eigentlich spiel schule lusus partizip perfekt ludere spielen θήκη stelle behältnis aufbewahrungsort institution bzw
trade-off-theorie der kapitalstruktur,trade-off-theorie kapitalstruktur besagt unternehmen ihren verschuldungsgrad wählen vorteile maximiert kosten minimiert klassische version hypothese kraus litzenberg gleichgewicht risiko wohlfahrtsverlusts drohenden
lieferantenkredit,lieferantenkredit warenkredit handelskredit kredit lieferant kreditor kunden debitoren gewährung zahlungsziels begleichung rechnung einräumt kredit stellt form finanzierung warenumschlags dar
transferproblem,begriff transferproblem transfer lateinisch übertragung überführung zahlungs- devisen- ausfallrisiken verstanden übertragung gütern dienstleistungen kapital devisen form export inlands ausland zahlungen
schatzmeister,schatzmeister kassenführer kassier kassenwart genannt funktion vorstand gesellschaften vereinen parteien verwaltung kasse finanzen zuständig vorstand angehören bürgerliche gesetzbuch bgb lediglich
treynor-quotient,treynor-quotient treynor-maß treynor-verhältnis genannt englisch treynor ratio betriebswirtschaftliche kennzahl verhältnis überschussrendite betafaktor somit risikoprämie einheit eingegangenen systematischen risikos bemisst kennzahl
trianguläre arbitrage,trianguläre arbitrage variante räumlichen arbitrage bezeichnet verfahren ausnutzung arbitragemöglichkeit preisunterschieden unterschiedlichen währungen devisenmarkt ergibt triangulären arbitrage-strategie ausgangswährung getauscht daraufhin getauscht
umsatzsteuer,umsatzsteuer ust  steuer entgelt lieferungen sonstige leistungen unternehmern besteuert gemeinschaftsteuer indirekte steuer verkehrsteuer verbrauchsteuer harmonisierte steuer steuerharmonisierung haupteinnahmequelle staates
unterkapitalisierung,unterkapitalisierung englisch thin capitalization liegt gesellschaftsrecht kapitalgesellschaft verhältnis betriebsgröße geschäftstätigkeit unzureichendes eigenkapital aufweist
ogaw-richtlinie,ogaw-richtlinie richtlinie 85/611/ewg rates dezember koordinierung rechts- verwaltungsvorschriften betreffend bestimmte organismen gemeinsame anlagen wertpapieren ogaw definiert speziellen anforderungen fonds verwaltungsgesellschaften
finanzministerium der vereinigten staaten,finanzministerium vereinigten staaten amerika amtl united states department of the treasury bundesregierung staates zuständig erhebung verwaltung ausgabe öffentlichen einnahmen
valorennummer,valorennummer valor schweiz eindeutige kennnummer kotierte börsennotierte wertpapiere finanzinstrumente erfüllt ähnlichen zweck wertpapierkennnummer wkn deutschen markt
value in use,value use deutsch nutzungswert internationalen rechnungslegung ifrs barwert vermögenswerts geschätzten zukünftigen cashflows vermögenswerts zuzüglich restwerts nutzungsdauer vermindert veräußerungskosten ergibt sowohl
value investing,value investing wertorientiertes anlegen anlagestrategie bzw investment-stil kauf- verkaufsentscheidungen wertpapiere vorwiegend bezugnahme realwirtschaftlichen gegenwert anlagen genannten inneren wert engl
videothek,videothek analog bibliothek geschäftsbetrieb filme bzw datenträger gesammelt archiviert kunden zugänglich
geierfonds,geierfonds englisch vulture fund abwertende bezeichnung investoren hedgefonds spezialisiert wertpapiere problembeladener emittenten beispielsweise zahlungsunfähiger unternehmen staaten abschlägen nominalwert erwerben schlagwort
world gold council,world gold council globale lobby-organisation goldbergbauindustrie ziel organisation goldnachfrage stimulieren erhalten
zero-base-budgeting,zero-base-budgeting bzw nullbasisbudgetierung analyse- planungsmethode kostenmanagement eingesetzt
zombiefirma,zombiefirma zombieunternehmen verschuldetes unternehmen aufgrund unprofitablen geschäftsbetriebs lage zinsen aufgenommenen krediten zahlen anm kurzfristige fortbestehen zombiefirma sichern häufig kredite aufgenommen
