crise financière russe de,crise financière russie traduite également crise économique culminé marquée dévaluation brutale rouble défaut dette russe gko
crise financière de janvier à la société générale,article détaille crise financière janvier société générale appelée affaire kerviel janvier président société générale daniel bouton annonce fraude milliards due
liquidité finance d' entreprise,liquidité mesure capacité débiteur rembourser dettes hypothèse poursuite activités différence solvabilité place hypothèse cessation activités mesurer liquidité entreprise évalue importance
airplus,airplus international fournit solutions gestion voyages affaires entreprises associés lufthansa airplus servicekarten gmbh bayerische landesbank deutsche lufthansa ag
affrètement aéronautique,terme affrètement transport aérien applique réalisation vol charter chartering contrat location compagnies aériennes auprès opérateur aérien wet lease loueur avions
analytique recherche,analyse données appelée analyse exploratoire données  aed famille méthodes statistiques principales caractéristiques multidimensionnelles descriptives acception française terminologie analyse données
gage immobilier,gage immobilier anciennement appelé antichrèse sûreté réelle immobilière contrat débiteur remet immeuble appartenant créancier garantir exécution obligation bénéficiaire garantie louer
surebet,surebet anglais sure sûr bet pari méthode pari vise garantir gain jouant différences cotes bookmakers méthode fonctionne différences cotes suffisamment
prix ask,prix ask également appelé prix offre prix demandé prix faible vendeur prêt céder
actif comptabilité,actif élément identifiable patrimoine entité agent économique ménage entreprise etc valeur économique positive c'est-à-dire générant ressource entité contrôle événements passés
propension à épargner,économie propension épargner désigne taux épargne ménages mesuré poids épargne brute revenu disponible brut propension épargner propension consommer étroitement liées
types de dépôts bancaires,clients banques déposer argent valeurs comptes plans france existe variété comptes dépôts formules prévus
cessation de paiements,cessation paiements statut juridique physique entité morale rembourser dettes parvenues échéances passif exigible liquidités actif disponible plupart juridictions cessation paiements
charte de départ,charte équipage charte départ arrangement affrètement embauche navire bateau équipage provisions personnes louant navire propriétaire responsables prendre soin choses
bénéfice par action,bénéfice action bpa eps earnings per share bénéfice net société divisé nombre actions composent capital bénéfice action  ratio présentation
société des moulins de bazacle,société moulins bazacle moulins bazacle fondée toulouse xiie siècle citoyens ville siècles révolution industrielle partager exploitation série moulins installés site
économie comportementale,économie comportementale behavioral economics développée réponse limites économie standard reposant hypothèse rationalité individuelle pris appui avancées psychologie expérimentale portées daniel
centre-ville de beyrouth,centre-ville beyrouth appelés district centrale beyrouth constitue pôle commercial financier beyrouth cœur historique ville située croisée quartiers majorité chrétienne quartier
bénéfice ecclésiastique,xviie siècle france bénéfice ecclésiastique ensemble biens destinés financer office ecclésiastique bénéfice ecclésiastique permettre titulaires charges église vivre agir
coefficient bêta,coefficient bêta coefficient clé modèle évaluation actifs financiers medaf correspond rapport historique volatilité prix actif exemple cours bourse action prix
prix bid,prix bid prix élevé acheteur c'est-à-dire soumissionnaire prêt payer généralement appelée simplement bid
billing and settlement plan,billing and settlement plan bsp traduire français organisation régulation paiements facturations filiale iata
option binaire,trading option binaire type option exercice uniquement maturité porte livraison actif sous-jacent donne lieu versement somme monétaire déterminée avance option
bitcache,bitcache service utilisant blockchain relie transferts fichiers micro-transactions bitcoin technologie conçue permettre millions micropaiements anonymes effectués rapidement
modèle de black litterman,modèle black litterman modèle optimisation portefeuille contraintes mis point fischer black robert litterman développé pallier manque fiabilité souplesse modèles quantitatifs
blended finance,blended finance appelé financement mixte définie utilisation stratégique financement développement fonds philanthropiques mobiliser flux capitaux privés marchés émergents engendrant résultats
prêt à la grosse aventure,prêt grosse aventure également appelé nautika simplement prêt maritime grec ancien ἀργὐριον ναυτικός argurion nautikos δανείσματα ναυτικά daneismata nautika grèce
prêt relais,prêt relais appelé crédit in fine crédit pont belgique crédit soudure crédit capital dû terme contrat objet financer apport constitue
budget,agent économique savoir individu ménage association entreprise état entité savoir équipement service établissement projet mission fonction  budget document récapitulatif
budget de l' état de la république d' azerbaïdjan,système budgétaire azerbaïdjan constitué budget république azerbaïdjan budget république autonome nakhitchevan budgets locaux
agent de change,agent change exerce fonction négociation valeurs mobilières instruments financiers règlementations périmètres compétence variables pays époques
informatique décisionnelle,informatique décisionnelle anglais business intelligence bi decision support system dss informatique usage décideurs dirigeants entreprises désigne moyens outils méthodes permettent
évaluation d' entreprise,évaluation entreprise ici estimation partir critères veulent objectifs valeur marchande jvm entreprise date donnée définit prix élevé exprimé devise pays
acheter et conserver,acheter conserver buy and hold anglais stratégie passive investissement consiste choisir placements conserver long terme stratégie part principe investissements actions
crédit acheteur,crédit acheteur crédit accordé acheteur banque fournisseur financer export montants supérieurs millions euros durées ans
carry trade,carry trade opération spéculative écart rendement technique financière employée forex consiste profiter écarts rendement types actifs carry trade arbitrage arbitrage
chancelier de l' échiquier,chancelier échiquier anglais chancellor of the exchequer simplement appelé chancelier ministre gouvernement royaume-uni chargé finances trésor tête trésor majesté hm
finance catholique,finance catholique appartient catégorie finances éthiques religieuses instar finance islamique finance catholique caractérise existence dimensions dimension personnelle acteurs dimension opérationnelle
impôt philosophiquement dédicacé,différence impôt église principe charge seuls croyants indirectement prélevé église impôt philosophiquement dédicacé constitue imposition complémentaire technique affectation impôt dû
chūō ku osaka,arrondissement chūō 中央区 chūō ku arrondissements osaka japon
collar,collar appelé tunnel combinaison cap floor objectif réduire coût couverture risque taux existe collars prêteurs emprunteurs taux variable
garantie finance,finance garantie collatéral actif transférable sûreté voire promesse garantie servant couvrir risque crédit opérations financières cas bénéficiaire satisfaire obligations paiement
lettre d' intention,lettre confort lettre patronage engagement honneur baptisé lettre intention législateur français sûreté personnelle accessoire autonome réglementée france code civil réforme
secrétaire commercial au trésor,secrétaire commercial trésor commercial secretary to the treasury poste ministériel gouvernement royaume-uni trésor majesté classe niveau sous-secrétaire parlementaire état démission
commission rémunération,contrat commission somme argent versée intermédiaire mis contact vendeur acheteur marché
comité pour la réélection du président,comité réélection président committee to re elect the president crp organisme chargé financer campagne électorale richard nixon fut impliqué scandale
commodity credit corporation,commodity credit corporation ccc agence gouvernementale américaine rattachée département agriculture états-unis fut créée octobre cadre new deal franklin d roosevelt
oniomanie,oniomanie trouble lié achat compulsif familièrement fièvre acheteuse manie compulsive achats généralement nécessaires individu manie découverte allemagne fin xixe siècle
dette privée,dette privée pays confondre dette intérieure dette domestique dette ensemble agents économiques privés ménages entreprises artisans commerçants professions libérales agriculteurs
modèle d' évaluation des actifs basé sur la consommation,modèle évaluation actifs basé consommation capm consommation ccapm décrit décisions simultanées consommation choix portefeuille situation incertitude cadre choix intertemporel actifs
risque de crédit,risque crédit risque emprunteur rembourse partie crédit échéances prévues contrat signé organisme préteur généralement banque maîtrise risque crédit cœur métier
risque pays,risque pays notion rapproche régulièrement risque politique naissance concept correspondrait nationalisation canal suez nasser
arbitrage finance,arbitrage opération financière destinée assurer gain positif manière profitant écarts temporaires prix constatés titres contrats exemple prenant position simultanément sens
crédit,crédit mise disposition argent forme prêt consentie créancier prêteur débiteur emprunteur créancier opération donne naissance créance emprunteur vertu pourra obtenir
resserrement du crédit,sciences économiques resserrement crédit pénurie crédit voire étranglement crédit emploie également terme anglais credit crunch limitation raréfaction crédit offert entreprises
rehaussement de crédit,rehaussement crédit opération financière établissement financier spécialisé appelé rehausseur crédit monoline anglais apporte garantie organisme public privé émet emprunts marchés
extourne,comptabilité extourne passation écriture inverse écriture initiale extourne exemple provenir produits charges comptables enregistrés exercice concernent exclusivement
notation financière,notation financière externe notation dette rating monde anglo-saxon appréciation agence notation financière risque solvabilité financière  entreprise état notation souveraine
créancier,créancier possède créance représentée titre créance entreprise état souverain appelé débiteur distingue créanciers privilégiés créanciers chirographaires
cross collatéralisation,finance cross-collatéralisation droits désigne récupérer bénéfices support exploitation compenser pertes produit exploité support pratique courante cinéma audiovisuel lorsqu' société titulaire
financement participatif,financement participatif crowdfunding anglais sociofinancement canada expression décrivant outils méthodes transactions financières appel grand nombre personnes financer projet terme crowdfunding
cryptomonnaie,cryptomonnaie cryptoactif cryptodevise monnaie cryptographique monnaie utilisable réseau informatique décentralisé pair pair fondée principes cryptographie intègre utilisateur processus émission règlement
ratio de liquidité générale,ratio liquidité générale current ratio comparaison actifs court terme current assets entreprise passifs court terme current liabilities ratio  
cape finance,cape cyclically adjusted price to earnings ratio shiller pe ratio utilisé analyse boursière généralement appliqué marché s&p états-unis price earning
débenture,débenture instrument financier caractéristiques obligation débenture offre garantie conséquent offre couverture acheteur titre cas défaut paiement
debit spread,finance debit spread résume investisseur option calling true achète option call benefit taxe forte prime simultanément put option giving down
dette,dette latin debeo signifiant devoir devoir obligation débiteur créancier échange asynchrone entités groupe entreprise état)[réf souhaitée
compteur de la dette publique,compteur dette publique compteur général placé espace public affichant montant présumé dette publique pays temps réel
recouvrement de créances,recouvrement créances désigne utilisation moyens légaux soient amiables judiciaires obtenir débiteur paiement créance due créancier
regroupement de crédit,regroupement crédits technique financière consiste consolider dettes crédits regroupant crédit rééchelonné durée longue emprunteur assumer mensualité charge remboursement mensuel diminuée
moratoire,moratoire latin moratorius morari retarder terme juridique désigne décision accorder délai suspension volontaire action disposition légale nécessitée raisons impérieuses intérêt
annulation de la dette,annulation dette action politique financière demande levée partielle totale dette pays institutions entreprises individus accompagne généralement rééchelonnement dettes restantes
restructuration financière,restructurations financières anglais workout debt restructuring distinguent restructurations opérationnelles correspondent restructuration passif financier entreprise principalement dettes
taux de couverture de la dette,debt service coverage ratio dscr taux couverture dette tcd exprime rapport excédent brut exploitation service dette intérêt principal cas échéant
débiteur,débiteur solvens somme argent empruntée créancier créditeur conséquent porte dette terme latin accipiens désignait largement susceptible percevoir dette créancier tierce
défaut de paiement,défaut paiement désigne entreprise pays mesure honorer partie totalité engagements tiers défaut paiement part entreprise entraîner faillite
ministère des finances canada,ministère finances anglais department of finance canada ministère chargé conseiller gouvernement élaboration politiques économiques
département des finances irlande,département finances department of finance anglais an roinn airgeadais irlandais irlande département ministériel responsable gestion finances publiques irlandaise pouvoirs devoirs
département des finances irlande du nord,département finances anglais department of finance and personnel département ministériel dévolu irlande nord chargé politique budgétaire poste vacant janvier
dette décotée,dette décotée dette déclassée agences notation dette décotée taux rendement supérieur emprunt état rémunérant risque élevé associé
désinvestissement,domaine économie comptabilité finance désinvestissement entreprise investisseur public entrepreneur individuel ménage désigne choix désinvestir c'est-à-dire réduire annuler investissements antérieurs cession
urbanisme diy,do it yourself diy urbanism connu nom urbanisme tactique pop-up guérilla mouvement désigne transformation milieu urbain petite échelle initiée résidents
achats périodiques par sommes fixes,investissement programmé stratégie investissement bourse consiste investir régulièrement somme identique support état marché objectif stratégie investissement réduire risque lié volatilité
bénéfice par action,bénéfice action bpa eps earnings per share bénéfice net société divisé nombre actions composent capital bénéfice action  ratio présentation
capital économique sociologie,sociologie capital économique désigne ensemble ressources économiques individu fois revenus patrimoine concept introduit ouvrage distinction pierre bourdieu
rente de situation,rente situation surplus rentabilité appelé surprofit obtient entreprise avantage compétitif avantage venir  grande efficacité technique coûts produits services attractifs
théorie moderne du portefeuille#la frontière efficiente,théorie moderne portefeuille théorie financière développée harry markowitz expose investisseurs rationnels utilisent diversification optimiser portefeuille devrait prix actif donné risque
pays émergent,pays émergent économie émergente marché émergent pays pib habitant inférieur pays développés connait croissance économique rapide niveau vie structures économiques
principes de l' équateur,principes équateur principes utilisés grandes banques internationales impliquent prise compte critères sociaux sociétaux environnementaux financement projets
euro-obligation,euro-obligation mentionnée appellation anglaise euro bond obligation libellée monnaie pays marché émise exemple obligation dollar émise marché européen
euromonnaie,euromonnaie eurodevise monnaie détenue compte banque située pays émission devise parlera eurodollars comptes dollars états-unis euroyens compte yens japon
conseil européen du risque systémique,conseil européen risque systémique anglais european systemic risk board esrb créé décembre réponse crise financière mondiale débutant organisme chargé réglementation
ex ante,ex ante locution latine signifiant préalable finance expression concerne prévision estimations retours investissements
crédit export,crédit export crédit acheteur crédit financement exportations proposée etat agence spécialisée crédits existent demi-siècle
dette extérieure,économie dette extérieure désigne ensemble dettes dues pays état entreprises particuliers prêteurs étrangers important faire distinction dette extérieure brute pays
fire movement,mouvement fire acronyme anglais financial independence retire early français indépendance économique retraite précoce mouvement objectif indépendance financière retraite anticipée modèle
ftse4good,série indices ftse4good conçue identifier sociétés œuvrent faveur environnement attachent développer dialogue parties prenantes soutiennent principes universels droits homme
département fédéral des finances,département fédéral finances dff suisse départements conseil fédéral ueli maurer tête département 1er janvier
ministère fédéral des finances allemagne,ministère fédéral finances bundesministerium der finanzen bmf ministère finances gouvernement fédéral allemand chargé finances publiques fédération ministère économie ministère fédéral
service public fédéral finances,spf finances service public fédéral administre aspects financiers état belge siège bruxelles north galaxy towers agents tour finances
feeder fund,feeder fund fonds nourricier fonds investissement opère virtuellement ensemble investissements travers fonds appelé fonds maître master fund fonds nourricier fonds
budgétisation d' film,budgétisation préparation budget devis prévisionnels film réfère processus producteur exécutif directeur production préparent budget production cinématographique document comporter pages utilisé
finance,finance recouvre domaine activité financement consiste fournir argent nécessaire réalisation opération économique domaine concerne individus ménages entreprises publiques privées états
crédit d' investissement,crédit investissement prend généralement forme prêt équipement accordé généralement établissement crédit
commission des services financiers de l' ontario,commission services financiers ontario responsable surveillance industries assurance pensions ontario responsable immatriculation institutions assurances pensions application lois applicables voie tribunal
place financière,place financière définition banque france lieu assure rencontre multiples acteurs concourent bon fonctionnement marchés financiers écosystèmes dégageant importantes synergies agit
innovation financière,innovation financière généralement référence création développement marketing nouveaux types valeurs mobilières
institution financière,économie institution financière institution publique privée assure mission économique financière fournit services financiers clients institutions financières privées appelées établissements financiers
intermédiaire financier,intermédiaires financiers interposent agents économiques ajustant offre capitaux demande capitaux c'est-à-dire drainant capacités financement agents constituées épargne inutilisée prêter replacer
éducation financière,définition conseil ocde juin éducation financière processus consommateurs investisseurs  améliorent connaissance produits concepts risques financiers acquièrent moyen information enseignement
planificateur financier,planificateur financier conseiller professionnel qualifié accrédité juridictions professionnelles exerce planification patrimoniale dispense service conseil appliquant processus anticipation affaires patrimoine
ratio financier,comptabilité ratio  coefficient pourcentage généralement calculé masses fonctionnelles bilan compte résultat ratios servent mesurer rentabilité structure coûts productivité solvabilité
risque financier,risque financier risque perdre argent suite opération financière actif financier opération économique incidence financière exemple vente crédit devises étrangères
secteur financier,secteur financier secteur économique regroupe activités rapportent finance comprend secteur bancaire assurance point désigné secteur banque assurance
système financier,système financier ensemble établissements financiers échangent fonds organisation informelle marchés financiers crédit bancaire marchés boursiers comportement établissements régulé banque centrale
technologie financière,technologie financière dénommée fintech nouvelle industrie financière déploie technologie améliorer activités financières terme fintech contraction finance technologie
financiarisation,terme financiarisation renvoie significations  sens strict vocabulaire financier phénomène désigne recours accru rapport périodes antérieures financements extérieurs endettement part
course à la liquidité,course liquidité fuite liquidité flight to liquidity concerne investissements valeurs mobilières phénomène brutal intervient périodes tension marchés financiers cours épargnants
fuite vers la qualité,fuite qualité termes anglais flight to quality flight to security employés phénomène importants mouvements capitaux  krach boursier déplacent valeurs
taux de change anticipé,taux change anticipé utilisé agent économique lorsqu' travaille devises but planifier transactions futures agent effectue anticipations prévoir niveau taux change
ministère de l' économie et des finances france,ministère économie finances département ministériel chargé gestion finances publiques politique économique état français surnommé bercy installation quartier bercy 12e arrondissement
marchés frontières,notion marchés naissants marchés pré-émergents marchés émergents avenir financiers nomment marchés frontières influence anglais terme désignant ensemble pays émergents marché
financement,financement opération consiste finance consentir ressources monétaires financé procurer ressources monétaires nécessaires réalisation projet lever fonds
collecte de fonds,collecte fonds expression décrivant outils méthodes transactions financières appel grand nombre personnes financer projet applique généralement organisation but lucratif parti
g23,groupe vingt-trois g23 réunion états pauvres planète opposition g8 réunis cancún égide brésil chine inde
g33,g33 groupe pays voie développement coordonnent questions économiques commerciales fut créé aider pays résoudre problèmes similaires face
geldkarte,geldkarte système porte-monnaie électronique utilisant carte puce geldkarte principalement présent allemagne
glasgow stock exchange,glasgow stock exchange anciennes bourses régionales anglaises connu forte activité xixe siècle fusionner
goal based investing,investissement basé objectifs anglais goal based investing gbi méthode investissement performance mesurée succès investissements concrétisation objectifs personnels investisseur diffère méthodes
recettes publiques,recettes publiques ensemble recettes perçues administrations publiques constituent essentiellement impôts taxes cotisations sociales
great trade collapse,great trade collapse traduit grand effondrement commerce mondial conséquence crise financière mondiale lieu trimestre second trimestre
lettres grecques en mathématiques financières,lettres grecques aka grecques aka grecs instruments base gestion financière options découlent principaux modèles évaluation option black scholes
microfinance verte,microfinance verte alliance microfinance enjeux liés environnement agit ensemble activités microfinance micro-crédits etc
action de croissance,action croissance action finance société volume activité chiffre affaires résultats financiers bénéfices accroissent fortement année année analystes financiers investisseurs boursiers
trésor de sa majesté,trésor majesté anglais her majesty' treasury hm treasury département exécutif gouvernement britannique chargé élaboration mise place finances publiques politiques économiques
dépréciation,économie dépréciation  perte valeur généralement monnaie comptabilité générale dépréciation constatation comptable moins-value élément actif
bourse de commerce,bourse commerce lieu physique virtuel négocient marchandises créée anvers
investissement,vocabulaire comptabilité nationale investissement formation brute capital fixe abrégé fbcf agents économiques  entreprises valeur biens durables acquis utilisés an
hochstift,saint empire romain germanique hochstift littéralement haute fondation allemand territoire juridiction temporelle évêque hochstift évêque distinguait bistum diocèse territoire juridiction
crédit hypothécaire,crédit hypothécaire crédit garanti hypothèque
rente d' hotelling,économie rente hotelling rente rareté rente touchée propriétaire stock ressources renouvelables porte nom économiste américain harold hotelling article the economics
ikoyi,ikoyi  quartier huppé lagos situé zone gouvernement local eti osa
investissement à impact social,investissement impact social impact investing stratégie investissement cherchant générer synergies impact social environnemental sociétal part financier neutre positif part
revenu,revenu agent économique désigne ensemble droits ressources disponibles attribués cours période donnée prélèvement patrimoine conceptuellement concrètement revenu central étude appréciation
avantage en nature,avantage nature forme rémunération forme monétaire prise charge employeur salariés etat fonctionnaires élus biens services contrepartie financière participation inférieure valeur
fonds indiciel,fonds indiciel fonds placement valeur maintenue conformément indice boursier précis exemple cac gestion passive fonds entraîne frais gestion généralement élevés
indexation finance,finance indexation ajustement valeur indice indice inflation indice boursier taux référence somme indexée évolue évolution indice référence taux évolue proportion
índice general de la bolsa de valores de colombia,igbc índice general bolsa valores colombia indice principal bourse valeurs colombie  constitué entreprises cotées actives
indulgence catholicisme,église catholique romaine indulgence latin indulgere accorder rémission totale partielle dieu peine temporelle nommée pénitence encourue raison péché déjà pardonné
inflation,inflation perte pouvoir achat monnaie traduit augmentation générale durable prix agit phénomène persistant monter ensemble prix superposent variations sectorielles prix
administrateur judiciaire,droit français administrateur judiciaire auxiliaire justice désigné tribunal lorsqu' entreprise objet procédure redressement judiciaire procédure sauvegarde chargé défendre intérêts société
secteurs institutionnels,secteur institutionnel ensemble unités institutionnelles fonction économique principale
investisseur institutionnel,investisseurs institutionnels organismes collecteurs épargne engagements actifs régis texte législatif réglementaire rendements tirés investissements permettent couvrir engagements moyen long terme
assurance,assurance service fournit prestation survenance événement incertain aléatoire appelé risque prestation généralement financière destinée individu association entreprise échange perception cotisation
courtier d' assurances,courtier assurances courtier assurances commerçant indépendant servant intermédiaire opération commerciale compagnie assurances consommateur final
intérêt finance,finance intérêt rémunération prêt forme généralement versement périodique emprunteur prêteur prêteur prix renonciation temporaire liquidité
parité des taux d' intérêt,parité taux intérêt couverte couverte identités définissent lien taux intérêt taux change
dette intérieure,terme dette intérieure dette interne dette domestique désigne ensemble créances détenues agents économiques résidents état souverain état ajoutée dette extérieure
taux de rentabilité interne,taux rentabilité interne tri tir taux actualisation annule valeur actuelle nette série flux financiers général relatifs projet investissement initial suivi
international financial services centre,ifsc international financial services centre centre affaires irlandais situé centre dublin capitale irlande
association fiscale internationale,association fiscale internationale international fiscal association fondée siège situé pays-bas
finance internationale,finance internationale branche sciences économiques étudie flux capitaux pays
modèle intertemporel d' évaluation des actifs,modèle intertemporel évaluation actifs medaf intertemporel icapm détermine rendement théorique actif financier investisseurs intéressés fortune fin période modèle medaf capm
rotation de stock,rotation stock indicateurs utilisés fonctions contrôle gestion logistique rotations calculées monde financier exprime durée quantité stock
investissement,vocabulaire comptabilité nationale investissement formation brute capital fixe abrégé fbcf agents économiques  entreprises valeur biens durables acquis utilisés an
fonds de placement,fonds placement fonds investissement organisme détention collective actifs financiers intérêt gestion collective bénéficier gestionnaires placements professionnels économies échelle coûts transaction
investisseur,investisseur physique morale alloue part capital disponible attente investissement investir actions obligations produits dérivés devises matières premières immobilier actif
mécanisme de règlement des différends entre investisseurs et états,mécanisme règlement différends investisseurs états anglais investor state dispute settlement isds abrégé instrument présent traités libre-échange entreprises attaquer état tribunal
profil boursier,profil boursier concept finance comportementale traduit mode comportement titre coté généralement action style décisions boursières investisseur
exubérance irrationnelle,exubérance irrationnelle irrational exuberance expression utilisée ancien responsable fed alan greenspan discours donné american enterprise institute bulle internet années expression
finance islamique,finance islamique fondée principes loi islamique chari' cherche transmettre vision justice équité transparence finance islamique distingue finance conventionnelle mise idée
ivar kreuger,ivar kreuger mars kalmar comté kalmar suède mars paris homme affaires suédois fut industriels européens influents guerres grâce activités production
jone kubuabola,ratu jone kubuabola né septembre mort septembre homme politique fidjien gouverneur banque réserve fidji ans engage politique devient ministre finances
journal of financial economics,journal of financial economics jfe revue anglophone comité lecture consacrée économie financière théorique pratique fondée considérée revues financières importantes journal
karnit flug,karnit flug née pologne janvier gouverneur banque israël succède stanley fischer terme mois tergiversations tête gouvernement israélien
pénalité droit,pénalité droit contrats droit affaires droit public type sanction applicable exécution contrat cas manquement contractant vis-à-vis obligations rapport maître ouvrage
bail à rente,xve xviiie siècle bail rente appelé bail rente foncière bail héritage mot ici sens foncier contrat aliénation immeuble généralement terre
sale and leaseback,cession-bail leaseback anglais diminutif sale and leaseback transaction financière cours entité vend actif récupère location longue durée entité continue utiliser
droit de superficie,droit superficie lat superficies appelé droit superficiaire modalité droit propriété appliquée division immobilier tréfoncier dominus soli superficiaire superficiarius
pays les moins avancés,pays avancés pma catégorie pays créée organisation nations unies onu regroupant pays développés socio économiquement planète présentent indices développement humain
spoliation légale,spoliation légale pensée économiste frédéric bastiat conclusion état constituait grande machine conçue spécifiquement voler propriété personnes consentement sûr transférer terme
risque juridique,proposition définition risque juridique type risque lié droit règle droit risque correspondre   absence trop-plein règles applicables situation activité
lettre de crédit,lettre crédit appelée accréditif crédit documentaire crédoc document prouvant engagement paiement souscrit banque acheteur vis-à-vis vendeur banque engage document payer
effet de levier,levier financier terme général désigner technique destinée multiplier profits pertes techniques courantes levier endettement achat actifs long terme produits dérivés
lex monetae,lex monetae phrase latine signifie état souverain choisit devise utiliser applications monétaires devise déterminées lois pays émetteur concept identifié problème
règlement du vivant,règlement vivant english life settlement cession tiers vivant assuré police assurance vie vigueur prix supérieur valeur rachat bénéfice net décès
ligne de crédit,ligne crédit appelée également credit facility tranche autorisation droit tirages donnée banque emprunteur tirer fonds jusqu' plafond fixé période donnée
bilan de liaison,bilan liaison calcul étapes permettant déterminer qualité liaison détails varient nature média hertzien ligne fibre optique type signaux modulation principe
crise de liquidité,crise liquidité crise illiquidité désigne phénomène cours état entreprise dispose liquidités nécessaires faire face engagements crise solvabilité entreprises états faire
risque de liquidité,risque liquidité concerne placements financiers difficiles liquider c’est-à-dire vendre rapidement
liste des normes internationales d' information financière,liste normes internationales information financière connues nom anglais international financial reporting standards ifrs comprend types textes définition large donnée ias
sigles financiers,sigles financiers utilisés finance présentés ci-dessous ordre alphabétique liste comprend sigles acronymes usuels anglophones francophones germanophones
liste de pays par dette extérieure,liste pays dette extérieure total dettes publiques privées dues non-résidents remboursables monnaies internationales biens services dette publique due niveaux gouvernements
liste des investisseurs de bernard l madoff investment securities,investisseurs confié argent argent société véreuse bernard l madoff investment securities llc perdu milliards dollars affaire scandale bernard madoff fraude
rapport prêt valeur,rapport prêt valeur terme financier utilisé prêteur exprimer ratio prêt valeur actif acheté
garantie de prêt,garantie prêt promesse faite garant assumer créance emprunteur rembourser défaut paiement aval type garantie crédit pratiqué effets commerce
accord de londres sur les dettes,accord londres dettes extérieures allemandes connu accord londres dettes allemand londoner schuldenabkommen traité allégement dette république fédérale allemagne pays créanciers
sinistralité,taux sinistralité notion gestion risque assurance assureur ratio financier montant sinistres dédommager primes encaissées domaine principe taux inférieur couvrir coûts
anomalie de marché,anomalie marché concept théorie néoclassique désignant situations conditions marché correspondraient cas théorique concurrence parfaite rationalité parfaite résultat prix observé prix
neutre au marché,neutre marché caractère stratégie investissement portefeuille tentent éviter exposé forme risque marché exemple couverture risque évaluer neutralité marché nécessaire spécifier
portefeuille de marché,portefeuille marché portefeuille constitué somme pondérée actifs marché pondéré proportion marché hypothèse nécessaire actifs divisible infini
tendance économie,recherche tendances statistiques pratiquée économie tendance conjoncturelle finance prix volumes rendements etc ex marché haussier marché baissier
maroússi,maroúsi maroússi grec moderne μαρούσι anciennement amaroúsion katharévousa ἀμαρούσιον amaroúsio grec moderne αμαρούσιο dème situé nord athènes périphérie attique grèce
opcvm nourricier,opcvm nourricier actif investi totalité permanence parts actions opcvm maître instruments financiers terme liquidités
maturité finance,maturité maturité résiduelle finance désigne temps sépare date obligation émise date valeur nominale obligation remboursée revanche terme maturité anglicisme
media for equity,media for equity modèle investissement alternatif permettant offrir visibilité jeunes entreprises échange capital
dette mezzanine,dette mezzanine terme financier désigne dette risquée remboursement subordonné dette senior conséquent davantage rémunérée
middle office,middle office service institution financière bancaire créé assigner rôle distinct complémentaire dévolus front office back office vocabulaire économique financier délégation
ministère de l' économie et des finances espagne,ministère économie finances espagne ministerio economía hacienda españa département ministériel responsable politique économique finances publiques espagne siège central ministère situait
ministère de l' économie et des finances italie,ministère économie finances ministero dell' economia delle finanze italien gouvernement italien chargé mise œuvre politique économique financière budgétaire nationale dirigé
ministère de l' économie et des finances pérou,ministère économie finances département chargé politique économique état péruvien but consiste améliorer activité économique financier pays mission régulation activité macroéconomique
ministère de la stratégie et des finances,ministère stratégie finances ministère sud-coréen chargé économie finances budget planification portefeuille actuellement détenu yoo
ministère des finances algérie,ministère finances ministère finances algérie ministère siège immeuble ahmed francis ben aknoun alger
ministère fédéral des finances autriche,ministère fédéral finances bundesministerium für finanzen bmf département ministériel chargé finances publiques partie politique économique fédérales autriche dirigé décembre conservateur
ministère des finances de la république tchèque,ministère finances république tchèque tchèque ministerstvo financí české republiky département ministériel tchèque chargé politique budgétaire fiscale gestion propriétés publiques dirigé
ministère des finances danemark,ministère finances danois finansministeriet ministère danois supervise budget pays dirigé kristian jensen novembre
ministère des finances japon,ministère finances 財務省 zaimu shō départements ministériels cabinet japon officiellement traduit anglais ministry of finance mof créé janvier réorganisation cabinet
ministère des finances pays-bas,ministère finances département ministériel néerlandais supervise budget royaume pays-bas dirigé wopke hoekstra octobre
ministère des finances ontario,ministère finances ministère cabinet ontario responsabilité occuper budget annuel province poste trésorier ontario
ministère des finances pologne,ministère finances polonais ministerstwo finansów république pologne dirigé ministre finances ministre finansów partie gouvernement pologne pouvoirs responsabilités préparation exécution contrôle
ministère des finances suède,ministère finances finansdepartementet ministère gouvernement suédois tête trouve ministre finances finansminister
ministère des finances tunisie,ministère finances ministère tunisien chargé gestion finances pays dirigé ridha chalghoum septembre
ministère de l' action et des comptes publics,gouvernement français ministre chargé budget également chargé fonction publique réforme état ministre exercice ministre délégué secrétaire état auprès ministre économie
ministère des finances espagne,ministère finances espagnol ministerio hacienda département ministériel responsable gestion finances publiques budget état espagne ministre actuelle socialiste maría jesús montero
paiement mobile,paiements mobiles connus noms argent mobile transfert argent mobile portefeuille porte-monnaie mobile transactions effectuées téléphone mobile débitées carte bancaire facture
théorème de modigliani miller,théorème modigliani miller théorèmes fondamentaux finance entreprise moderne affirme monde taxes exonéré coûts transaction hypothèse efficience marchés valeur actif économique
moneo,moneo système porte-monnaie électronique utilisé france adossé carte bancaire constituer carte dédiée usage
institution financière monétaire,union européenne institutions financières monétaires ifm institutions créant monnaie définition comprend banque centrale européenne bce banques centrales nationales bcn établissements
taeg,taux annuel effectif global taeg exprime coût crédit forme indicateur normalisé comparaison crédits caractéristiques
aléa moral,aléa moral moral hazard  anglais désigne économiste adam smith pervers apparaître situations risque relation agents parties contractantes précisément perspective
capital négatif,situation capital négatif  arrive lorsqu' emprunteur débiteur vendu biens achetés grâce crédit capital négatif fréquent situation dégonflement bulle immobilière
effet de massue,macroéconomie massue boule neige survient taux intérêt supérieur taux inflation taux croissance emprunt devient dangereux coûte engendrer difficultés financières graves
valeur liquidative,valeur liquidative opcvm organisme placement collectif valeurs mobilières division valeur actif net opcvm nombre parts fonds commun placement actions sicav
valeur actuelle nette,valeur actuelle nette van anglais net present value npv mesure rentabilité investissement calculée somme flux trésorerie engendrés opération actualisé réduire
nihonbashi,nihonbashi 日本橋 litt pont japon nihombashi quartier affaires chūō ku tōkyō
quartier nord bruxelles,quartier nord espace nord second grand quartier affaires bruxelles belgique quartier léopold appelé quartier européen bruxelles situé nord quartiers centraux
dette odieuse,dette odieuse jurisprudence avancée auteurs matière droit international dette contractée régime sert financer actions intérêt citoyens état créanciers connaissance dette
offertoire,précédant consécration communion offertoire partie messe prêtre place offrande pain vin autel  oblation offertoire pièce musicale chantée offertoire liturgique
open banking,open banking  terme récent services financiers technologies financières émergé europe directive services paiement dsp open banking référence utilisation open
location opérationnelle,location opérationnelle location simple location durée liée durée utilisation actif équipement loué généralement durée location opérationnelle comprise mois inférieure durée
marge opérationnelle,marge opérationnelle mop marge exploitation correspond rapport résultat exploitation chiffre affaires ratio indique performance économique prise compte résultat financier impôts
operating partner,operating partner terme américain utilisé entreprises private equity décrire fonction consacrée création valeur sociétés portefeuille créé années fonds capital investissement
projet finance liste d' articles de finance,préalable reporter article finance  définition générale fonction économique finance nature distinctions grandes catégories domaines  activité pouvez également consulter
de gré à gré,expression gré gré rencontre cas figure ° vente ° marché financier vente gré gré qualifie transmission droit libre manifestation volontés
ouverture de crédit,ouverture crédit correspond montant plafond emprunt accordé banque durée donnée exemple an éventuellement renouvelable utilisable bénéficiaire mettre compte courant situation
taux au jour le jour,marché monétaire expression taux  jour jour abrégée tjj désigne taux intérêt in fine applicable jour ouvrable agit capitalisation rythme
panique de,panique fut nom donné crise financière survenue mars avril origine politique massive prêts taux réduit pratiquée first bank of the
paradeplatz zurich,paradeplatz français place parade armes place zurich suisse située quartier city vieille-ville kreis équivalent allemand arrondissement donne bahnhofstrasse
notes,notes anglais participatory notes instruments financiers utilisés investisseurs hedge funds enregistrés security exchange board of india  conseil bourse indien
avenue paulista,avenue paulista portugais avenida paulista grandes célèbres avenues ville são paulo brésil
temps de retour,finance temps appelé délai récupération représente temps nécessaire flux trésorerie prévisionnels dégagés investissement rentabilisent coût investissement initial calculé  simple
prestataire de services de paiement,prestataire services paiement psp prestataire services permettant tiers marchands ong etc accepter paiements ligne général carte bancaire
prêt entre particuliers,prêt particuliers également crédit communautaire anglais peer-to-peer lending p2p lending social lending activité financière consiste prêts argent particuliers forme remise
épargne retraite,épargne retraite représente ensemble contrats investissements financiers permettant constitution épargne vie active vue disposer rente retraite forme épargne capitalisation
denier de saint-pierre,denier saint-pierre latin denarius sancti petri tribut annuel versé angleterre viiie siècle saint siège pontificat pie ix nom repris désigner
pledgemusic,pledgemusic site web lancé août facilitant visibilité musiciens auprès potentiel public pré-ventes distribution clips promotion concerts partage similitudes sites web
risque politique,risque politique type risques confrontés acteurs publics privés spécifiquement investisseurs risque réfère changement politique social sécuritaire susceptible impact significatif intérêts
portefeuille finance,portefeuille finance désigne collection actifs financiers détenus établissement individu désigner valeurs mobilières détenues titre investissements dépôt provision garantie
investissement de portefeuille,investissement portefeuille acquisition obligations actions motif financier contrairement investissement direct investissement portefeuille actions but contrôle entreprise agit prise participation minoritaire
pouillé registre ecclésiastique,pouillé dénombrement  bénéfices ecclésiastiques situés domaine géographique donné pouillé paroisse abbaye  doyenné diocèse etc
précaire,moyen âge précaire terre concédée bénéfice supérieur inférieur vassal exemple demande prière expresse inférieur contrat établi durée limitée cesse mort
créancier privilégié,créancier privilégié appelé privilégié bénéficie garantie sûreté assurant priorité paiement cas difficulté débiteur créanciers privilégiés droit créancier paiement créance échéance
valeur actuelle,actualisation application taux taux actualisation flux financiers portant durées comparer combiner façons apporte méthode choix investissements intégrer évolution valeur argent
price earning ratio,price earning ratio per désigne indicateur utilisé analyse boursière également appelé  ratio cours bénéfices multiple capitalisation société coefficient capitalisation
capital investissement,capital investissement forme ancienne investissement investisseur consacre partie capitaux propres gestion développement rachat société division besoins croissance transmission redressement contrepartie
marge bénéficiaire nette,marge bénéficiaire nette appelée marge nette ratio financier mesure rentabilité finale établissement
dépenses publiques,dépenses publiques ensemble dépenses réalisées administrations publiques financement assuré recettes publiques impôts taxes cotisations sociales excédent public
rentabilité,rentabilité rapport revenu obtenu prévu ressources employées obtenir notion applique entreprises investissement
agent immobilier,agent immobilier courtier immobilier québec intermédiaire transactions portant biens immobiliers ventes locations agent travailleur indépendant entreprise agence immobilière employant négociateurs
taux de référence,taux référence taux publiquement disponible pouvant utilisé cadre contrat parties contrat agir libor london interbank offered rate euribor référence indice
contrôle des loyers,contrôle loyers consiste lois règlements fixent limites niveaux loyers augmentations appliquer constituent forme prix plafonds
contrat de bail,contrat bail contrat location contrat parties appelée bailleur engage prix loyer partie appelée preneur oblige payer procurer temps jouissance chose
contrat de bail,contrat bail contrat location contrat parties appelée bailleur engage prix loyer partie appelée preneur oblige payer procurer temps jouissance chose
risque de réputation,risque réputation risque image correspond impact erreur gestion image organisation réputation actif stratégique développement recrutement fidélisation clientèle collaborateurs accès marchés
réserves obligatoires,réserves obligatoires réserves financières banques établissements financiers déposer auprès banque centrale
rentabilité des actifs,rentabilité actifs  anglais return assets roa pouvant traduit taux rendement actif investi notion économique inspiration anglo-saxonne mesure pourcentage rapport
retour sur capitaux investis,roic return invested capital capitaux investis indicateur performance utilisé domaine finance mesurer capitaux investis utilisé comparer performances entreprises calculer création
rentabilité des capitaux investis,rentabilité capitaux investis anglais return capital employed roce mesure rentabilité firme réalise fonction capitaux investis habituellement utilisé domaine finance comparer
rentabilité des capitaux propres,rentabilité capitaux propres rcp traduit anglais return equity roe notion économique fois ancienne contestée mesure pourcentage rapport résultat net capitaux
retour sur investissement,investissement rsi rentabilité capital investi appelé rendement taux rendement taux profit roi terme anglais return investment désigne ratio financier mesure
reverse convertible,reverse convertible produit structuré appartenant famille produits rendement garantit détenteur recevoir coupon annuel fixe maturité nominal sous-jacent clôture au-dessus niveau
crédit renouvelable,crédit renouvelable appelé crédit permanent anglais revolving credit forme crédit consistant mettre disposition emprunteur somme argent réutilisable fur mesure remboursement
risque,risque possibilité survenue événement indésirable probabilité occurrence péril aléa risque notion complexe définitions multiples usage multidisciplinaire
raroc,raroc risk adjusted return capital mesure rentabilité tient compte risque défaut emprunteur formule raroc      
taux sans risque,taux risque devise période taux intérêt constaté marché emprunts état pays considérés solvables organisations intergouvernementales devise période désigne absence risque
risk weighted assets,risk weighted assets rwa actifs risques pondérés actifs pondérés risque correspondent montant minimum capital requis banque institutions financières fonction niveau
risque de ruine,risque ruine concept présent jeux finance relatif risque perdre capital entraîner banqueroute au-delà point non-retour exemple parie argent simple pile
robo advisor,robo advisor robot conseiller plateformes ligne délivrant conseils financiers permettant gestion automatisée portefeuilles actifs conçus partir algorithmes informatiques big data
règle des,finance règle méthode estimer temps doublement capital
san isidro district,district san isidro districts province lima limité nord district  lince district victoria district jesús maría district san borja sud
sandton,sandton faubourg banlieue ville johannesburg province gauteng afrique sud milieu années sandton devenu principal centre affaires afrique sud
sanhattan,sanhattan mélange santiago manhattan nom donné habitants santiago secteur capitale comprend communes providencia condes vitacura communes possèdent grand nombre édifices
fonds d' assurance des dépôts d' épargne,fonds assurance dépôts épargne turc tasarruf mevduatı sigorta fonu abrégé tmsf institution financière publique turque dépend services ministre turc
search fund,fonds reprise search funds anglais représentent classe actifs financiers part investisseurs private equity business angels family offices fonds capital investissement
secrétariat aux finances et au crédit public du mexique,secrétariat finances crédit public composantes cabinet présidentiel mexique abrégé shcp
garantie de prêt immobilier,garantie prêt immobilier mécanisme fois légal commercial lie prêteur emprunteur prêteur obtenir remboursement partiel complet montant prêté cas défaut paiement
titrisation,titrisation securitization anglais technique financière consiste transférer investisseurs actifs financiers créances exemple factures émises soldées prêts cours transformant créances passage
sesame credit,sesame credit système évaluation crédit social individuel développé ant financial services group filiale groupe chinois alibaba associé gouvernement chinois
date de règlement,date règlement date client verse fournisseur prix biens vendus services rendus paiement cas emprunt date règlement jour prêteurs versent fonds
ratio de sharpe,ratio sharpe mesure écart rentabilité portefeuille actifs financiers actions exemple rapport taux rendement placement risque prime risque positive négative divisé
,site internet but caritatif créé janvier acteur américain kevin bacon basé jeu créé nom degrees of kevin bacon inspire étude
retour social sur investissement,social investissement méthode fondée principes mesure valeur extra-financière c'est-à-dire valeur environnementale sociale actuellement considérée bilan financiers conventionnels rapport ressources investies
trading social,trading social pratique investisseurs financiers basent décisions trading principalement uniquement informations financières générées utilisateurs médias web trading social marque tournant
solvabilité,solvabilité mesure capacité physique morale payer dettes court moyen long terme apprécier capacité faire face engagements court long moyen terme
fonds souverain,fonds souverain sovereign wealth fund anglais fonds état fonds placements financiers actions obligations etc détenu état
risque spécifique,risque spécifique appelé également risque intrinsèque risque idiosyncratique indépendant phénomènes affectent ensemble titres résulte uniquement éléments particuliers affectent titre mauvaise
marché au comptant,marché comptant livraison biens échangés paiement lieu pratiquement simultanément immédiatement contraste marché terme comptant utilise prix spot
arbitrage statistique,monde finance investissement arbitrage statistique significations distinctes  littérature académique arbitrage statistique défini opposition arbitrage déterministe domaine finance bourse arbitrage
stripe entreprise,stripe société américaine origine irlandaise destinée paiement internet particuliers professionnels
dette étudiante,dette étudiante endettement étudiant désigne échelle pays dette contractée anciens étudiants études supérieures forme prêt étudiant types prêts existent
titres subordonnés à durée indéterminée,titres subordonnés durée indéterminée tsdi émissions subordonnées durée précise
subprime,terme subprime connaitre français suite crise subprimes états-unis déclenché crise financière désigne emprunts risqués prêteur meilleur rendement catégorie prime désigner
abonnement,mot abonnement réfère manière générale souscription convenue prestataire bénéficiaire service proposé fois période donnée renvoyer notions  commande lecteur éditeur
crédit syndiqué,crédit syndiqué crédit fourni association établissements financiers réunis syndicat bancaire financer projet donné entreprise donnée
risque financier systémique,domaine finance emploi qualificatif systémique expressions risque financier systémique crise financière systémique signifie économie entière affectée système entreprise ménage risque
bouclier fiscal,bouclier fiscal disposition fiscale plafonne imposition globale contribuable défenseurs mesure vise jouer rôle garde-fou système fiscal superposition impôts cas particuliers
court terme,manière générale expression court terme courte période désigne intervalle temps court borné horizon rapproché acception répandue désignée période horizon temporel
la mort de l' argent,mort argent livre paru article joel kurtzman ancien rédacteur chef harvard business review utilisant expression mort argent kurztman dénonce changement
logement de fonction,logement fonction logement mis disposition salarié fonctionnaire employeur servir domicile personnel contrepartie obligation résidence lié fonction demeure poste partie véhicule
de tobin,tobin théorie choix investissement élaborée économiste james tobin théorie définit ratio         
tontine,tontine association collective épargne réunit épargnants investir commun actif financier propriété revient partie souscripteurs distingue sortes tontines  tontines immobilières
ludothèque,ludothèque équipement culturel associatif public mettant disposition membres jouets jeux société espaces jeu principales activités jeu place prêt jeux jouets
trackinsight,trackinsight service ligne analyse fonds indiciels fondé jean-rené giraud arnaud izard plateforme fournit outils comparaison fonds indiciels distribués europe amérique
investissement direct à l' étranger,investissements directs étranger investissements directs étrangers ide abrégé traduction acronyme anglais fdi foreign direct investment également appelés investissements directs internationaux
salle de marchés,salle de(s marchés salle rassemblés opérateurs marché intervenant marchés financiers usage désigne salle marchés terme front office
trésorier,trésorier organisation entreprise association institution responsable constante liquidité organisation fonction complétée gestion relations banques gestion placements financements voire opérations couverture
ratio de treynor,ratio treynor indicateur financier utilisé évaluer rentabilité portefeuille
société fiduciaire,société fiduciaire entreprise spécialisée garde gestion moyen long terme patrimoine entreprise fiducies considérées banques
turbo finance,turbo actif financier appartenant catégorie produits levier grâce levier appelé élasticité prix produit évolue oscillations supérieures sous-jacent
département du trésor des états-unis,département trésor états-unis united states department of the treasury fondé septembre fonction répondre besoins fiscaux monétaires états-unis dirigé secrétaire trésor
bulle immobilière américaine des années,bulle immobilière américaine années bulle immobilière observée échelle nationale états-unis ensemble marché immobilier américain californie floride nevada oregon colorado michigan
créancier chirographaire en droit français,droit français créancier chirographaire créancier simple c'est-à-dire disposant sûreté distingue créanciers privilégiés fisc salariés entreprise difficulté
valoren,code valor identifiant titres instruments financiers valeurs mobilières opcvm  obligations titre numéros cusip amérique nord wkn allemagne
valorisation finance,finance valorisation processus détermination valeur actuelle actif valorisations réalisées actifs exemple investissements titres négociables actions options entreprises actifs immatériels brevets
value line,value line société publications recherche indépendante placements financiers basée new york city new york états-unis société fondée arnold bernhard
action dépréciée,action dépréciée action valeur traduction approximative anglais value stock action cours rapport critères boursiers habituels per rendement action
swap de variance,finance swap variance anglais variance swap produit dérivé financier échangé gré gré permettant spéculer couvrir risque associé amplitude variations volatilité
vidéo club,vidéo-club boutique services permettant location films productions audiovisuelles séries télévisées support vidéo essentiellement cassettes vhs dvd récemment hd dvd blu-ray
fonds vautour,fonds vautours fonds investissement spéculatifs spécialisent achat prix dettes émises débiteurs difficulté proches défaut paiement agisse dettes entreprises dettes souveraines
budget base zéro,budget base zéro bbz technique budgétaire prise décision objectif  allouer ressources manière efficace repensant dépense oppose procédure classique établir
balance account,finance balance account zba système cash pooling visant regrouper soldes trésorerie filiales entreprise système vise comptes courants filiales montants minimaux
