1998年俄罗斯金融危机,1998年俄罗斯金融危机（也称卢布危机）是指1998年8月17日在俄罗斯发生，最终导致了俄罗斯政府将卢布贬值，并且宣布无法按时偿还国债的一次金融危机。
普通合伙人,普通合伙人是指某人参与至少已有一人存在的商业形式。普通合伙人有责任对公司的经营行为负责任。普通合伙人有权管理、决定合伙事务，负责带领团队运营，对合伙债务负无限责任；有限合伙人即真正的投资者，但不负责具体经营，對合伙債務並不負無限責任，即最多只會虧蝕已投資在該公司的資金。 普通合伙人的形式可以为以下： 无限责任合伙制 有限责任合伙制 == 参考 ==
增值,增值（Added value）是財務分析上用以衡量股東價值的項目。這個項目利用以下的算式計算： 增值（Added Value） = 銷貨量（Sales） - 購貨量（Purchases） - 勞工成本（Labour Costs） - 資金成本（Capital Costs）另外，增值亦可以定義為區別某一特定貨物的最終銷售價格，在扣除所有製造特定產品的所有直接及間接投入開支後的剩餘價值。 這兩個定義的差別，就是一家公司與股東在某一財政年度所賺得的盈利，在扣除應有的開銷及除稅後的利潤。公司的增值，可以幫助投資者透過與定期存款或其他從債券之類的商業票據所得的收入而衡量一家公司是否值得投資，
濕租,濕租（英语：wet lease）指的是航空公司跟其他公司租借飛機零件，連同機上最少一名機組人員一起租。這種狀況最常出現在剛成立的航空公司，或自己的公司沒有租借的同型機，還有旅遊旺季、麥加朝聖等特殊節日時。例如遠東航空租給吳哥航空的波音757，即是採用濕租模式。著名的濕租公司有美國的亞特拉斯航空（Atlas Air），曾濕租多架波音747貨機給予中華航空。但代碼共享不是濕租。相對於濕租則為乾租（dry lease）。
空投 ( 区块链 ),区块链领域的空投是一种将数字货币通过区块链技术大规模分发到一些已有的数字货币，比如以太币、比特币﹑EOS.IO钱包地址上的技术。空投在区块链领域亦视作一种提升一个产品概念影响力的市场策略。在Facebook等社交媒体拒绝刊登数字货币广告后，空投在区块链的营销中已变得越发重要。 == 参考 ==
Z-score模型,Z-Score模型（Z-Score model）是由美國紐約大學的教授Edward Altman於1968年所提出，藉由企業主要的財務指標分析和模擬，來預測企業破產的可能性，從而預測企業的信用風險，是常見信用風險的模型之一。 Z=1.2*營運資產+1.4*保留盈餘+3.3*稅前息前盈餘+0.6*市價與帳面價值比+0.99*營業收入
資產,會計學上的資產（英文：Asset），指一企業透過交易或非交易事項所獲得之經濟資源，能以貨幣衡量，並預期未來能提供效益者。资产，就是能够为个人或企业带来收益的东西。在財務會計中，資產是企業擁有的任何資源。任何有形或無形的可以擁有或控制以產生價值並由公司持有以產生積極的經濟價值的東西都是一種資產。
资产类别,资产类别是一组具有类似财务特征且在市场中表现相似的工具。我们经常可以将这些工具分解为与实际资产有关的工具和与金融资产有关的工具。通常，同一资产类别的资产必须遵守相同的法律法规；然而，这并非总是如此。例如，资产的期货通常被视为与基础工具相同的资产类别的一部分，但受到与基础工具不同的法规的约束。许多投资基金由两个主要资产类别组成，即证券：股票和固定收益（债券）。但是，有些基金还持有现金和外币。基金也可以持有货币市场工具，他们甚至可以将这些工具称为现金等价物 ; 但是，这忽略了违约的可能性。因此，作为短期固定收益投资的货币市场工具应与固定收益分组。除了股票和债券，我们还可以将现金，外币，房地产，基础设施和商品添加到常見的资产类别列表中。一般而言，资产类别预计会表现出不同的风险和回报投资特征，并且在某些市场环境中表现不同。
授權資本,授權資本（英语：Authorised capital），即所謂的額定資本（又稱資本總額）。一般來說，資本稅就是依照該金額收取的。目前学界對授權資本的存廢，有支持與反對兩種立場。如英國法學會（The Law Society）的主流觀點是反對取消，認為如果取消將弊大於利。
呆帳,呆帳（Bad Debts），又稱壞帳、呆壞帳，較文雅的稱法為不良債權，是應收帳款中無法收回的部分。歸屬為費損類，出現在損益表中。呆帳發生的原因，是因為企業為了銷售商品，而給予客戶信用融通，因此呆帳的產生是為了創造收入而發生的一項費用。 當然，銀行或者財務公司放款，之後其客戶的生意清盤，也會產生壞賬。不過，當壞賬已經歸入損益表，作為支出部份，但是其後又收回，即是又稱為收入。
紓困,紓困（英语：Bailout），是一個口語化的非正式經濟學術語，由bail和out組成，意指出面拯救一個企業或國家免於破產，或防止金融危機蔓延的手段或計畫，這個詞主要在2008年金融海嘯以後流行。Bailout的詞源本是指在航海中，將船隻中的積水往外舀出的行為。而與Bailout的相對詞是bail-in，是指股东和债权方责任制，即強制由系统重要性金融机构介入，不再由納稅人買單。 部分國家的政府曾運用此一手段參與了債務重整計畫，例如美國政府在2009年至2013年間對通用汽車的紓困。 == 参考文献 ==
銀行帳戶,銀行帳戶是金融機構和銀行客戶之間的財政帳戶，又稱為戶口（香港、澳門）、戶頭（臺灣、中國大陸）或口座（臺灣、日本）。銀行帳戶可為存款帳戶、信用卡帳戶或金融機構提供的其他類型帳戶。財務機構以銀行結單通知客戶其銀行帳戶在特定時間之間的交易。帳戶在特定時間的結餘就是該客戶在金融機構的部位。
破產,破產（英语：Bankruptcy），是一種宣告債務人无力偿付债务及其後的一系列還款予债权人過程的法律程序。
光船傭船契約,光船傭船契約（Bareboat charter），又稱為光船租船，係指船舶所有人與光船傭船人約定，於一定或不定期間內，僅將船舶本身（不包含船員）移轉由傭船人占有經營，而由傭船人支付租金的契約。此種傭船契約本質上即屬於一種「船舶租賃」而與一般的計時或計程傭船契約不同。 光船傭船契約和一般所謂的計時或計程傭船契約在法律性質上有著很大的不同之點在於，計時或計程傭船契約中，傭船人得以船舶之一部或全部於一定時間或一段航程內運送貨物。在這兩種傭船契約中，傭船人雖然可以自由指定船舶應該航行至何處，但船舶仍歸船舶所有人占有保管，且船舶上的船員和船長係由船舶所有人所雇用。然而在光船傭船契約中，船舶所有人將會把船舶移轉給傭船人占有保管，且其上的船員和船長必須由傭船人自己雇用之。也因為船舶已經移轉占有給光船傭船人，亦由其負經營保管之責，故若因駕駛或是其他管理不善而造成他人受有損害之時，亦應由光船傭船人（而非船舶所有人）負責，船舶所有人於光船傭船期間並不需要負擔任何費用與責任。
每股盈餘,每股盈餘（英文：Earnings Per Share，EPS ) ，又称每股收益或每股盈利，是公司的獲利指標，對於有公開市場股票交易的公司而言，每股盈餘和公司的股價都有一定的聯動性，因此這也是公司現有股東與潛在投資人衡量公司獲利的關鍵要素之一。這詞彙經常出現於財經刊物或報章的財經版。
貝特馬爾 ( 阿拉伯語 ),貝特馬爾（阿拉伯语：بيت مال‎，拉丁化：Bayt al-mal）在阿拉伯語裡的意思是「金錢之屋」或「財富之屋」。在歷史上，它是伊斯蘭國家負責管理稅賦的金融機構，特別是早期的哈里發國。貝特馬爾作為哈里發及蘇丹的皇室國庫，處理私人的財務及國家開支。此外，貝特馬爾會把天課的收入用於公共項目。
行為經濟學,行為經濟學（英语：Behavioral economics），經濟學的一個分支，承襲經驗主義，並受到心理學與認知科學的影響，探討社會、認知與情感的因素，與個人及團體形成經濟決策的背後原因，並從而了解市場運作與公共選擇的方式。在行為經濟學之外，又分支出行为金融学這個子學科。
贝鲁特中央区,贝鲁特中央区是黎巴嫩首都贝鲁特的历史和地理核心区，金融，商业和行政中心。该区已有数千年历史，传统上一直是商业，金融，文化和休闲的焦点。 它坐落在城市的北部海岸，从城市的各个角落来此都很方便，主要道路从此通往城市的东，南，西边界，北部海岸线长约1.5 km（1 mi）。 贝鲁特中央区在黎巴嫩内战中遭到破坏，20世纪90年代，贝鲁特中央区经历了彻底的重建和发展计划，以恢复其在该地区的文化和经济地位。它的重建构成了当代城市最雄心勃勃的发展计划之一。 今天，位于贝鲁特中央区的有黎巴嫩国会、黎巴嫩政府总部、贝鲁特证券交易所、联合国地区办事处、国际劳工组织、联合国教科文组织和世界银行等。
Beta系数,"貝塔系数（ β { \displaystyle \beta } 系數，貝塔系數，香港又譯作：啤打系數）是用以度量一项资产系统性风险的指标，是资本资产定价模型的参数之一。指用以衡量一种证券或一个投资证券组合相对总体市场的波动性的一种证券系统性风险的评估工具。 公式为： β a = Cov ( r a , r m ) σ"
乖離率,"乖離率（英语：Bias Ratio , BIAS），代表當日股票收盤價和移動平均線的差距，以分析股價偏離的程度。 當股價和移動平均線的差距愈遠時，乖離率愈大，代表股價即將有修正偏離的可能。當乖離率呈現過高或過低情況時，股價均會產生反轉的修正走勢。 「正乖離」越大表示「超買」（Overbought），將有下跌的壓力；「負乖離」越小表示「超賣」（Oversold），將有上升的動能，此時股價將會有向平均成本移動作調整的機會。 單獨使用乖離率會有買賣點不明確的缺點，僅能解釋成發生反轉的機會增加，尚需佐以經驗法則和其他分析工具來作判斷。"
二元期權,二元期權（英语：Binary option）是一種衍生性投資工具，是期權的一種，只有看漲或者看跌期權，而回報率與交易時間在交易開始時就告確定，於2008年在美國芝加哥期貨交易所 ( CBOE ) 正式掛牌交易，具有高獲利、高風險的特性，標的資產可以是外匯匯率、股票、商品價格及指數等。 二元期權是「賭」一定交易時間後，標的資產的價格與執行價格的變化，分為看漲（Call）或者看跌（Put）期權，到期時只有兩種可能結果：價內、價外，根據一種標的（股價、匯率或商品價格或股市指數）在到期時的走向與預測是否符合來決定是否獲利，當正確地預測一個指定的時間內標的資產價格或指數的方向時，就是價內，可以得到確定的獲利率與原投資金額，反之，則為價外，原投資金額將全部歸零。或只能收回相當小的比率。 要交易二元期權，必須到經紀商（Broker）開立帳戶，存入一定的金額，才能開始交易。為防止洗錢與詐騙，所有經紀商都會要求在請求提領金額時須提交身分證明、地址證明，付款工具（信用卡正反面圖案）等。 詐騙 聯邦貿易局曾指出，根據美國證券交易委員會和商品期貨交易委員會發布的最新報告，消費者應當警惕出現的有關「二元期權」（binary options）的投資騙局。 聯邦貿易局表示，面對「二元期權（binary options）」投資利潤的誘惑，如果消費者對此概念並不熟悉，最好還是緊緊護住自己的錢袋，不要被騙子所謂的投資回報好的金融產品所迷惑。理論上，二元期權是一種衍生性投資工具，是期權的一種，只有看漲或者看跌期權，而回報率與交易時間在交易開始時就告確定，於2008年在美國芝加哥期貨交易所 ( CBOE ) 正式掛牌交易，具有高獲利、高風險的特性，標的資產可以是外匯匯率、股票、商品價格及指數等。交易通常通過網絡或手機應用交易平台進行。 二元期權是「賭」一定交易時間後，標的資產的價格與執行價格的變化，分為看漲（Call）或者看跌（Put）期權，到期時只有兩種可能結果：價內、價外，根據一種標的（股價、匯率或商品價格或股市指數）在到期時的走向與預測是否符合來決定是否獲利，當正確地預測一個指定的時間內標的資產價格或指數的方向時，就是價內，可以得到確定的獲利率與原投資金額，反之，則為價外，原投資金額將全部歸零。或只能收回相當小的比率。 在這個過程中，有一些賣家從事欺詐行為，比如宣傳虛假的利潤回報、站在消費者的對立面、要求消費者在套現前購買大量二元期權。而一旦消費者決策失誤，所有原始投資將全部打水漂。有專業人士指出，二元期權的支付結構有利於賣方、會衍生出身分盜竊、通過軟件導致買家交易失利等問題。而且由於許多賣家在海外，執法機構很難就詐騙案展開調查。 ==
红利,红利，英文为bonus或extra dividend，是公司（或其它按出资资本决定收益分配的非公司经济组织，如中国大陆的农村信用合作社）的税后利润提取各种公积金、公益金、优先股股息后剩余的盈利，按照股东（不含优先股股东）持股比例分配给股东。股东获得红利的多少根据公司的经营盈亏而变动，是不固定的。而股息是按照股票票面金额的一个固定比率向股东支付利息，不随股票二级市场上股价波动与公司经营业绩情况而变化。
過橋貸款,过桥贷款（英语：bridge loan）是一种短期贷款，通常是用來做從2周到3年之間，為了取得更大筆或更长期融资的暫時安排。它通常在英国称为过渡性贷款（英语：bridging loan），有時被稱做警告贷款（英语：caveat loan），又有時也被称为搖擺贷款（英语：swing loan）。在南非較常稱做过渡性融资（英语：bridging financing）但使用此詞的時間南非比其他地方而言更加嚴格。 过桥贷款是个人或企業用於临时的融务需求，直到獲得永久融资或下一阶段的融资，新的融资资金通常被用来偿还过桥贷款及其他資本支出的需求。 == 引用 ==
預算,预算（英语：Budget）是指为某特定的时间段作出的财政计划。所有的预算，不管是政府的、企业的或家庭个人的，都涉及在各种可能的支出之间进行选择，本质上就是配置稀缺资源。收入和开支是所有预算的核心内容。预算也可能包含有计划的销售额、利润、资源数量、成本、开销、现金流动等，是以可测量的指标来衡量经济体、组织、活动、事件的战略计划。
預算線,预算线又称预算结束线，消费可能线和价格线。预算线表示在消费者的收入和商品的价格给定的条件下，消费者的全部收入所能购买到的两种商品的各种组合。 預算線，又名預算限制 ( Budget Line/Budget Constraint ) 是在給定的收入水平和固定的商品價格條件下，消費者能購買到的X商品和Y商品的各種組合。
商业智能,"商業智慧（Business Intelligence , BI），又稱商業智能或商務智能，指用現代資料倉儲技術、線上分析處理技術、資料探勘和數據展現技術進行數據分析以實現商業價值。 商業智慧的概念經由Howard Dresner（1989年）的通俗化而被人們廣泛瞭解。當時將商業智慧定義為一類由資料倉儲（或資訊市集）、查詢報表、數據分析、資料探勘、數據備份和恢復等部分組成的、以幫助企業決策為目的技術及其應用。 目前，商業智慧通常被理解為將企業中現有的數據轉化為知識，幫助企業做出明智的業務經營決策的工具。這裡所談的數據包括來自企業業務系統的訂單、庫存、交易賬目、客戶和供應商資料及來自企業所處行業和競爭對手的數據，以及來自企業所處的其他外部環境中的各種數據。而商業智慧能夠輔助的業務經營決策既可以是作業層的，也可以是管理層和策略層的決策。 為了將數據轉化為知識，需要利用資料倉儲、線上分析處理（OLAP）工具和資料探勘等技術。因此，從技術層面上講，商業智慧不是什麼新技術，它只是ETL、資料倉儲、OLAP、資料探勘、數據展現等技術的綜合運用。 把商業智慧看成是一種解決方案應該比較恰當。商業智慧的關鍵是從許多來自不同的企業運作系統的數據中提取出有用的數據並進行清理，以保證數據的正確性，然後經過抽取（Extraction）、轉換（Transformation）和裝載（Load），即ETL過程，合併到一個企業級的數據倉庫裡，從而得到企業數據的一個全局視圖，在此基礎上利用合適的查詢和分析工具、數據挖掘工具、OLAP工具等對其進行分析和處理（這時資訊變為輔助決策的知識），最後將知識呈現給管理者，為管理者的決策過程提供支持。"
资产估值,资产估值 ( Asset Valuation ) 是指评估一项投资组合、一家企业、一项投资或资产负债表项目价值的过程。
商业价值,在管理学中，商业价值是个非正式用语，指决定企业长期健康和福利的价值。商业价值把公司价值拓展到经济价值（也称为经济效益，经济附加值和股东价值）以外，包括其他形式的员工价值、客户价值、供应商价值、渠道伙伴价值、战略伙伴价值、管理价值和社会价值。很多价值不是通过金钱衡量的。 商业价值往往包括无形资产，不属于任何股东团体。例如，知识资产和企业的商业模式。平衡计分卡法就是一种常用的衡量、管理商业价值的方法。
買入持有策略,買入持有策略（Buy and Hold）是一個長期的投資策略，它主要是建基在一段時間內儘管金融市場有一定的波動及衰退，但是仍然能給得到一個長期的特定收益率。 與之對立的策略是日內交易，日內交易是指風險資金只會在很短的時間進入市場（如一週甚至於數小時），並且只尋求找出相對的一段大幅度波動作套利。 買入持有策略被一些有效市場理論（EMH）支持者運用，有效市場理論是指證券在任何時間內的價格都是合理的，因為市場是有效而且價格已經反映了一切已知的及內幕消息，所以根本沒有任何空間給予交易者交易行為，為此有人議買之入持有直至要用錢才沽出。 買入持有策略的另一方支持者是那些主要建立在價值投資的理論上的投資者，他們主張用時間去把利潤及企業價值最大化，並且長期持有下一定程度能減少風險。 另外買入持有策略的好上處它能夠大幅減少繁複交易帶來的高佣金、買賣差價及稅務支出的問題。華倫·巴菲特是典型的買入持有策略支持者但是不同意有效市場理論的人。
中央結算及交收系統,中央結算及交收系統（The Central Clearing And Settlement System，缩写为CCASS），簡稱中央結算系統，是一個專為在香港聯交所上市的證券買賣而設的電腦化賬面交收系統；中央結算系統原本的設計只為讓香港交易所轄下的香港中央結算有限公司 ( 結算公司 ) 可向市場中介人士，例如經紀及託管商，提供結算所服務，再由中介人士向其客戶提供結算服務。現時，鑑於投資者希望享有賬面結算及交收系統的優點及對他們的股份擁實質的操控權，個人及公司投資者現在可於中央結算系統開設投資者戶口。 投資者戶口實際上是一個存管股票的戶口。投資者戶口持有人仍須透過經紀或託管商 ( 同時為中央結算系統參與者 ) 進行股份買賣及有關交收 ; 投資者戶口持有人仍要自行管理本身在交收過程中所涉及的交收風險。
資本充足率,資本適足率指商業銀行資本充足程度的比率。 按照《巴塞爾協議》，資本充足率的最低標準為：銀行資本和風險加權的總資產之間比率至少為8 % ，其中核心資本和風險加權的總資產之間比率至少為4 % 。
利差交易,利差交易（Carry Trade），又稱為套息交易或融资套利交易，指在低利率的国家（比如日本）借钱，换成较高利率国家（比如澳洲，紐西蘭）的货币后出贷，赚取利差。 这种套利交易的风险主要来自可能的利率、汇率变化，其次也受有关国家税负成本的影响。依2007年10月24日工商時報的報導，日本野村總合研究所首席經濟學家辜朝明認為日本的低利率是利差交易興盛的源頭，許多投機客借低利日圓炒作金融商品，在國際資本市場形成許多小泡沫，這些泡沫破滅時會形成小型金融危機。 2008年全球金融海嘯時許多借日圓到海外炒作的人將外幣換成日圓還給日本金融機構，造成日圓在日本和全球都不景氣時反而升值的怪現象。
现金循环周期,现金循环周期（英语：cash conversion cycle，简称CCC）是指一家公司从支付现金购买库存起到最终收回销售产品所得的现金为止的天数。现金循环周期可以用来衡量公司的流动性状况。 现金循环周期的计算公式为： == 参考文献 ==
圣保罗中央区,圣保罗中央区（Zona Central de São Paulo）是巴西圣保罗的主要商业区，与自由区和共和国区等接壤。 == 参考文献 ==
財政大臣 ( 英國 ),財政大臣（Chancellor of the Exchequer）是英國內閣中，主管經濟與金融事務之官員職稱，通常簡稱財相（The Chancellor）。財政大臣負責管理女皇陛下財政部，職位相當於其他國家的「財政部長」。財政大臣一般被認為是重大國務官位之一，地位更是僅次於英國首相。 現任財政大臣是夏文達閣下，MP，屬保守黨籍。 在一眾主要官職中，財政大臣是英格蘭與聯合王國兩地，歷史第三悠久的官職。此職最初職掌是管理國庫（Exchequer），而國庫在中世紀英格蘭時代則是負責收集皇家歲入的。直至近代，財政大臣除了主理財政政策外，還負責制定貨幣政策。不過，隨著英倫銀行在1997年取得獨立控制利率的權力以後，財相失去對這方面的權力。另外，財政大臣亦照管政府部門內的公共開支。 財政大臣的英文職稱與大法官（Lord Chancellor）、蘭開斯特公爵領地事務大臣、高等法院大法官法庭庭長（Chancellor of the High Court）與理財法院首席法官（Lord Chief Baron of the Exchequer）相近。
教会税,教会税（德語：Kirchensteuer，丹麥語：Kirkeskat，英语：Church tax，或ecclesiastical Taxation），是对宗教团体的成员征收的一种税，在奥地利、丹麦、芬兰、德国、冰岛、意大利、瑞典、部分瑞士地区以及其他少数国家征收。
中央區 ( 大阪市 ),中央區（日语：中央区／ちゅうおうく Chūō ku */ ? ）是日本大阪市24區的其中之一，也是大阪府府廳的所在地。
除息价格,除息价格或净价、干净价格（英文：Clean price），是在金融中，相对于债券的含息价格而言的，指债券除去应计利息（自上次付息日以来所累积的利息）的价格。 除息价格 = 含息价格 - 应付利息 就长期而言，债券的除息价格相对于其含息价格要更加稳定。一般来说，除息价格如果发生变化，一般是因为经济原因，如利率变化或债券发行者信用的改变。
担保物权,担保物权（英语：collateral；德語：Pfandrecht；法语：sureté réelle；日語：担保物権；留置權）乃为担保债权实现而在一定程度上设定的物权，与用益物权共同被称作限制物权。用益物权的目的在于物的使用价值，而担保物权最终通过将标的物出卖而获得的金钱用于实现债权。担保物权分为根据法律规定而产生的法定担保物权以及根据契约而产生的约定担保物权。在民法上所规定的留置权和优先权属于法定担保物权，而抵押权和质权属于约定担保物权。此外，随着经济活动的多样化，目前出现了让与担保，所有权保留等多种非典型担保方式。 各种担保物权的共性，有附随性，不可分性，物上代位性（留置权无）等性质。
安慰函,安慰函是商业活动中的一类文件，表示一家公司作为商业合同的一方的财务合理性与支持信息。 可由注册会计师声明该公司的招股书依据通行的会计准则没有虚假或误导信息。也可用于提供评价公司的资产，如油气公司的地质储量。 安慰函也可用于子公司的父公司或银行的书面保证以 “ 安慰 ” 客户该公司有能力或愿意偿债。虽然在绝大多数国家安慰函对于合同各方没有法律强制约束力，但是出具安慰函的一方是在使用自己的 “ 商誉 ” 为担保代价。
佣金,佣金或傭金是商業活動中勞務報酬的一種，一般而言是指提供給中介或代理的報酬。而所謂的中間人是指在商業行為中促成交易的角色，例如房地產買賣的仲介商、股票市場的證券所和拍卖行等等。 佣金制度鼓勵中介人多勞多得，向高佣的的生意傾斜。
衝動購物症,Gay
應急可轉債,應急可轉債，（英語：Contingent Convertible Bond （CoCo），也稱作Enhanced Capital Note （ECN）），俗稱CoCo債，是一種金融衍生性商品。
信用風險,信用風險（Credit risk）是指交易對手未能履行約定契約中的義務而造成經濟損失的風險。由於信用風險會對公司或個人的利益產生很大的影響，因此信用風險管理變成很重要的工作，較大的公司常有專門人員，針對各個交易對象的信用狀況作評估來衡量可能的損益以及減低可能的損失。一般而言，風險越高，債務人將被要求償還債務的利率就越高。信用風險主要發生在藉款人無法自願或不情願地支付到期款項時。 信用風險管理，指的是针对交易對手、借款人或債券發行人具有違約「可能性」所產生的風險，進行管理。詳細拆分此風險成分，可以區分成「違約機率」、「違約損失率」、「違約曝險額」。 信用風險管理為目前金融業界的最大課題。除了針對「放款部位」進行信用風險管理外，也需要針對其投資的「交易對手」，或「證券發行者」進行信用風險管理。
金融信用,金融信用（英语：Credit），即提供贷款和产生债务。在许多场合，金融信用也可以指借债方偿还债务的信誉和能力。信用意指一個人能夠先取得金錢或是商品，日後再行付款的限度。信用产生的另一种方式是商品交易过程中的延迟付款。在延遲期限前還清欠款，就是正面的信用紀錄，所以時常欠款又還清的人反而比不曾借錢動用信用的人有更好紀錄「成績」，信用額度也更容易擴大。 如果過時限借錢不還稱為违约。對象是金融機構的話，個人违约状况會被在信用資訊的数据库（例如台灣的財團法人金融聯合徵信中心）註記，各家金融機構於承作借款業務前都會先查詢。在多數國家，违约严重时再次向合法金融機構借款会很困难，直到协议或法庭作出判決后得到解决。而即使已還款，違約記錄的註記也可能會揭露數年的時間。。
信用紧缩,信用紧缩（或信贷紧缩），信贷经济中资产流动性降低时的经济现象或时期，表现在借贷困难、现金难求。在英國通常指2008金融海嘯。 簡單的說就是即使利率 ( 存款利率、市場利率 ) 下降，也难以从金融機構借到钱的情形。
信用保险,信用保险是以信用风险作为保险标的，保险人对被保证人的作为或不作为致使权利人遭受损失负赔偿责任的保险。
信用评级,信用评级的目的是顯示受评对象信贷违约风险的大小，一般由某些专门信用评估机构进行。 评估机构针对受评对象金融状况和有关历史的数据进行调查、分析，从而对受评对象的金融信用状况给出一个总体的评价。信用報告（或信用評分） - 是信用評級的一個子集 - 它是個人信用評估的數字評估，由信用局或消費者信用報告機構完成。 信用评估最初产生于20世纪初期的美国。1902年，穆迪公司的创始人约翰·穆迪开始对当时发行的铁路债券进行评级。后来延伸到各种金融产品及各种评估对象，现在大体分类为： 资本市场上的信用评估机构，对国家、银行、证券公司、基金、债券及上市公司进行信用评级，著名国际评级机构有：穆迪（Moody's）、标准普尔（Standard & Poor's）和惠誉国际（Fitch Rating） 商业市场上的信用评估机构，他们对商业企业进行信用调查和评估，著名企业有邓白氏公司（Dun & Bradstreet） 消费者信用评估机构，他们提供消费者个人信用调查情况。著名消费者信用评估机构有Equifax公司、環聯資訊有限公司（TransUnion）和益百利公司（Experian）
债权人,債權人俗稱債主（creditor），是与债务人相对应的法律术语。如果甲方（可以是自然人、企业法人或政府等）有权要求乙方主张特定的服务或财产，则称甲方为「債權人」，称乙方为「债务人」。一般情况下，债权人会基于债务人将向其偿付等价值的服务或财产的假定下而向乙方提供一定价值的财产或服务，而该假定一般是由契約支持的。比如甲方向乙方支付了货款购买乙方的产品，在乙方收到资金但尚未将产品交付甲方时，甲方为乙方的「债权人」，乙方为甲方的「债务人」。 预付方（Creditors）主要是指预付款者，有权请求他方为特定行为的权利主体，是指那些对企业提供需偿还的融资的机构和个人，包括给企业提供贷款的机构或个人（贷款债权人）和以出售货物或劳务形式提供短期融资的机构或个人（商业债权人）。贷款债权人最关心的是债权的安全，包括贷款到期的收回和利息的偿付。因此，他们需要了解企业的获利能力和现金流量，以及有无其他需要到期偿还的贷款。 商业债权人最关心的是企业准时偿还贷款的能力，因此，他们需要了解企业的短期偿债能力，包括流动比率、速动比率、现金比率。 按中国大陆现行法律的规定，在民间借贷关系中，将钱借给他人的人，称为债权人；相对而言从别人手中借钱，欠别人钱的人称为债务人。
債權,債權（德語：Obligation ( Recht ) 、英语：law of obligations）是大陆法系法律體系中，一方當事人得請求他方當事人為一定行為（作為或不作為）的司法上权利，規範此類權利發生、進行及消滅之法律即為債法。本於權利義務相對原則，相對於債權者為债务，即必須為一定行為（作為或不作為）的司法上義務。因此債之關係本質上即為一司法上的債權債務關係，債權和債務都不能單獨存在，否則即失去意義。 和物权不同的是，債權是一種典型的相對權，只在债权人和債務人間發生效力，原則上債權人和債務人之間的債之關係不能對抗第三人。
群眾募資,群眾募資又稱群眾集資、公眾集資、群募、公眾籌款或眾籌，是指个人或小企业通过互联网向大众筹集资金的一种集資方式。。群眾募資主要透過網際網路展示宣傳計划內容、原生設計與創意作品，並與大眾解釋通过募集资金讓此作品量產或實現的計划。支持、參與的群眾，則可藉由「購買」或「贊助」的方式，投入該計畫以實現計划、設計或夢想。在一定的時限內，達到事先設定募資的金額目標後即為募資成功，開始使用募得的金錢進行計劃。 一般而言群眾募資是透過網路上的平台連結起贊助者與提案者，用來支持各種活動，包含災害重建、民間記者、競選活動、創業募資、藝術創作、自由軟體、設計發明、科學研究以及公共專案等。根據Wiki的資料，全世界第一個產生的众筹活動，是1997年的英國樂團Marillion。他們透過從廣大的群眾中募集款項，成功的募集了6萬6666美金，成功地完成了美國的巡迴演出。
密碼貨幣,密码货币（英文：Cryptocurrency，又译密碼學货币、加密货币）是一種使用密碼學原理來確保交易安全及控制交易單位創造的交易媒介。跟平常使用的紙幣需要防偽設計一樣，加密货币的防偽是利用數字貨幣和虛擬貨幣使用密碼學及數字雜湊而成並與智慧合約的綁定之下的新型通證。比特幣在2009年成為第一個去中心化的加密货币，這之後加密货币一詞多指此類設計。 自此之後數種類似的加密货币被創造，它們通常被稱作altcoins。加密货币基于去中心化的共识机制，與依赖中心化监管体系的银行金融系統相對。去中心化的性質源自於使用分散式帳本的區塊鏈（Blockchain）技術。根據一項預測，加密貨幣到2018年的市值預計將高達1-2萬億美元。
流动比率,流動比率（Current ratio）是個用來衡量公司在未來12個月內是否具有足夠資源來償還其債務的一種財務比率。以公司的流動資產與流動負債做比較衡量，公式如下： 流動比率能顯示一個公司的市場流動性和滿足債權人要求的能力。流動比率因行業而異，一般數字在1.5到3之間為健康的企業。如果一個公司的流動比率是在這個範圍內，那麼它通常表示具有良好的短期金融實力。如果流動負債超過流動資產（流動比率小於1），那麼該公司可能產生短期償債能力的問題。如果流動比率過高，那麼該公司可能無法有效地利用其現有資產或短期融資，這也可能顯現在公司營運資金管理的問題。
應收帳款週轉天數,應收帳款週轉天數，指公司从产品销售到获得客户付款所需要的时间（天数）。 對於企業內部的管理者而言，可以採用應收帳款流通在外的天期（Days of Sales Outstanding）計算。以資產負債表日的應收帳款餘額，逐月減去最近期的銷售額來持算收款天期，這個方法的理論基礎是期末的應收帳款主要係由近期的銷貨所產生，因此將應收帳款餘額逐月往前扣除月銷貨金額，即可的應該收款流通在外天數，也就是該收帳款收款天數。 應收帳款的週轉率或收款天期的分析，可作為應收帳款管理的指標，經由連續會計期間的比較分析，可得出一個管理積效的趨勢，任何重大的變化都可能是經營上的一警訊，可提醒管理者進一步深入分析，甚至採取改善措施。
债务,债或债务（英语：Debt），可以简单的解释为一個自然人或公司、财团、组织、政府等机构法人亏欠其他個體的東西，可以是金钱，也可以是別的有價物。 债务有别于会计意义上的负债（Liabilities）。
債務人,債務人是與債權人相對應的法律術語。如果甲方（可以是自然人、企業法人或政府等）有權要求乙方主張特定的服務或財產，則稱甲方為債權人，稱乙方為債務人。 一般情況下，債權人會基於債務人將向其償付等價值的服務或財產的假定下而向乙方提供一定價值的財產或服務，而該假定一般是由合同支援的。比如甲方向乙方支付了貨款購買乙方的產品，在乙方收到資金但尚未將產品交付甲方時，甲方為乙方的債權人，乙方為甲方的債務人。
違約 ( 金融 ),違約，指債務人不能滿足他在債務合同的法律義務，例如沒有作出付款安排，或違反了債務合同內的條件。違約是沒有償還貸款。 當債務人不願或無力支付債務，例如债券、抵押、贷款或本票，即可能會出現違約。
業務分拆,業務分拆是一種公司重組的方式，將公司的業務運作分離成一家或更多的子公司。 與其相反的運作就是合併或收購。 業務分拆，能藉著分立公司來進行，把營運的子公司之股份分配或轉交給想要作出業務分拆的公司股東。業務分拆也可以把相關的業務轉移到一家新的公司，或者把業務轉給獲得股份之股東所持有的業務上。進行業務分拆可以是由於各種商業或非商業的原因，例如是政府通過反壟斷法或瓦解聯合壟斷來作出介入。或是為專注於某特定業務，而把其他非核心業務分拆；抑或為降低成本及節稅等財務方面考量等。
财务部 ( 澳大利亚 ),财务部（英语：Department of Finance）是澳大利亚政府下属的一个部门，成立于2013年9月18日，主要职能是帮助澳大利亚政府达到支出目标，为政府在预算案等方面提供协助。该机构的总部位于澳大利亚首都坎培拉政府中心区的约翰·戈顿大楼。 澳大利亚财务部的前身是财务及放松监管部（Department of Finance and Deregulation）。在1976年-1997年之间，澳大利亚政府也曾设立过财务部。 澳大利亚的财务部（Department of Finance ) 的职责仅限于政府收支。与许多英语国家类似，澳大利亚主管经济政策的部门称为 “ Treasury ” （财政部），澳大利亚的财政部大约相当于美国的财政部（Department of the Treasury）和英国的财政部（HM
加拿大財政部,加拿大財政部（Department of Finance Canada）是加拿大聯邦政府部會之一，位於渥太華。
财政部 ( 澳大利亚 ),财政部（英语：Department of the Treasury），又译国库部，是澳大利亚政府下属的一个部门，成立于1901年，与律政部是仅有的两个自1901年开始就一直存续的部门。澳大利亚财政部主要职能是负责制定经济政策、财政政策，以及负责市场监管和澳大利亚联邦的预算案，财政部的主管是财政部常务次长，负责财政部的政务官是澳大利亚财政部长。。現任財政部長是自由党籍的乔什·富来顿伯格。
直接金融,直接金融（英语：Direct finance）是指著資金需求者藉由原始證券（例如股票、債券、票券）的發行（或稱承銷），並透過市場交易（經紀或自營），撮合資金供需雙方完成資金交易的融通方式。 == 參考資料 ==
現金殖利率,現金殖利率（英語：Dividend yield）的定義是每股股息（現金股利）除以每股股價，通常以百分比表示。 如果現金股利每年為 1元，股價20元，則現金殖利率為5 % 。 若股票的現金殖利率大於定期存款的利息，一般會稱為「定存概念股」。
Doing a Leeds,「Doing a Leeds」是專指英格蘭一些足球會因財政管理不善而可能造成嚴重後果的一個代名詞。這詞源於2000年代，當時仍在英超的列斯聯（Leeds United A.F.C.，即此術語所指的「Leeds」）投入巨大的資金而打進歐聯四強，不過在過程中卻欠下大量債務。當列斯聯未能再次取得歐聯資格後，球會遇上嚴重的「財務危機」，隨後降班至英甲，這是球會歷史上首次第三級別聯賽。
平均成本法,平均成本法（英语：Dollar Cost Averaging，DCA）又名「懶人理財術」或「定期定額投資法」，為投資學名詞，指在特定間隔期間（例如每月買入一次）、買入固定金額的某資產的投资策略。平均成本法的目的是为了规避因资产的波动性对投资人最终收益造成的负面影响。 平均成本法以規律機械式的方式，固定周期、固定金额地投入資金买入某一种资产（如股票、基金、外汇、货物等），而不是一次性将全部资金买入。这样，即便在买入资产后该资产出现下跌，因投资人没有将全部资金投入，故损失较一次性单笔买入者少，后期还可因低位买入进一步拉低平均成本。因而使用平均成本法策略的投资人除了可以不断累積投資資本外，也可將「擇時能力」從投資決策因子中排除，以分批投資方式進入市場，降低單一時間點投入的風險，讓投資者不必「等」或「猜」所謂適當時機，不需去挑選何時執行進入、何時退出市場的指令。
领售权,领售权 ( Drag-along right，DAR ) ，或称作强卖权、强制随售权、拖带权、带领权，是公司法中的法律概念。领售权保证了大股东在向第三方出售股份时，小股东必须把股份按照大股东的价格一并卖给第三方买家。领售权保证了大股东的利益。 领售权通常在IPO时终止 .
杜邦分析法,杜邦分析法（英语：DuPont analysis）是一种分析企业财务状况的方法，得名于美国杜邦公司。杜邦公司于1920年代开起使用该方法，其发明人为该公司的唐纳森·布朗（Donaldson Brown）。杜邦分析法将股本回报率分为三部分，利润率、资产周转率，以及权益乘数/财务杠杆。股本回报率受这三个因素影响，其计算公式为： 股本回报率（ROE）= 利润率 × 资产周转率 × 权益乘数 = ( 淨收入 / 營業收入 ) × ( 營業收入 / 资产
每股盈餘,每股盈餘（英文：Earnings Per Share，EPS ) ，又称每股收益或每股盈利，是公司的獲利指標，對於有公開市場股票交易的公司而言，每股盈餘和公司的股價都有一定的聯動性，因此這也是公司現有股東與潛在投資人衡量公司獲利的關鍵要素之一。這詞彙經常出現於財經刊物或報章的財經版。
收益率,收益率（Earnings yield），又稱益本比，是一年或一季的每股盈餘與股價的比值。收益率是本益比的倒數。因此也稱為益本比。盈利收益率是每股收益除以股價的商數。 收益率常會用百分比表示，以便和债券或是其他金融商品的利率相比較。
绿色金融,绿色投资（Green investment）的概念起源于欧美金融投资家对其投资对象进行投资决策时的项目分类。区别于传统的金融投资，绿色投资把经济收益性之外的环境问题等也列入了投资决策的重要考量项目。
經濟租,經濟學上，經濟租（英语：Economic rent）最早指從土地（land）獲得的收益，後被擴大為所有因為獨佔權力而獲得的收入。生產過程中要付出的生產投入成本，高於某個供给的价格弹性下本來應該付出的價格（也就是機會成本），這中間的差額就是經濟租。經濟租的出現，會帶來尋租行為。 在完全競爭市場中，不存在經濟租。經濟租與尋租的出現代表市場失靈。
新兴市场,新兴市场（英语：Emerging Markets）或称新兴经济体，是一个相对于西欧、北美、日本、紐西蘭、澳洲等这类 “ 成熟市场 ” 国家而言，人均年收入處於中下等水平，資本市場不發達、股票市場價值只占GDP很小部分，工業化程度不高的國家或地區，但是這些国家卻拥有成为成熟市场国家的潜力和部分条件，有一定的工业基础及一定程度上规范的商业市场机制。
赤道原則,赤道原則（英语：Equator Principles，縮寫為EPs），財務金融術語，是一套非強制的自願性準則，用以決定、衡量以及管理社會及環境風險，以進行專案融資（Project finance）或信用紧缩的管理。這個準則出現於2003年6月，由一群私人銀行所制定，參與制定的銀行有花旗集團、荷蘭銀行、巴克萊銀行、與西德意志銀行（WestLB AG）等。他們採用世界銀行的環境保護標準與國際金融公司的社會責任方針，形成了這套原則。根據2017年底的資料，有92家財務金融機構採用了這個原則，因此它形成了一個實務上（de facto）的準則，協助銀行及投資者了解應該如何加入世界上主要的發展計畫，對它們進行融資。
國際債券,國際債券 ( Eurobond ) 是指計價貨幣並非發行地或交易地的貨幣的債券。雖然英文名為Eurobond，但它與歐元 ( Euro ) 沒關係，甚至與地理上的歐洲沒關係，例如一家公司 ( 不論公司所在地 ) 在新加坡發行或交易的日圓債券便是國際債券 ( Eurobond ) 。 國際債券並以其計價貨幣命名，如以日圓計價的便稱日圓國際債券 ( Euroyen
支出最小化,支出最小化问题，在经济学，特别是微观经济学中是效用最大化问题的对偶问题，直观地说就是： “ 需要多少钱我才能让我觉得高兴？ ” 给定效用函数，价格，和效用目标，这个问题可以分为两部分。 消费者需要多少钱？这个由支出函数来回答。 消费者会买些什么在最小化支出的情况下满足其的效用目标？这个由希克斯需求对应来回答。
外债,外债（或对外债务）（英语：external debt或foreign debt）是一个国家所拥有的、债权人为外国的债务。债务人可以是政府、企业或私人。债权人可以是私人商业银行、其他政府或国际金融机构（如国际货币基金组织和世界银行）。
瑞士联邦财政部,瑞士联邦财政部（英语：The Federal Department of Finance，法语：Département fédéral des finances，德语：Eidgenössisches Finanzdepartement ( EFD ) ) ，是瑞士联邦政府所属的七个部之一，瑞士联邦委员会的七名成员之一的财政部长负责本部门工作。该部原称瑞士财政部，后于1873年更名为瑞士财政与海关部，直到1978年改为现名。
德國聯邦財政部,德國聯邦財政部（德語：Bundesministerium der Finanzen）是德國聯邦政府的部會之一，主掌聯邦預算。財政部長在認為政府決策會造成額外費用時可行使否決權，是唯一擁有否決權的部長。現任財政部長為奥拉夫·绍尔茨。
金融,金融（英语：finance）是 “ 資金的融通 ” 的缩略語。金，指的是黃金；融，最早指固體融化變成液體，也有融通的意思。所以，金融就是將黃金融化分開交易流通，即價值的流通。顧名思義意指融通資金、使資金融洽通達，是指在經濟生活中，银行、證券或保險業者從市場主體（例如：儲戶、證券投資者或者保險者等）募集資金，並借貸給其它市場主體的經濟活動。從事這一業務的業者稱之為金融業者。研究有關金融的學科稱之為金融學。 从广义上说，政府、个人、组织等市场主体通过募集、配置和使用资金而产生的所有资本流动都可称之为金融。因此，不仅是金融业者，有关政府的财政，行业企业的行为、以及个人的理财都是金融的一部分。金融可以看作为资金的募集配置（籌資）、以及投资和融资（借錢買股）三类经济行为。 行业企业募集资金的方法一般可以分为以下两类： 直接融资：不经由金融機構（FI），而是通过出售股票、债券等形式从投资者手中获得资金。 间接融资：通过金融機構（FI）间接地从投资者手中获得资金。金融的核心是跨时间、跨空间的价值交换，所有涉及到价值或者收入在不同时间、不同空间之间进行配置的交易都是金融交易，金融学就是研究跨时间、跨空间的价值交换为什么会出现、如何发生、怎样发展，等等。
国际金融中心,國際金融中心（英语：Financial centre），指以第三級產業經濟為主；以金融業服務業為中心的全球城市，這個全球城市必須擁有跨國公司和國際大銀行的總部設立，要有活躍的外匯市場、股票市場、期貨交易、證券市場等金融產品市場，並擁有至少一個證券交易所。此外，還需要完善的法律制度和資本主義環境，並有著健全的交通運輸、人才教育等硬體建設與體系制度。
金融计量经济学,金融计量经济学是金融学的一个分支，它是以经济理论为基础，运用数学工具研究经济现象及其变化规律的一门学科，与计量经济学不同的是，它偏向于金融方向。
金融經濟學,金融經濟學（英语：Financial economics） ( 有人误譯為財務經濟學 ) 是經濟學的分支，主要研究在不確定的環境中，如何跨越時間與空間，配置經濟資源。它主要集中在研究貨幣資產的交易活動，最關心的主題包括，時間、不確定性、選擇權以及資訊。 時間：現在擁有的金錢，與未來可能的收益，之間如何取捨。 不確定性與風險：投資的金錢，能否在未來得到收益，是不確定的。 選擇權：交易的其中一方，可以透過選擇權，在之後才做出決定。這將會影響到資金移轉的方式。 資訊：對於未來的知識，將可以減少不確定性，保障未來的收益。
金融创新,金融创新（Financial innovation），变更现有的金融体制和增加新的金融工具，以获取现有的金融体制和金融工具所无法取得的潜在的利润。金融创新它是一个为盈利动机推动、缓慢进行、持续不断的发展过程。
金融机构,金融机构是指从事金融服务业有关的金融中介机构，為金融體系的一部分，金融服务业包括银行、证券、保险、信托、基金等行业，与此相应，金融中介机构也包括银行、证券公司、保险公司、信托投资公司和基金管理公司等。 同時亦指有關放貸的機構，發放貨款給客戶在財務上進行周轉的公司，而且他們的利息相對也較銀行為高，但較方便客戶借貸，因為不需繁複的文件進行證明。
金融中介,金融中介是提供在金融市场中中介服务的个人，企业，或者机构，例如银行，券商等。金融中介通常有4个主要功能：1.设定价格和清算价格；2.提供流动性和及时性 ; 3.沟通卖方和买方；4.保证和监控质量。 姜建清：金融中介不会因为互联网兴起而消失
財務策劃,財務規劃主要是為自己的各個重要階段做一層基本的財產配置，讓財產做一個有效的運用，最後成為一個財務自由的人。
财务比率,财务比率是财务报表上两个数据之间的比率，这些比率涉及企业管理的各个方面。财务比率可以分为四类：短期偿债能力比率、資產管理比率、負債比率、盈利能力比率。
金融风险,"金融风险 , 指任何有可能导致企业或机构财务损失的风险。"
財政秘書,財政秘書（Financial secretary），又稱財務秘書、財政幹事、司庫，是掌管一個公營或私營組織的財政事宜的職位。 財政秘書通常是工會內最重要的職位之一。 在市政府或州政府，財政秘書一職由委任或民選產生。
金融服務,金融服务，指有关金融交易或财务管理有关的服务或商业活动。 金融服务业，即提供金融服务的企业或机构，概括銀行、保險、投資、證券等領域。
金融科技,金融科技（英语：Financial technology，也稱為FinTech），是指一群企業運用科技手段使得金融服務變得更有效率，因而形成的一種經濟產業。這些金融科技公司通常在新創立時的目標就是想要瓦解眼前那些不夠科技化的大型金融企業和體系。 即使在世界上最先进的数字经济体之一的美国，这种金融服务变化的演变仍处于早期阶段 .
炒賣,炒賣是投機者意圖在短時期內從低價購入再從高價賣出轉售圖利，常見被炒賣的有股票、不動產、奢侈品等。
法國經濟財政部,經濟財政部（法语：Ministère de l'Économie et des Finances）是法國政府中主管經濟和財政的國務部門。
资金,资金，俗稱頭寸，是指可供使用運用的金钱，常用于公司或组织上，資金的充裕與否，常是一個企業經營成功的關鍵之一，尤以新成立的公司為然，除了公司擁有者於公司成立初期所交予的金錢之外，現代的企業大多以吸引其他人投資的方式來吸收資金，亦有以借貸或變賣資產的方式籌措資金的。 == 註解 ==
籌款,籌款，是一種社會及經濟活動，有時是為慈善，有些稱為商業集資。前者是非營利，救急扶危；而後者是為了追求利潤最大化。 籌款是發起人向公眾、會員、街坊、慈善家、投資者等收集現金和物資，為某種指定用途。 籌款在不少地方必須經向當局申請，無論用心多良好，並接受監督，甚至受審計核數。
G20開發中國家,G20（英語：Group of 20，也有人稱為G21、G22及G20+）是在2003年8月20日確立的发展中國家的集體性稱呼，這個集團是在第五次的部長級世界貿易組織（WTO）會議時首次出現，該次會議在墨西哥的坎昆（Cancún）召開，日期為2003年9月10日－2003年9月14日。 此一詞創的淵源可回溯到2003年6月，來自巴西、印度及南非的外交部長共同簽署了一份聲明，即《巴西利亞聲明》，該聲明中表示：「…主要的貿易伙伴仍必須卸除他們國家中較弱競爭項的貿易保護顧慮…並強調這對現有回合的貿易協商談判來說將極為重要，尤其是對推翻貿易保護政策及貿易扭曲實施…此外巴西、印度及南非也決議推行他們所提倡的貿易自由化。」 雖然如此，但G-20一詞的「正式」出現是在2003年8月13日的一份文字發表回應中，這是一份由歐洲共同體（European Communities，EC）與美國針對坎昆與會的部長所提出的農產品共同提案。到了2003年8月20日，一份由20個國家所簽署的文件，之後並重新發佈，成為9月4日的昆坎部長及文件，此份文件針對之前歐盟與美國的農產品提案提出另一個可行的替換框架（Framework），此文件標示著是由G-20所訂立。 集團的最初是以2003年8月20日在文件上簽署的國家為主，之後又有許多次變動，也因此產生了G-21或G-22等其他稱詞，一直到最後才定為G-20，以文件制訂當日為依據。 在貿易協商中，這個集團催促富有國家終止對农场主的補貼，並且在他們所屬的農業項目上反對自由化。G-20擁有全球65 % 的人口、72 % 的农场主以及22 % 的農作物輸出。 自從該次的提創，團體的會員也有所變動，之前的會員有：哥倫比亞、哥斯大黎加、厄瓜多、薩爾瓦多、秘魯、土耳其。 此外，G-20的核心會員主要有四個國家：中國、印度、巴西、以及南非，此也經常合稱為G4集團（G4 bloc）。
格拉斯哥证券交易所,格拉斯哥证券交易所（Glasgow Stock Exchange）是苏格兰格拉斯哥市中心的一个著名的建筑和金融机构。 该交易所成立于1844年。在1973年，它与伦敦证券交易所合并，成为其苏格兰运营的枢纽。 当前的建筑建于1875年-1877年。它位于纳尔逊·曼德拉坊（Nelson Mandela Place，1986年前称为圣乔治坊（St George 's Place））与布坎南街转角，由约翰·伯内（John Burnet）设计，威尼斯哥特式风格，被认为灵感是来自皇家司法院。该建筑现在列为A类保护登录建筑。 == 参考 ==
全球金融中心指数,全球金融中心指数（英语：Global Financial Centres Index，简称GFCI）是全球金融中心城市竞争力的评价指数，由英国智库机构Z/Yen每年颁布两次。该指数被广泛用于全球金融中心的排名。全球金融中心指数的评价体系由商业环境、金融业发展、基础设施、人力资本、声誉与一般性因素五大指标构成。
存託憑證,全球存託憑證（英语：Global depository receipt，GDR），又稱預托證券，國際存託存證（International depository receipt，IDR），乃是由股票發行公司委託國外投資銀行在國外證券市場發行的对应其股票的一種證券。投資人持有存託憑證就好比間接持有股票，只不過投資銀行擔任中介者的角色。當發行公司發放股利時，投資銀行會依存託憑證投資人持有憑證的比例，將股利轉換為外幣後分配給投資人。存託憑證依其背後表彰證券來源的不同，概可分為舊股提撥及新股發行兩種形式。
毛利率,毛利率（Gross margin），又称销售毛利率，是一个衡量盈利能力的指标，通常用百分数表示。其计算公式为： 毛利率越高则说明企业的盈利能力越強，控制成本的能力越强。但是對於不同规模和行业的企业，毛利率的可比性不强。
成長投資,成長投資是投資策略的其中一種，成長投資者投資在有高度成長潛力的公司，即使股票價格已經很貴 ( 如：較高的P/E或P/B值 ) 。許多人都將成長投資與價值投資相比較。 然而，成長投資與價值投資並不相衝突，沃伦·巴菲特與彼德林區都是同時利用成長投資與價值投資的。沃伦·巴菲特曾說：他是百分之十五的菲利普·费雪，百分之八十五的Graham。
香港銀行同業拆息,香港銀行同業拆息（英语：Hong Kong Interbank Offered Rate，簡稱HIBOR），是香港金融市場上的銀行與銀行同業之間的拆出、借入資金的息率。從廣義來說，HIBOR指有關的息率在香港時間上午11:00的定價。
英国财政部,女王陛下財政部（Her Majesty 's Treasury），簡稱英国財政部（HM Treasury），通稱財政部（The Treasury），是负责开展和执行英国政府的公共财政政策和经济政策的英国政府部门。
租購,"租購是一種信貸購物的形式，買方可以用分期付款的方式先取得貨品，待付清貨款後便可正式擁有貨品。有些貨品比較昂貴，例如家具、汽車等，賣方通常容許買方以租購方式購買。現在一般租購的運作形式，是由賣方替買方安排財務機構先購買該貨品，然後財務機構與買方簽訂租購合約，在租購合約，會列明買方須在指定期內 , 定時分期付清貨款。在供款期內 , 買方只是租用貨品，待租約期滿後，買方有權根據租購合約上訂明的售價選擇是否購買該貨品。當買方選擇購買並付清貨款後，便得到貨品的擁有權。 租購合約內一般列明買方已付的首期、每期供款額和應供期數。有些貨品可以免息分期，有些則須支付利息。如果租購的貨品是作商業用途 , 其利息支出可獲稅務扣減。如果買方要提早終止租購合約，買方必須退回貨品，並根據租購合約列明的手續辦理。"
投资,投资在財務（金融）及經濟方面，各有不同的意義。財務投資是透過完善的分析，對於本金、收益可達一定程度的預估，將資金投入那些預期有所增長的標的上。而完全對立的作法，像未經分析、且在本金及回報上也沒有把握，亦不考慮風險就投入資金者，就是投机、或赌博。因此，有些並未經過完善分析，即買進股權持有者，例如買進共同基金的人，也可以稱為投機者。事實上，根據效率市場假說，即使針對股市資料來完整分析者，也不算是理性。依此定義延伸下去，所有自以為理性的股權持有者，也不能視為投資者，而是投機者。 投資與储蓄、或遞延消費，具有一定的相關性。投資牽涉到許多經濟領域的活動，例如企（事）業管理、及財務金融等，無論是為家計、事業、或政府。 投資、投機及賭博的不同： 持有投資標的的期間不同：投資最長，投機次之，賭博幾乎不持有。 分析的程度不同：投資所做分析最完整，投機大部份是小道消息，賭博靠運氣。 獲利的成份不同：投資會有孳息，其他兩項則只會出現一次。 結果的出現時間：投資需要一定投資期間，投機期間很短，賭博幾乎是立即。
股票市场,股票市場（英语：Stock Market）指股票发行、买卖、交易的市场。是證券市場的一部分。
霍特林法则,对于不可再生资源而言，存在开采资源的价格增长率必须等于贴现率，开采资源的价格增长率必须等于贴现率的情况下，对于开采者来说把资源保存在地下与开采出来，这两种选择没有偏好。
國際財務報告準則第16號,國際財務報告準則第16號（International Financial Reporting Standard 16，簡稱IFRS 16），為國際會計準則理事會（ISAB）於2016年1月發佈，針對公司租賃軟硬體時，租賃公司必須完整揭示租賃承諾給承租公司為基準。預定於2019年1月1日實施。
收入,收入（英文：Income）是指某一個體，包括個人或者企业在销售商品、提供劳务及转让资产使用权等日常活动中所形成的经济利益的总流入，通常包括商品或劳务的销售收入、利息收入、使用费收入、股利收入等。 營業額（英文：Revenue或Turnover）獨指商業公司因提供產品或服務而獲得之收入。營業額減去支出就是利潤。 常態情況下，高中畢業或以上程度獲高薪；輟學則獲低薪。
指数基金,指数基金（英语：Index Fund）或指數型基金，是消极管理投资基金的主要形式，有时候被用来指代所有的消极管理投资基金。从广义上讲，ETF（交易所交易基金）也属于指数基金。 指数基金的投资理念是在證券市場上选定一部分符合条件的证券，这些证券可以通过客观标准（如：总资本，总股本，成交量，主营业务）选定，也可以通过主观标准 ( 如成长性，被市场低估的程度 ) 选定；被选定的证券共同构成一个指数，每一个证券都拥有一个确定的权重（即该证券在整个投资组合中所占的比例），指数基金经理按照这个指数购买证券，建立一个与指数完全相同或基本相同的投资组合，这样就创造了一支指数基金。 若投资指数基金做消极投资，主要是挑目标指数有可投资性的和跟踪误差小的，不必过分看中一时的收益。
指数化,在经济学里，指数化是指根据物价指数对工资的一种校正，使得公众在通货膨胀之后依然拥有相同的购买力。
IPP,"IPP可能指以下其中一項： 互聯網列印協定：網際網路上列印的協定 獨立發電廠 焦磷酸異戊烯酯 或 異戊烯焦磷酸 知識產權保護 集成性能基元（Integrated Performance Primitives） , Intel 公司所推出的跨平台的多媒體、数据处理函式庫"
大赦 ( 基督教 ),大赦（拉丁語：indulgentia）是基督宗教的教理及神學思想之一，但現今僅天主教會採用。信徒在領受和好聖事後，雖然罪過已獲得赦免，但仍然會受制於罪過遺留下的思想或行為，被稱為「暫罰」，這時候必須透過教會頒布大赦，给信徒分施基督及历代圣人的功劳宝藏，使自身的暫罰得以在神前獲得免除。大赦分为「全大赦」（Indulgentiae Plenariae）及「限大赦」（Indulgentiae Partiales）两种，全大赦赦免人因罪应得的全部暂罚，而限大赦只赦免部分暂罚。根據天主教法典，只有教宗擁有颁赐大赦的权利，他人只能在得到教宗允许、或受法律委托才能颁赐，而具体事项则由宗座聖赦院负责。 大赦并未直接见于《圣经》，是建基于「代赎」的观念。中世纪晚期，当时的羅馬教廷为筹措资金，授权神职人员前往欧洲各地售卖大赦证明书（由羊皮纸制成的 “ 纪念证书 ” ），此即後世所稱的贖罪券（又稱赦罪券、赦罪符），這使得大赦的行為商業化，沦为当时教会之敛财工具，本已矛盾重重的欧洲社会被激起动荡，更由此引發宗教改革，最终导致新教的产生；售賣贖罪券的行為在天主教會發起內部革新運動後才停止。梵二大公會議時又改革大赦的施行方式，解決大赦過於數字化的問題。
通货膨胀,通货膨脹（英语：inflation，在臺灣簡稱通膨，香港和中國大陆簡稱通胀）本意為貨幣流通數量增加，但也指向因貨幣流通數量增加，而使得物價水準在某一時期內，連續性地以相當的幅度上漲，也就是物價上升，貨幣購買力下降的現象。「通貨」意指流通的貨幣，通貨膨胀指貨幣發行數量上升，而物價上漲是因需求增加或供給減少，兩者關聯為貨幣發行數量上升投入消費，「太多的貨幣追逐太少的商品」而使得物價上漲，而現在人們經常直接使用「通貨膨胀」一詞來表示「物價上升」的現象。而貨幣發行數量上升，不一定使物價上升，因為可能尚未投入消費，或是被更多的商品（服務）生產或科技進步所抵消，而某些情況，比如說，若新發行的貨幣是流向生產端擴充產能，反而可能造成供過於求，物價反而會下跌，形成貨幣發行數量增加但物價卻下跌，與常識相悖的經濟現象。 通货膨脹與貨幣貶值不同，整體通貨膨脹為特定經濟體內之貨幣購買力的下降，而貨幣貶値為貨幣在不同經濟體之間相對價値的降低。前者影響此貨幣在國內市場上的價値，而後者影響此貨幣在國際市場上的價値，兩者之相關性為經濟學上的爭議之一。 因為不同物價影響不同人，通貨膨脹有許多不同的衡量方式，最常見兩種衡量指數為衡量帳面消費者物價的消費者物價指數，和衡量新出現的商品和服務的通貨膨脹的GDP平减指数。 主流經濟學家對於通貨膨脹起因的看法可大略分為兩派，「貨幣主義者」相信貨幣是通脹率數值最主要的影響，「凱因斯主義者」相信貨幣、利率和產出間的相互作用才是最主要的影響，凱因斯主義者也傾向除了一般標準消費性商品物價通脹外再另附上生產性商品（資本）通脹。其他理論，例如奧地利經濟學派，相信通膨是中央銀行增加貨幣供給導致。簡單地說，當政府發行了過多貨幣時，貨幣貶値，物價上升。 相關概念包括： 通貨膨脹減緩（disinflation），意指通脹率的降低。 惡性通貨膨脹，意指通脹失去控制急遽增加。 停滯性通脹，又稱滯脹，意指通脹率與失業率同時增加。 通貨再膨脹（reflation），意指企圖提高物價以反制來自通貨緊縮的壓力。在古典政治經濟學，「通貨膨脹」意指增加貨幣供給，通貨緊縮則是減少，增加貨幣供給的目的是為了容納實質GDP的增長。一些學派的經濟學家，通常被歸類為自由意志主義者、古典自由主義者或超保守主義者，仍然採用這種用法。在主流經濟術語這則被稱為擴張性和緊縮性貨幣政策。
无力偿付,无力偿付，亦称资不抵债，是指债务人失去了支付债务的偿付能力。 无力偿付与破产相关但是不同。破产指法律确定的无力偿付和相关的破产解决方式。通常债务方发现无力偿付而申请破产保护；或债权方把债务方带上法庭企图强迫偿付或扣押债务方财产。 传统上，债权方把债务方带上法律，强迫债务方偿付，即使债务方需要拍卖财产。这种清算可能对债务方造成很大经济伤害，债务方可能只是有短期的资金流动问题。现在，为了扶助债务方的安宁或继续营业，许多国家的破产法設有破產保護等制度，让债务方用非清算手段来解决无力偿付，比如债务重组。各个地区的法律不同，有些地区还是要求无力偿付的公司停止经营。 无力偿付与负净资产（负债超过资产）不同。企业可以有足够的未来收入来支付债务。
保險,保险，在法律和经济学意义上，是一种风险管理方式，主要用于经济损失的风险。保险被定义为透过缴纳一定的费用，将一个实体潜在损失的风险向一个实体集合的平均转嫁。 其实通俗地讲，就是一旦加入某个团体，就 “ 一人有难，大家平摊 ” ，是以货币形式平摊的社会风险转嫁机制。 现代的社会保险制度是由19世纪德国的铁血宰相奥托·冯·俾斯麦为了与社会主义运动争夺工人阶级而首先创建的，此后的欧洲各国也纷纷效仿，今天已经成为维护现代社会正常运转不可缺少的一环。
利息,利息，指负债方为借债向债权人所付的补偿性费用。对于借债方来说，利息是借钱的代价；对于提供贷款或购买债券的投资者来说，利息可以部分抵消债务投资的信用风险和机会成本。 利息主要分為單利息和複利息兩種。
利率平价,利率平价（英语：Interest rate parity），也称作利息率平价，指所有可自由兑换货币的预期回报率相等时，外汇市场所达到的均衡条件。所以在此假定条件下，套利将不会发生。這一現象在現實生活中因為違約、徵稅等因素而不完全成立。
內部報酬率,內部回报率（英文：Internal Rate of Return，縮寫：IRR）是一種投資的評估方法，也就是找出資產潛在的回报率，其原理是利用內部回报率折現，投資的淨現值恰好等於零。內部收益率（IRR）衡量投資的收益率。 “ 內部 ” 一詞是指內部利率不包括外部因素，如通貨膨脹，資本成本或各種金融風險。 以風樂公司為例，由於利率為7 % 時的淨現值為3003仟元，表示淨現值為零時的利率應該大於7 % ，假使我們用12 % 計算淨現值將為負數的303仟元，利用插补法可以得出內部回报率約為11.5 % . I R R
国际金融学,国际金融学本质上是开放经济（open economy）的货币宏观经济学，因而它往往被认为是货币银行学的一个必然组成部分，主要关心在一个资金广泛流动和灵活多变的汇率制度环境下，同时实现内外均衡的条件和方法。
國際投資協定,國際投資協定是國家或地區之間的條約，針對有關跨境投資的事宜，旨在保護、促進和開放投資。其主要涵蓋外商直接投資 （FDI）和證券投資等項目，但有些不包括後者。締結協定的地區承諾，對外國在其領土內的投資，實施協定的標準。協定同時列明解決爭端的程序，以便應付這些承諾無法實現的情況。 最常見的類型是「雙邊投資條約」和「優惠貿易和投資協定」。國際稅務協定和避免雙重徵稅條約，也被視為國際投資協定，因稅收通常對外國投資具有重要影響。
存貨週轉,存貨周轉是指由企業購置貨品，直至出售之間的週期。
投资,投资在財務（金融）及經濟方面，各有不同的意義。財務投資是透過完善的分析，對於本金、收益可達一定程度的預估，將資金投入那些預期有所增長的標的上。而完全對立的作法，像未經分析、且在本金及回報上也沒有把握，亦不考慮風險就投入資金者，就是投机、或赌博。因此，有些並未經過完善分析，即買進股權持有者，例如買進共同基金的人，也可以稱為投機者。事實上，根據效率市場假說，即使針對股市資料來完整分析者，也不算是理性。依此定義延伸下去，所有自以為理性的股權持有者，也不能視為投資者，而是投機者。 投資與储蓄、或遞延消費，具有一定的相關性。投資牽涉到許多經濟領域的活動，例如企（事）業管理、及財務金融等，無論是為家計、事業、或政府。 投資、投機及賭博的不同： 持有投資標的的期間不同：投資最長，投機次之，賭博幾乎不持有。 分析的程度不同：投資所做分析最完整，投機大部份是小道消息，賭博靠運氣。 獲利的成份不同：投資會有孳息，其他兩項則只會出現一次。 結果的出現時間：投資需要一定投資期間，投機期間很短，賭博幾乎是立即。
证券经纪人,证券经纪人是与证券自营商相区别的。证券经纪人可以代客户买卖证券、基金、認股證及其他衍生產品，从而获得费用或佣金收益。 在證券交易中，買賣雙方通常需由證券經紀在交易所代表客戶進行交易，一般人是不能擅自私下與他人進行買賣。證券經紀亦可為客戶提供投資股票及基金等意見。
证券投资基金,"证券投资基金，或稱集合投資計畫（Collective Investment Scheme , CIS）、投資信託，是按照利益共享、风险共担的原则，将分散在投资者手中的资金集中起来委托专业投资机构进行管理和运用的投资工具。 基金所操作的有价证券包括股票、债券、外汇、货币、金融衍生工具等。"
投资学,投资学研究如何把个人、机构的有限资源分配到诸如股票、国债、不动产等（金融）资产上，以获得合理的现金流量和风险-收益特征。 其核心内容就是以效用最大化准则为指导，获得个人财富配置的最优均衡解。
投資者,投資者（英语：Investor），资金作为闲餘社会资源，通过投资者投资，将资金汇聚到社会重要产业环节中，创造财富同时分担风险和收益。在资本市场，從事投资的人們。投資者付出的是资本，承擔的是商業風險，收取的是利润，從经济学的角度，投资者關心的是投資報酬率，重視的是风险管理。投资者主体包括個人、家庭、企业和政府。
投资者—国家争端解决,投资者—国家争端解决英文为investor-state dispute settlement，缩写为ISDS。 在传统国际法上，争端解决程序仅适用于国家之间。如果外国投资者的权益遭受东道国不法措施的侵害，其只能寻求母国的外交保护。
伊斯蘭銀行,伊斯蘭銀行指的是遵循伊斯蘭教律法以及《古蘭經》指引的伊斯蘭金融體系銀行。此類銀行最大的特點是禁止里巴，另外也避免有風險的金融商品操作。 此類銀行原本只在穆斯林人口為主的國家盛行，但近幾年來也逐漸在歐洲、美國等地拓展據點，成為國際間不小的金融勢力。
角 ( 货币单位 ),角是貨幣單位，1元=10角，1角=10分。
土地創富投資,土地創富投資 （或策略性土地投資）的做法是購買未經開發的土地，並持有一段時間直至這有利可圖時出售給其他買家，以賺取利潤。 土地是受歡迎的投資產品，因為相對股票或債券， 土地是一個有形資產 。 預期土地價值增加的原因有：通貨膨脹，土地用途轉換為住宅，或在土地中提取天然資源。 適宜策略性土地投資的地塊多坐落於迅速發展的城市區域或鄰近道路上。 最初的目標是購買未開發的土地， 因它位於城市發展的區域，使其價值增加 。投資目的是找出這些具潛力的土地，然後等待地價上升，並出售與發展商加以開發。
贌,贌（荷蘭語：Pacht；闽南语：Pa̍k）為荷蘭東印度公司在台灣實行的特殊承包制度，意指將某項經營活動的獨佔權以拍賣出售，其他人不能侵犯承包商的權利。獨佔權通常一年到期，得標時承包商須先繳納一些預付款，餘款等到期後才繳清。從廣義上而言，贌即為課徵不同形式的間接稅，有時也叫稅收承包制。
租約,租約又名租單。譬如屬於商業合約之一的房地產租約，又名出租房合約，在一般情況下，合約條款通常訂明有關：按金、上期、免租期、「一年生約、一年死約」、包差餉、物業管理費，傢具、空氣調節、裝修，而水費、電費、煤氣、寬頻自付，不可分租，不可作非法用途等的規定。租約亦可以是其他租機械、租電器、汽車租賃等的合約。
最不发达国家,最不发达国家（也稱作最低度开发国家、未开发国家，英语：Least developed country，縮寫：LDC、LDCs）是指那些经联合国认定的社會、經濟發展水平以及人類發展指數最低的一系列国家。 “ 最不发达国家 ” 一词最早出现在1967年10月77国集团通过的《阿尔及尔宪章》（Charter of Algiers）中。最不發達國家的概念最初出現於1971年11月18日的聯合國第2768號決議案。目前，联合国经济及社会理事会每三年根据发展政策委员会的建议对 “ 最不发达国家名单 ” 作一次审查。聯合國貿易和發展會議每年都會发表《最低度開發國家報告》。
法律责任,"法律责任（英语：Legal liability）是由特定法律事实所引起的对损害予以补偿、强制履行或接受惩罚的特殊义务，亦即由于违反第一性义务而引起的第二性义务。即所做行為應遵守相關法律條文之義務 , 若違反便需接受法律懲處。"
信用证,信用证（英语：Letter of Credit，常用縮寫：L/C），是国际结算的一种主要的结算方式。因其为银行风险而非商业风险，较为安全可靠，故广泛被采用為交易方法，但相對地，信用狀的相關费用较高，形成交易成本的增加。 信用证的开具必须由付款人向银行申请。开证行在付款人缴纳开证费用和保证金之后，开证行会开具信用证，保证在符合一定条件的情况下向受益人付款。根据开具方式的不同，可以分为信开信用证和电开信用证两种。信开信用证是指开证行开具纸质信用证，并且上面盖章和加编密押，通过邮寄的形式送达通知行。电开信用证是指开证行在信用证上面加编密押之后通过电传的形式送达通知行。虽然开具信用证的时候是以购销合約为依据，但是信用证开具以后不会受到购销合約的约束，如果合約发生变更，只要受益人符合信用证上面记載的条件，银行仍然会向受益人付款。根据分类依据的不同，信用证可分为跟单信用证和光票信用证、保兑信用证和非保兑信用证、即期信用证和远期信用证、可撤销信用证和不可撤销信用证等。
資金槓桿,資金槓桿 ( 英语：Leverage 或 Gearing ) ，例如操作具有10倍契約保證金或權利金價值的期貨或選擇權商品契約。這都是當時的企業過度舉債投資於高風險的事業或活動，遇到投資獲利不如預期時，槓桿作用的乘數效果，加速企業的虧損以及资金的缺口，到影響整體的經濟環境。而負債比就是資金槓桿，負債比越高，槓桿效果就越大。然而資金槓桿的乘數效果是雙向的，當公司運用借貸的資金獲利等於或高於預期時，對股東的報酬將是加成；相反的，當獲利低於預期，甚至發生虧損時，就有如屋漏偏逢連夜雨，嚴重者就是營運中斷，走上清算或破產一途，使得股東投資化成泡沫。 所以自然人和企業的經營者應該很嚴肅的看待這個比率。尤其是企業擴張或從事併購而有長期的資金需求時，應謹慎評估金募集決策對負債比的影響。企业的投資報酬率與净资产收益率的關係，顯示出經營者是否有效利用資金槓桿，當企業沒有負債或負債金額佔資產的比例很小時，這兩個比率會相等或很接近。增加的資產而獲致較股東供的資金本身高的利润。當然，財務報表所表達的為已發生的事實，未來是否會持續產生相同的效果，有賴決策者根據各項資料綜合判斷。 這是衡量一家公司的資金槓桿的另一種方式。它表達企業的資源由負債提供的比重，其比重越高代表資金槓桿越大。由於負債來源的資金，是負擔固定的利息費用。站在股東的立場，企業營運獲利良好時，可達到以小搏大的效果，固定的利息費用可能是企業無法輕易擺脫的梦魇，這也是任何槓桿效應的雙向乘數。
槓桿租賃,槓桿租賃（Leveraged Lease）又稱為第三者權益租賃（Third-party Equity Lease）、其乃是融资租赁的方式之一，是介於承租人、出租人及貸款人（Lenders）間的三邊協定；是由出租人（租賃公司）本身拿出部分資金，然後加上貸款人提供的資金，以便購買承租人所欲使用的資產，並交由承租人使用；而承租人使用租賃資產後，應定期支付租賃費用。通常出租人僅提供其中20 % ~40 % 的資金，貸款人則提供60 % ~80 % 的資金，贷款人即获得设备的所有权。杠杆租赁主要用于资本密集型设备的长期租赁业务，例如飞机、卫星系统等。
信用額度,信用額度指貸方依據借方的信用條件進行評鑑且量化後，決定可以提供給借方多少借貸金額的評鑑結果。此金額會因為區域、收入、負債、工作、任職企業、公司職位、財產等條件因素，由貸方單方面決定。貸方會因為借貸方式的不同，而決定提供給借方多少的信用額度。 由於信用額度已經是貸方依據借方現有的條件下所可以償還的金額，所以通常在這樣的條件下所成立的借貸行為都是無擔保借貸，此意味者借方要有越高的信用額度，借方的各種條件都必須相當優良，貸方才會願意提供越高的借貸金額。
链路预算,链路预算（link budget），是在一个通信系统中对发送端、通信链路、传播环境（大气、同轴电缆、波导、光纤等）和接收端中所有增益和衰减的核算。其通常用来估算信号能成功从发射端传送到接收端之间的最远距离。
各国商业银行最優惠利率列表,这是一个各国商业银行简单平均最優惠利率列表。这些数据来自世界概况。 == 备注 ==
各国外债列表,以下列出世界各國的外債概況，債務人包括政府、企業或個人。
Category : 金融經濟學家,
倫敦債務協定,倫敦債務協定 ( 德語：Londoner Schuldenabkommen ) ，是德意志聯邦共和國與債權國於1953年簽訂的債務減免條約。談判是於1953年2月27日到8月8日在英國倫敦進行。倫敦債務協定涵蓋了第二次世界大戰前後不同類型的德國債務。其中部分直接來自對於二戰的賠償，部分來自一般的貸款，主要是由美國投資者借給德國企業和政府。德國從一戰後來自凡爾賽條約的160億德國馬克的債務還沒有償還，德國決定償還，這筆錢是欠政府和美國，法國和英國的私人銀行。另有160億德國馬克是美國戰後貸款。 倫敦債務協定將償還額減少了50％至大約150億德國馬克，還款期超過30年，對於快速增長的德國經濟影響不大。債務減免使德國的財政狀況好轉，催生了德國的經濟奇蹟。 == 參考文獻 ==
多头,作多（英语：long position）又稱買空，與空頭（賣空）相反，指投資人買入證券部位後，持有不出脫的操作方式。通常預設後市看好看漲，是傳統的證券操作方式。股票投资人根据股市行情价格波动而进行波段操作，在低位买入高位卖出，即高抛低吸。
市場趨勢,投資學中，普遍相信市場趨勢存在於金融市場。，並大致可分為主要趨勢，次要趨勢（短期）和持續趨勢（長期）。市場價格根據趨勢而移動是技術分析學說的主要假設；在股票市場中，有關市場趨勢的論述俯拾皆是。與之相對的是隨機遊走假說，認為所謂的市場價格「趨勢」只是隨機變動的累積結果。 市場趨勢意指市場價格在一段時間內循等定方向移動。牛市和熊市分別代動向上和向下的市場趨勢，可用作形容整體大市或個別行業的證券。
阿马鲁西奥,阿马鲁西奥（希臘語：Αμαρούσιο，Amarousio，或希臘語：Μαρούσι，Marousi），希腊城市，位于雅典东北10公里，属雅典的卫星城市。阿马鲁西奥历史悠久，可追溯到古希腊共和国时期。 == 参考文献 ==
夹层资本,在金融界，夹层资本（英语：Mezzanine capital）是任何次级债或优先股权工具，代表对公司资产的索赔，该资产仅高于普通股的资产。夹层融资可以是债务（通常是无担保和附属票据）或优先股。 与担保债务或高级债务相比，夹层资本通常是公司更昂贵的融资来源。与夹层融资相关的较高资本成本是其在公司资本结构中的无担保、次级（或初级）义务的结果（即在违约的情况下，夹层融资仅在所有高级债务已经到期后偿还）。此外，夹层融资通常是私募，通常由较小的公司使用，并且可能涉及比高收益市场中的问题更高的总体杠杆水平 ; 因此他们涉及额外的风险。为了弥补风险的增加，夹层债务持有人要求的投资回报高于有担保或更高级的贷款人。
意大利經濟財政部,意大利經濟財政部（Ministero dell'Economia e delle Finanze）是意大利掌管國家經濟財政的最高機關，按照1999年通過的300號法令，於2001年成立。現任部長為托馬索·帕多阿-斯基奧帕（Tommaso Padoa-Schioppa）。
大韩民国企划财政部,企划财政部（朝鮮語：기획재정부／企劃財政部），大韩民国的国家行政机关之一。部门首脑称企画财政部部長（朝鮮語：기획재정부 장관／企劃財政部 長官），同时兼任国务委员。相当于各国的财政部。
捷克共和国财政部,捷克共和国财政部（Ministerstvo financí České republiky），捷克政府部门之一，1969年设立。捷克财政部办公地位于布拉格小城。
希腊财政部,希腊财政部 ( 希腊语 : Υπουργείο Οικονομικών ) ，希腊政府组成部门之一，负责希腊国家公共财政。现任财政部长为亚尼斯·斯图纳拉斯。
財務省,財務省（日语：財務省／ざいむしょう Zaimu shō ? ，英文譯名：Ministry of Finance）是日本中央省廳之一，首長為財務大臣。英語簡稱為MOF（日語：モフ）。前身為大藏省，2001年1月6日隨著中央省廳再編的實施而成立。國家的預算、税制、貨幣、國債等公共財政事宜都屬於其職權。 根據財務省設置法第3條，財務省任務為「確保健全的財政、實現適當且公平的課稅、妥善營運稅關業務、妥善管理國庫、維護對貨幣的信任及確保外匯的安定」。
马来西亚财政部,马来西亚财政部（馬來語：Kementerian Kewangan Malaysia；英语：Ministry of Finance），缩写为MOF，是马来西亚政府的一个部门，负责政府支出和为国家带来收入。该部的职责是制定财政政策及准备财政预算案。财政部也监督金融立法和监管。财政部长的职能为管理财政部和该旗下机构。现任财政部长是希望联盟民主行动党的林冠英，其总部设在行政首都布城内。
荷蘭財政部,荷蘭財政部（Ministerie van Financiën）負責國家預算、稅務和財經政策，以及監督金融市場。
安大略省財政廳,安大略省財政廳（英文：Ministry of Finance，亦譯安大略省財政部門），是安大略省政府其中一個部門，負責管理加拿大安大略省的財政、金融和相關監管事物。該部門以前在英文名為Treasurer of Ontario，但後來為標準化所有加拿大省份部門名稱的緣故，改為現名。 1867年至1993年期間，該部門部長被稱為Treasurer或Provincial Treasurer。 1956年，該部門改名為Ministry of Economics，而部長被稱為Minister in charge of Economics，以之替前Treasurer之稱。1961年1月至12月，部門又改名為Ministry of Economics and Federal and Provincial
財政部 ( 新加坡 ),"新加坡財政部（英文：Ministry of Finance，縮寫：MOF），是新加坡政府的一个部门，负责規範新加坡經濟的結構及管理新加坡的金融機構，規模約1,523名人員。现任财政部长是人民行动党的王瑞杰。"
中華民國財政部,財政部是中華民國全國公共財政的最高主管機關，也是中華民國最早設置的中央政府部門之一。除掌理中央政府的公共財政外，並負責監理各地方政府的財政事務。
中华人民共和国财政部,中华人民共和国财政部，是中华人民共和国国务院負責财政事务的组成部门。
户部,户部是中国古代官署名。其長官為户部尚书。
大藏省,大藏省（日语：大蔵省／おおくらしょう Ōkura shō ? ）是日本過往的最高財政機關，成立於明治維新時期、至2001年隨著中央省廳再編而解散，為現今財務省之前身。
行動支付,行動支付是指使用行動裝置進行付款的服務。在不需使用現金、支票或信用卡的情況下，消費者可使用行動裝置支付各項服務或數位及實體商品的費用。雖然使用非實體貨幣系統的概念已存在許久，但支援此系統的科技直到近期才開始普及。 行動支付在世界各地以不同的形式應用。在中華人民共和國，行動支付比率比 已開發國家远远高出，已走在世界前列。 形式問題也會導致行動支付的比例提高。主要的行動支付方式共有五種類型：簡訊為基礎的轉帳支付、行動帳單付款、行動裝置網路支付（WAP）、應用程式支付（APP）和非接觸型支付（NFC）。此外，在海地等國家也開始出現行動服務營運商與銀行合作的支付方式。 許多公司提供了行動支付的解決方案，包括金融機構和信用卡公司、網路服務公司（例如Google）、行動通訊服務營運商、主要的通訊網路基礎建設商（例如Orange的w-HA）以及生廠行動裝置的跨國公司（例如Ericsson、BlackBerry和蘋果公司）。
莫迪尼亚尼-米勒定理,莫迪尼亚尼-米勒定理（英语：Modigliani–Miller theorem，简称MM定理），經濟學理論，由经济学家弗蘭科·莫迪利安尼和默顿·米勒提出，它是现代资本结构理论的基础。该定理认为，在不考虑税，破产成本，信息不对称并且假设在有效市场里面，企业价值不会因为企业融资方式改变而改变。也即是说，不论公司选择发行股票或者卖债券，或是采用不同的红利政策，都不会影响企业价值。因此莫迪尼亚尼-米勒定理也被称为资本结构无关原理。 莫迪尼亚尼因此获得1985年诺贝尔经济学奖，米勒与哈里·马科维茨和威廉·夏普一同获得1990年诺贝尔经济学奖。
道德风险,道德風險（英语：Moral Hazard）是指參與合約的一方所面臨的對方可能改變行為而損害到本方利益的風險。 比如说，当某人获得某保险公司的保险，由于此时某人行为的成本由那个保险公司部分或全部承担。此时保险公司面临着道德风险。如果此人违约造成了损失，他自己并不承担全部责任，而保险公司往往需要承担大部分后果。此时某人缺少不违约的激励，所以只能靠他的道德自律。他随时可以改变行为造成保险公司的损失，而保险公司要承担损失的风险。
全国中小企业股份转让系统,全国中小企业股份转让系统（英语：National Equities Exchange and Quotations，简称NEEQ），简称股转系统，俗称新三板，是经中华人民共和国国务院批准设立的中国大陆证券交易场所，为非上市股份有限公司的股份公开转让、融资、并购等相关业务提供服务。
負資產,"負資產一詞指當一項被用在抵押保證而取得貸款、惟市值比尚未清還的本金現值還低的資產。這些資產大多數為物業或者土地，亦可能為汽車，或者大型電腦等等物品。 在物業市場內，這種由於物業的市值低於原先用來購買物業的借款（樓宇按揭）的現象，通常在物業價格普遍下跌後發生。這也表示，如果借款人無法還清購買物業所用的款項，貸款人即使把物業沒收或者是轉賣，都不能夠填補差價。借款人最終失去物業的同時，依然負債。 英國（1991年到1996年）和香港（1998年到2003年）在經濟衰退期間都出現負資產的情況。期間失業率上升，樓價下跌，導致銀行或房屋協會在物業價值低於欠款下，紛紛沒收這些按揭中的物業。 根據香港金管局的資料顯示，香港負資產問題最嚴重的時期為2003年6月，當時共有約105,697宗負資產按揭，佔所有按揭的22 % ，涉及金額1,650億港元，按揭金額與抵押的比例為128 % ，估計這些貸款的無抵押部分約值360億港元，意味著香港銀行單在按揭市場便需承擔360億港元的壞帳風險。"
折扣,折扣是指原本的價格變成較便宜的定義。通常會有折扣的情形，於有折扣活動、打折活動或折扣條件出現的頻率較高。 企業折扣：指企業給予之折扣，在會扣應列入帳簿裡記帳。 活動折扣：指在活動期間的折扣條件，具有時間性。故此種折扣形式雖然廣受歡迎，但是因為受限於時間限制，所以不時間隨意延長。在會計裡此種折扣應不列入帳簿裡記帳。 現金折扣：指企業給予顧客一段期間還清債，但同時企業可能因此折扣，所以會比原本應收之帳款還要少。在會計裡，此種折扣要列入帳簿裡記帳。 數量折扣：指有達到一定的數量要求所得到的折扣。 功能折扣 季節折扣：指在特定季節期間所特有的折扣，例如：春季新品特賣會。 折扣條件：指此折扣在發生前有其相對之條件，必須符合條件才有對應之折扣。在會計裡，此種折扣要列入帳簿裡記帳。 折讓：通常指雙方協定後同意的讓免部份。 讓免：通常指價格數目較大時，最後的末幾碼讓免。 減免：指有相關單位補助之部分，如政府補助、企業補助等。
淨現值法,"== 定義 == 此方法的理論是將投資的未來現金流量，全部折現成投資始日的價值，稱為該投資的淨現金流量，或稱為淨現值（NPV , Net Present Value）。假設投資的淨現值為正數，代表該投資的結果可以增加企業的價值 ; 反之，如果投資評估的淨現值為負數，代表此投資會減少企業的價值，不應該接受。 淨現值（NPV）通過計算每個投資期間的成本（負現金流）和收益（正現金流）來確定。期限通常為一年，但可以按季度，半年或數月來衡量。在計算每個時期的現金流量後，每個時期的現值（PV）是通過以定期收益率（市場規定的收益率）貼現其未來價值（見公式）來實現的。 當然淨現值為正數仍不代表該接受此投資建議，或許存在其他淨現值更高的投資機會。在多項投資案並陳時，應選擇淨現值最高的投資案。淨現值是多數企業進行投資評估時的依據，因為它將投資期間的所有現金流量納入考慮，並且以折現後的金額做計算。"
日本橋 ( 東京都中央區 ),日本橋（日语：日本橋／にほんばし Nihon bashi */ ? ）是位於日本東京都中央區的橋梁，橫跨日本橋川，中央通穿越其上；橋上置有東京都的道路元標，即日本道路網的起點。廣義上，「日本橋」亦是該橋鄰近地帶的名稱，並做為該橋鄰接地區的町名，為東京重要的商圈與金融區之一。
Nxt,Nxt 是一種开放源码加密货币及支付平台，由匿名软件开发人员BCNext於2013年推出。它采用持有量証明以達成交易共識，與比特幣不同，它有固定的代幣供應量而沒有挖礦機制。Nxt的推出旨在建立一個適合應用程序開發及提供財政服務的彈性平台。 Nxt在ESMA的徵集証據報告中等到廣泛報導。
奉獻禮,奉獻禮（拉丁文：offertorium，英文：offertory）是聖餐禮的部分，將麵餅和葡萄酒隆重地放在祭台上。 奉獻禮進行時也可能又收集教友所捐出的施舍。 在有奉獻禮的基督教宗派之中，對於聖餐禮的神學可能有所不同。 在天主教羅馬禮，｢準備祭品」（英文：preparation of the gifts）亦與奉獻禮有同義。
柜台买卖,柜台买卖或稱店頭市場、場外交易（英语：Over-the-counter或OTC），為有价证券不在集中市场上以竞价方式买卖，而在证券商营业柜台以议价方式进行的交易行为。由柜台买卖所形成的市场，称为柜台买卖市场。證券交易所具有促進流動性，提供透明度和維持當前市場價格的好處。在場外交易中，價格不一定是為公眾公佈的。 柜台交易的優點是買賣雙方可以洽談特別交易條件，不需依照集中市場的標準合約交易，例如買賣一年以上的遠期外匯（集中市場不提供遠期外匯交易）。但柜台买卖的缺點是市場資訊較不公開，且無證券交易所保障履約，到期履約風險大。所以一般说来，店頭市场的风险比正规的交易所要大，股票的价格浮动也会更大。相對地，集中市場交易依照標準合約，由電腦撮合交易，交易量大，價格資訊透明公開，交易迅速，而且有證券交易所保障交易安全。例如期貨買賣，證券交易所會保障買方有足額的保證金，到期如約交割。集中市場的缺點是無法提供特別交易契約。
銀行透支,銀行透支（英语：Bank overdraft）金融機構（銀行或信用合作社）放款授信的一種。透支意超額支出，使用在「存款」上，表明客戶使用超過其存款的款項。 金融機構經授信流程，授予使用額度，允許客戶於存款不足以支付款項時，由金融機構在使用額度內墊付不足部分。金融機構就墊付部分視為貸款，並可能給予免息期。存款戶需就超過免息期未償還之貸款支付利息，並得隨時清償。 透支為依附存款的放款，具有「用多少，借多少；隨借隨還」的特性。甚至可能給予免息期，於免息期間無須負擔利息，便於客戶短期資金調度。但超過免息期，則具有較高的利率。 透支所產生的未償還之利息，在授信額度內，會視為新增的動用金額，形成為一種複利。
隔夜拆息,隔夜拆息（英语：Overnight rate）是一个金融名词。所谓拆息是指 “ 拆借利息 ” 。 “ 拆借 ” 是指银行与银行之间的借贷。 例如，银行甲有高端储户需要提款，而银行甲没有足够的储备金（一般来说是全部储蓄的25 % 左右）提供给储户，于是银行甲有可能向银行乙进行拆借，以凑足提供给储户的资金。
市净率,"股票的市净率（Price-to-Book Ratio , PBR , P/B），又名市账率、股價淨值比，指每股市价除以每股净资产，通常作为股票孰贱孰贵的指标之一。"
本益成長比,本益成長比（Price/Earnings to Growth Ratio，PEG），又稱動態股價收益比，最早是由英國投資大師吉姆·史萊特（Jim Slater）提出，經由美國證券投資家彼得·林奇（Peter Lynch）發揚彰顯，史萊特因而被稱為PEG選股法的創始人。PEG指標最先應用於英國證券市場，然當時英國證券市場的影響力較小，該指標並未引起國際間較大的關注。1992年，史萊特的著作《祖魯法則》（The Zule Principle）出版，始將PEG應用在投資和選股的方法推廣到美國。而後，在美國投資大師彼得·林奇的用心推廣下，終於獲得世人的看重，後人甚至將PEG方法的功績歸功於彼得·林奇。 PEG的选股指标，结合考虑了目标企业的市盈率（本益比）水平和未来盈利的成长性。一般认为当PEG为 1 时估值合理，数值越低则意味着股价越被低估。史萊特甚至認為要找PEG低於0.75的股票，最好是能低於0.66。
阅兵广场 ( 苏黎世 ),阅兵广场（Paradeplatz）是瑞士苏黎世市中心的一个广场，位于车站大街。这里是瑞士最昂贵的房地产之一，是财富和瑞士银行的同义语。瑞银集团 和瑞士信贷集团的总部都设于此。 此广场位于中世纪城墙外，1642年的新城墙将其纳入城内。在17世纪，这里是一个牲畜市场，称为猪市场（Säumärt），1819年更名为新市场（Neumarkt），1865年开辟车站大街后改为现名。 广场东侧的Baur en Ville酒店开设于1838年。 阅兵广场是苏黎世电车网络的主要枢纽之一，2路、6路、7路、8路、9路、11路、13路和17路在此停靠。
圣保罗人大道,圣保罗人大道（葡萄牙語：Avenida Paulista），或音譯為保利斯塔大道，是巴西最大都市圣保罗的一條繁華街道、也是該城最重要的經濟與金融中樞、觀光景點和娛樂中心之一，长2.8公里，呈西北－東南走向，于1891年正式开通。大道周邊的商辦、企業總部、摩天大廈與文化設施雲集，沿線地段還分布有全南美洲最昂貴的幾處房地產。聖保羅地鐵的2號線沿著該路鋪設，設有3座車站。
网络借贷,网络借贷，也称社交借貸、P2P借贷（P2P lending），是指个体和个体之间通过互联网平台实现的直接借贷。个体包含自然人、法人及其他组织。网络借贷作为新型借贷平台，其快速增长给传统借贷带来压力，并迫使其转型。由於提供這些服務的點對點貸款公司通常在線運營，因此它們可以以較低的管理費用運營，並且比傳統的金融機構更便宜地提供服務。
共享經濟,共享經濟（Sharing economy），有别于租賃經濟，是一种共用人力与资源的社會運作方式。它包括不同个人与组织对商品和服务的创造、生产、分配、交易和消费的共享。常见的形式有汽车共享、拼车、公共自行車，以及交換住宿等。与此同时，共享经济又具有弱化拥有权，强化使用权的作用。 理论上，在共享经济体系下，人们可将所拥有的资源有偿租借给他人，使闲置资源获得更有效的利用，从而使资源的整体利用效率变得更高。但是事实上，目前大量营利公司所宣扬的 “ 共享经济 ” 并不是利用闲置资源，而是制作了那些专门用于 “ 共享 ” 的商品，本质上就是 “ 租赁经济 ” ，营利公司为了占有市场，大量投放 “ 共享 ” 商品，造成大量浪费，产生各种问题，完全违背了其声称的 “
共享經濟,共享經濟（Sharing economy），有别于租賃經濟，是一种共用人力与资源的社會運作方式。它包括不同个人与组织对商品和服务的创造、生产、分配、交易和消费的共享。常见的形式有汽车共享、拼车、公共自行車，以及交換住宿等。与此同时，共享经济又具有弱化拥有权，强化使用权的作用。 理论上，在共享经济体系下，人们可将所拥有的资源有偿租借给他人，使闲置资源获得更有效的利用，从而使资源的整体利用效率变得更高。但是事实上，目前大量营利公司所宣扬的 “ 共享经济 ” 并不是利用闲置资源，而是制作了那些专门用于 “ 共享 ” 的商品，本质上就是 “ 租赁经济 ” ，营利公司为了占有市场，大量投放 “ 共享 ” 商品，造成大量浪费，产生各种问题，完全违背了其声称的 “
退休金,退休金（英语：Pension）指的是一個人因為年齡或其他因素從職場退出時，公司或雇主必須給予退休僱員的一筆較大額酬勞。這筆金額，僱員可以選擇要一次提領全額（一次性退休金），或是分期以年金（終身俸）方式領取。 退休在不同的國家及職業有不同的法定年齡或工作年資，滿此年齡或年資的職員，被視為應該退出職場，將位置讓給年輕人。此時雇主必須給予一筆大額金錢作為勞工勞苦一生的獎勵，並以此作為不工作後的養老生活費和醫療費來源。 各國退休金一般可分為三種型式：一為國家出資給付的年金，二為以受雇者在職時繳納退休基金及企業為受雇者提撥金為財源的年金，三為個人為自己退休準備的儲蓄投資（例如商業保險、基金投資等）。
个人预算,个人预算是一个用于分配未来个人收入用于消费，储蓄和偿债的财务规划。制定个人预算需要考虑曾经的开支和个人债务。有几个方法和工具可利用于制定、使用和调整个人预算。
投資組合,投資組合（Investment portfolio），又名資產投資組合，所重視的是資產，例如股票、债券、外幣、期权、貴金屬、金融衍生工具、房地产、土地、古董、上市公司地位（俗稱「殼」）、藝術品、及至紅酒等。一個投資組合是一個投資者手上持手的資產性投資組合的成分，其中可分類為進取型、保守型等。一個優質的資產投資組合最理想的是具高流動性、平穩及较高收益、低投資風險等。 資產投資組合的成份不會包括消費品，例如跑车、电视机、化妝品、成衣等，因為它們都並無增值潛力，甚至只有折舊。 投资组合风险和收益的计算如下： Portfolio Risk For Example Correlation Coefficient = .4 Standard Deviation = weighted avg = 33.6 (
盈余惯性,在经济学和会计学中，盈余惯性（post–earnings-announcement drift，PEAD）是一种在财务公布后的数周甚至数月内，仍然向超额回报方向连续获取超额收益的趋势。 通常认为公司的财务现状被公布后，信息应当很快被投资者消化并反映在市场价格中。然而，长久以来被注意到，实际情况并非如此。对于那些获得了季度性较高利润的公司，他们的超额资产回报倾向于在公布盈利额度后向该方向再 “ 漂移 ” 至少六十天。类似地，报告较差的公司同样倾向于向不利方向漂移同样长的时间。这种现象被称为盈余惯性。 该现象首先由Ray J. Ball和P . Brown在《会计学期刊》的 “ An empirical evaluation of accounting income numbers
現值,在给定的时刻，一次（或多次）该时刻之后发生的现金（现金流）在该时刻的价值（总和）称为现值。这个概念反映了金钱的时间价值，以及金融风险等诸多因素。现值计算为发生时间不同的现金流提供了基准相同的比较方法，因而被广泛应用于商业和经济学中。
限价,限价（Price limit）是金融交易中的一个名词，指的是在任意一个交易日中参照前一个交易日的结算价设置报价的上下限，对当日涨跌区间进行限制。限价的最高价称为 “ 涨停 ” 价（limit up），最低价称为 “ 跌停 ” 价（limit down）。在当个交易日中，交易系统不接受高于涨停价或低于跌停价的委托报价。 设置限价机制的目的主要是为了防止金融市场或期货市场的价格波动太大。在中国，A股与B股的涨跌幅限制一般为±10 % ；ST股票为±5 % ；新股上市首日则不做涨跌停限制。
市盈率,股票的市盈率（Price-to-Earning Ratio，P/E或PER），又稱為本益比，指每股市價除以每股盈利（Earnings Per Share，EPS），通常作為股票是便宜抑或昂貴的指標（通货膨胀会使每股收益虚增，从而扭曲市盈率的比较价值）。市盈率把企業的股價與其製造財富的能力聯繫起來。 每股盈利的计算方法，一般是以该企业在过去一年的净利润除以总发行已售出股数。市盈率越低，代表投资者能够以相对较低价格购入股票。假设某股票的市价为24元，而过去一年的每股盈利为3元，则市盈率为24/3=8。该股票被视为有8倍的市盈率，即在假设该企业以后每年净利润和去年相同的基础上，如果不考虑通货膨胀因素，回本期为8年，折合平均年回报率为12.5 % ，投资者每付出8元可分享1元的企业盈利。但上市公司通常只會把部分盈利用來派發股息，其餘用來作進一步發展，所以市盈率的倒數不等於股息率。 投資者計算市盈率，主要用來比較不同股票的價值。理論上，股票的市盈率愈低，表示该股票的投资风险越小，愈值得投資。比較不同行業、不同國家、不同時段的市盈率是不大可靠的。比較同類股票的市盈率較有實用價值。
市销率,市销率（Price-to-Sales Ratio，P/S或PSR），也译作股价营收比、市值营收比，是股票的一个估值指标。市销率是以公司市值除以上一财年（或季度）的营利收入，或等价地，以公司股价除以每股营利收入。也是投资银行业务中一个重要的参照数据。
最優惠利率,最優惠利率（Prime rate）是銀行給最重要或信用质素最佳的客戶放贷的基本貸款利率，而对普通客户通常是在此基础上加上一個溢價，而对房地产按揭贷款则一般在此基础上有所减少。銀行最優惠利率是由各間銀行自行決定的。在一般情況下，最優惠利率是高於銀行同業拆息。在美國，最優惠利率比聯邦基金利率（意義等於銀行同業拆息）高大約3 % 。在美國最常見的就是華爾街日報所出版的華爾街日報最優惠年利率。
本金,本金一般是指借貸行為中，由负债方所借貸的原始资金总额，其后的债务利息將以此为基准進行计算。對於提供借貸一方，也就是「投資」的行為中，本金指的是投資人所投入的資金總額。
私人股权投资,私人股权投资（又称私募股权投资或私募基金），是一个很宽泛的概念，用来指称对任何一种不能在股票市场自由交易的股权资产之投资。被动的机构投资者（例如官方養老資金池、保險公司）可能会投资私人股权投资基金，然後交由投资公司管理并投向目标公司。私人股权投资可以分为以下种类：杠杆收购、风险投资、成长资本、天使投资和夹层融资以及其他形式。私人股权投资基金经常会控制所投资公司的管理，而且经常会引进新的管理团队以使公司价值提升。
私募,私募（Private placement）是一种不通过公开发行（公募）的方式募集的一种证券融资方式，但与私售（private offering）不同，多数向小规模特定投资人发行。 私人投资公开股票（PIPE，Private Investment in Public Equity）交易只是私募的一种方式。备用股本分配协议（SEDA，Standby Equity Distribution Agreement）也是私募的一种方式。私募常常是比公募更廉价的资本来源。
淨利率,純益率、淨利率 ( Profit margin ) 指的是稅後淨利占營收的百分比。 淨利率 = 稅後淨利 / 營收淨利率通常用于内部对比。准确的对不同的实体进行淨利率的比较是困难的。不同商业的运作方式以及财务分类有着极大的不同，以至于不同的实体被绑定到不同的费用级别上，为了使得这些实体之间的比较具有一定的意义。一个低的淨利率指出了一个低的安全率：将会有更高的可能性发生销售的下降导致收益的减少，最终导致净损失以及负收益。 收益率是一个公司定价策略以及成本控制一个指示符。竞争策略的不同以及产品的混合会引起不同公司之间收益率的巨大区别。
速动比率,速動比率，又稱為酸性測試比率，是用來衡量公司流動性的重要比率之一。由於只考量可立即用來償還流動負債的資金科目 ( 如：現金、約當現金、應收帳款及短期投資等資產 ) ，因此對公司流動性能更精準衡量。速動比率小於1的公司，意指其目前無法償還流動負債。 要注意的是，庫存不包括在速動比率的流動資產，但包含在流動比率裡。此比率檢驗企業實體的可行性，但並不一定保證企業的健康程度。 如果一個企業在應收帳款的部分有很龐大的金額，且在長時間之後到期 ( 例如120天 ) ，而基本費用和應付帳款即刻到期之下，速動比率看起來會很健全，但實際上這個企業已經快要用完現金了。相反地，如果企業已經和客戶協商快速付款或現金付款的方式，那麼它可能會有非常低的速動比率但卻企業能力卻相當健全。 一般來說，酸性測試比率應為1:1或更高，但是此比率在各行業中會有不同變化。 在一般情況下，該比率越高，公司的流動性越佳（即能夠更佳地使用流動性資產以滿足流動負債）。
造雨人 ( 商業術語 ),在企業界，能為公司帶來新商機並贏得新客戶的人物被稱之為造雨人 （英文 : rainmaker）。他們透過新式商業活動為公司帶來的經濟突破，就如同魔法一般出人意料。該人物製造大量新業務或額外現金流的方式有很多種：有時是透過外界的商業渠道；有時是利用非傳統或地下市場連結新的群眾；或是暗示既有客戶來增加消費。造雨人通常是該公司或組織中的關鍵人物，他不僅是一個銷售人員，更是企業中倍受矚目的領袖或主管。 造雨人的典故起源於美洲原住民透過祈雨舞求豐收的儀式。夏季乾旱的時候，造雨人會在平原上跳舞歌唱，部落裡的人們都相信這樣的舞蹈能夠神奇地招來烏雲，使其降下生命甘霖滋潤大地。因此，若把錢隱喻成雨，一個企業界的造雨人顧名思義就是能夠在關鍵時刻，透過其優秀的才能帶來新客戶及新收入，神奇地為公司製造極大效益的人物。Frederick Durham Sulcer是一個代表性的例子：他因著為廣告公司帶來數不清的新業務而被稱為造雨人。有一種說法是，造雨人能找出潛伏中的商業問題，然後能預見這個問題得到解決後的巨大效益，並為其締造出一個新的展望。 造雨這個字也能被使用在政府募款項目上；舉例來說：美國總統Barack Obama 透過努力為其他政治家募得了款項，因此他被稱為是造雨人。 == 注釋 ==
地產代理,地產代理又稱地產經紀，中國大陸稱為房地產中介，臺灣稱為房屋仲介（台灣簡稱房仲）。屬三級產業中的服務業，它的收入是經紀佣金，它自己沒有地產物業（香港稱為「樓盤」，臺灣稱為「不動產」）作為貨物，地產代理是物業市場上的中間人。買賣盤（買賣房屋）的兩方，分別是物業買家和物業賣家；又或者租盤（租屋），租客（臺灣稱為「房客」）和業主（中國大陸和臺灣又稱為「房東」）。
租賃契約,租賃契約（或稱租賃）是指當事人雙方約定，一方將物交由他方使用、收益，他方給付租金的一種有名契約。租賃必為有償，若雙方並未約定租金，僅約定一方將物交由他方無償使用者即非租賃，而係借貸契約。
租賃契約,租賃契約（或稱租賃）是指當事人雙方約定，一方將物交由他方使用、收益，他方給付租金的一種有名契約。租賃必為有償，若雙方並未約定租金，僅約定一方將物交由他方無償使用者即非租賃，而係借貸契約。
存款準備金比率,銀行存款準備金比率（Required Reserve Ratio，也譯作存款準備金比率、现金准备比例、准备金比例、准备金要求、存款準備率），指商业银行的初级存款中不能用于放贷的部分的比例。 為保障存款人的利益，銀行机构不能将吸納的存款全部用于发放贷款或者是進行炒股票等金融投資，必须保留一定的资金，存放在銀行內（如美國）或缴存在中央银行（如臺灣），以备客户提款的需要，这部分的存款就叫做存款準備金。而存款準備金與存款总额的比例，就是銀行存款準備金比率。
资产收益率,资产收益率（Return on Assets，ROA），又稱资产回报率或資產報酬率，是用来衡量每单位资产创造多少净利润的指标，也可以解释为企业利润额与企业平均资产的比率。资产收益率是反映企业资产综合利用效果的指标，也是衡量企业利用债权人和所有者权益总额所取得盈利的重要指标，资产收益率越高，说明企业资产的利用效率越高，利用资产创造的利润越多，整个企业的获利能力也就越强，企业经营管理水平越高；反之，资产收益越低，说明企业资产的利用效率不高，利用资产创造的利润越少，整个企业的获利能力也就越差，企业经营管理水平越低。
投入資本回報率,投入资本回报率（Return On Invested Capital，ROIC），也称「投入资本金回报率」、「投资资本回报率」。
股本回報率,股本回報率（又稱股權收益率、股本收益率或股東權益報酬率，英语：Return On Equity，縮寫：ROE），是衡量相對於股東權益的投資回報之指標，反映公司利用資產淨值產生純利的能力。計算方法是將稅後淨利扣除優先股股息和特殊收益後的淨收益除以股東權益。此比例計算出公司普通股股東的投資回報率，是上市公司盈利能力的重要指標。 ROE = 淨收益 / 股東權益 ※ 淨收益 = 稅後淨利 - （優先股的股息 + 特殊收益） 公司通常把盈利再投資以賺取更大回報，ROE正反映了公司這方面的能力，計算辦法是把淨收益（稅後淨利扣除優先股股息和特殊溢利）後，除以股東權益。 然而，公司的股權收益高不代表盈利能力強。部分行業由於不需要太多資產投入，所以通常都有較高ROE，例如諮詢公司。有些行業需要投入大量基礎建築才能產生盈利，例如煉油廠。所以，不能單以ROE判定公司的盈利能力。一般而言，資本密集行業的進入門檻較高，競爭較少；相反地，高ROE但低資產的行業則較易進入，而面對較大競爭。因此ROE應該用在相同產業的不同公司之間的比較。
投資報酬率,投資報酬率（return on investment，简称 ROI），經濟學名詞，指投資後所得的收益與成本間的百分比率。 投資報酬率一般可分為總報酬率 ( 持有期間報酬率 ) 和年報酬率。總報酬率是不論資金投入時間，直接計算總共的報酬率，亦即：總報酬率=利润/投入成本。 投資期間的總利潤通常包含資本利得 ( 資本收益 ) 與非資本利得性之收益。若以股票報酬率來舉例，投資期間的資本利得為買進賣出間的價差，非資本利得性的收益通常為現金股利。因此股票的持有期間報酬率又可拆解為其資本收益率以及股利收益率的總和。 年報酬率則是計算平均資金投入一年所得到的報酬率，又可以分為兩類： 平均報酬率，其算法直接將總報酬率除以資金投入的年數。例如投入三年，賺30 % ，年平均報酬率即為10 % 。
风险,风险是相對某有機体的，指某可能发生的事件（辭源於航海者），如果发生，能阻碍有機体的发展，甚至走向衰亡，风险是指事件发生与否的不确定性。危險﹑危機。如：「期貨投資，必須負擔極大的風險。」 風險（Risk）與危害（Hazard）並不相同，舉例而言，存在於蘋果中的蠹蛾是一種危害，會造成蘋果的傷害，但是風險則是這樣的危害發生的機率，例如當一隻蠹蛾因為蘋果進口而進入蘋果林後，對於整體蘋果生產所造成的危害程度的機率。而這樣的風險機率計算，是否可以承擔或是要避開等後續的管理規劃以及如何管制，是計算風險的目的。 从认知学上讲，风险的损害发生与否，损害的程度取决于人类主观认识和客观存在之间的差异性。在这个意义上说，风险指在一定条件下特定时期内，预期結果和实际结果之间的差异程度。 如果风险发生的可能性可以用概率进行测量，风险的期望值为风险发生的概率与损失的乘积。
无风险利率,无风险利率或稱零風險利率（英语：risk-free interest rate）是指一项没有风险的投资可得到的理论投資報酬率。 一种解释是，无风险利率表示一个投資者在一定时间内能够期望从无任何风险的投资中获得的利率。另一种解释则是，无风险利率表示一个典型的投资者持有一典型的市场组合时能获得的报酬（也就是指不能通过持不同组合而消除的系統性風險下所得的报酬）。资本资产定价模型中使用的便是后一种解释。 正因为其没有风险，也就表示投资者冒风险进行投资而要求的利率要高于无风险利率。
72法則,金融學上有所謂72法則、71法則、70法則和69.3法則，用作估計將投資倍增或減半所需的時間，反映出的是複利的結果。 計算所需時間時，把與所應用的法則相應的數字，除以預料增長率即可。例如： 假設最初投資金額為100元，複息年利率9 % ，利用「72法則」，將72除以9（增長率），得8，即需約8年時間，投資金額滾存至200元（兩倍於100元），而準確需時為8.0432年。 要估計貨幣的購買力減半所需時間，可把與所應用的法則相應的數字，除以通脹率。若通脹率為3.5 % ，應用「70法則」，每單位之貨幣的購買力減半的時間約為70/3.5=20年。
聖伊西德羅區 ( 利馬省 ),"聖伊西德羅區是秘魯的一個區，位於該國西部利馬大區的利馬省，始建於1931年4月24日，面積11.1平方公里，海拔高度109米，2005年人口68,309，人口密度每平方公里6,200人。"
桑顿,桑頓（南非語：Sandton，英语：Sandton）是位於南非豪登省約翰內斯堡市的一個富裕地區。這個名字來自它的兩個郊區——桑當和布萊恩斯頓。1969年，桑頓本身作為一個市政當局頒布，但在南非地方政府重組後失去了獨立城鎮的地位。
资产证券化,本条目所指 “ 资产证券化 ” 仅指狭义的资产证券化。 自1970年美国的政府国民抵押协会，首次发行以抵押贷款组合为基础资产的抵押支持证券——房贷转付证券（Mortgage Pass Through Certificate，MPT），完成首笔资产证券化交易以来，资产证券化逐渐成为一种被广泛采用的金融创新工具而得到了迅猛发展，在此基础上，现在又衍生出如风险证券化产品。
证券市场线,在現代投資組合理論下，證券市場線（Securities Market Line，簡稱SML）是資本資產定價模型（CAPM）的圖示形式，它顯示總體的期望報酬與系統風險之間的關係。 當一個單一資產落在證券市場線的上方，代表在同樣風險下有比較高的報酬，也就是資產被低估，應該買進；當落於證券市場線下方，代表資產被高估，應該賣出。
恐慌性拋售,恐慌性拋售，是投資者在股市大跌的情況下，非理性地沽售手上的股票套現，成交量劇增，令股價在短期內大跌。有投資者認為，恐慌性拋售或會帶來反彈轉機，帶來趁低吸納優質股票的機會。。2016年11月，全球股票市場因2016年美國總統選舉，特朗普當選出現恐慌性拋售情況。 == 參考 ==
芝麻信用,芝麻信用，是阿里巴巴集團蚂蚁金服旗下第三方信用评估，及信用管理机构——芝麻信用管理有限公司推出的个人信用评分。為中國人民銀行在2015年批准的八家個人信用徵信業務公司之一。 芝麻信用服務主要依托客戶在阿里巴巴旗下事業的信息，运用大数据及云计算技术呈现个人的信用状况，通过连接各种服务，让每个人都能体验信用所带来的价值。
签约奖金,签约奖金（signing bonus 或 sign-on bonus），也译作签字费，是公司向新员工支付的一笔钱，作为对其加盟的激励。签约奖金只是对全职员工，不对临时雇佣的员工或实习生。签约奖金通常是作为使薪酬包（薪酬组合）对员工更具吸引力的一种方法是用的，比如在年薪可能低于员工的预期的情况下。由于签约奖金是一次性支付的，这会降低公司的风险：如果员工达不到预期的要求，公司不用支付高的工资。签约奖金通常用于职业体育，和雇佣应届毕业生。
公益金融,公益金融，又称社会金融（英语：Social finance），是一种区别于传统金融模式的新型投资及财富管理方式 。公益金融注重在产生经济回报的同时也为社会带来福祉，例如，提升环境质量、帮助残障人士就业等均属于福祉的一部分。公益金融包括社区投资、小额信贷、社会效益债券、可持续商业及社会企业贷款等多种形式，结果导向性的公益投资（即：公益创投）也是公益金融的一种形式。 无论何种公益金融的表现形式，其都强调为社会、环境带来正面的影响。一些注重环境效益的投资者会讲求其投资能为社会带来经济、社会及环境的 “ 三重底线 ” ( triple bottom line ) 。 在当今金融危机尚未完全复苏的大背景下，传统的慈善捐助数额锐减，此时更体现出了公益金融的优越性。在2009年，《经济学人》杂志就提出来公益金融将成为 “ 实现社会进步的一种重要方式 ” 。而一些公益金融的先行者，如JP摩根集团，更是在金融危机前就开始践行了公益金融的活动。早在2007年就推出了基于市场模式的旨在帮助低收入人群以及实现社区可持续发展的JP摩根公益金融项目 。 ==
社交交易,社交交易是一种投资的形式，它是指投资者观察其他人或其他专业交易员的交易行为，并使用复制交易或镜像交易来追随他们的一种投资策略。社交交易只需要少量相关知识甚至根本不必了解金融市场，因此被世界经济论坛誉为成熟而又低成本的传统理财产品的替代品。
偿付能力,在财政上，偿付能力指一个实体支付债务的能力。偿付能力同时也描述一个企业支付长期费用和完成长期成长的能力。如果企业无力偿付，根据当地破产法，企业可能就不能继续经营而需要破产还债。 偿付能力与盈利能力不同。企业可以在有偿付问题的情况下盈利，如扩张时期。企业可以在损失情况下有较好的偿付能力，如自食未来的利润、销售应收帐款。但是在同时间没有利润和无力偿付通常代表企业面临着破产。
主权财富基金,主权财富基金（英语：Sovereign wealth fund，简称SWF），通称主权基金，指由一些主权国家政府所建立并拥有，用于长期投资的金融资产或基金，主要来源于国家财政盈余、外汇储备、自然资源出口盈余等，一般由专门的政府投资机构管理。目前世界上主权财富基金规模最大的几个国家，是阿拉伯联合酋长国、挪威、沙特阿拉伯王国、中华人民共和国、科威特、俄罗斯和新加坡等。
证券经纪人,证券经纪人是与证券自营商相区别的。证券经纪人可以代客户买卖证券、基金、認股證及其他衍生產品，从而获得费用或佣金收益。 在證券交易中，買賣雙方通常需由證券經紀在交易所代表客戶進行交易，一般人是不能擅自私下與他人進行買賣。證券經紀亦可為客戶提供投資股票及基金等意見。
叮噹郵件,叮噹郵件（英文：jingle mail），是一個新式英文詞語。指的是當抵押貸款金額遠大於房屋價值時，房主直接拖欠貸款並將房屋鑰匙交還給放款銀行，銀行家稱之為叮噹郵件。通常這會發生在房地產泡沫使導致房價急遽下降時出現的情況，最著名的例子是2008年美國發生的次贷危机。 在正常情況時，貸款人一旦付不起房貸，銀行（或稱放貸人）會毫無猶豫沒收房地產，並將其拍賣以抵消未還完的貸款。但當房地產泡沫發生時，由於有大量的房地產被沒收，買家跟不上數量。因此在貸款大於房價之時，房地產變成了負資產，因此索性直接放棄房地產，將房子主動寄給放貸人，因此美國貸款也將這一些主動送上鑰匙的郵件稱之為叮噹郵件。 == 参考资料 ==
Stripe,Stripe是一家提供讓個人或公司在互聯網上接受付款服務的科技公司。Stripe提供在網上接受付款所需的技術、避免信用卡詐騙技術及銀行基礎設施。
次级贷款,次级贷款或次級按揭（英语：subprime lending），是为信用评级较差、无法从正常管道借贷的人所提供的贷款。次级贷款的利率一般较正常贷款为高，而且常常是可以随时间推移而大幅上调的浮动利率，因而对借款人有较大风险。由于次级贷款的违约率较高，对于贷款商也有较正常贷款更高的信用风险。
銀團貸款,銀團貸款是由一組貸款方聯合提供，由一家或者多家商業銀行或者投資銀行（代理行）組織安排及管理的貸款。代理行或者籌備方行使投資銀行的角色，在借款方需要資金的時候為其籌集款項。 美國銀團貸款市場起源於1980年代中期的巨額槓桿收購貸款；歐洲市場因為歐元於1999年問世而開始興起。借款一方需要向代理行支付服務費用。服務費用隨着貸款複雜性和風險因素而增加，因此向舉債經營的借款人──即信用評級為投機等級，並且支付足以吸引非銀行定期貸款投資者的利差（即高於LIBOR、EURIBOR或其他基準利率的利差）的借款人提供的貸款最具盈利性。
系統性風險,系統性風險（Systematic risk）又称市场风险或不可分散风险，是影响所有资产的、不能通过资产组合而消除的风险。这部分风险是由那些影响整个市场的风险所引起的，例如：战争、政权更迭、自然灾害、经济周期、通货膨胀、能源危机和宏观政策调整。 無論怎樣分散投資，也不可能消除系統性風險。避免集中投資於單一市場可減少系統性風險。单项资产、证券资产组合或不同公司受系統性風险影响不一样，系統性風險的大小通常用beta系数（ β { \displaystyle \beta } 系数）来衡量。
系统风险,系統風險是指當整個系統出現失效或倒閉的風險。在金融領域中，系統風險被稱呼為金融系統不穩定，其原因是出現一些特殊事件，導致情況不斷惡化而最終出現災難性結果。 最近的研究表明，系统风险可以用市场指数相互关系来定量描述。系統風險常常與系統性風險混淆。 == 參考文獻 ==
生命周期基金,生命周期基金是根据基金目标持有人的年龄不断调整投资组合的一种证券投资基金。 生命周期基金一般都有一个时间上的目标期限，随着所设定目标时间的临近，基金则会不断调整其投资组合，降低基金资产的风险，追求在和目标持有人在生命不同阶段的风险承受能力相适应的前提下实现资本的最大增值。 == 外部链接 ==
稅盾,稅盾（Tax Shield）是指，經由將免稅額從應稅收入中扣除，產生降低所得稅的效應。例如：債務利息是免稅支出，所以負債會產生稅盾。它是商業價值評估重要的一環，因為稅盾會節省現金流。 稅盾（法文 bouclier fiscal）是指保護高收入納稅人繳納所得稅不得超過其總收入的一個百分比限額，例如法國現行的稅盾是50 % ，即高收入納稅人納稅的部份不超過其總收入的50 % ，其中包括地皮稅、居住稅及其它社會性徵收部份。
祖魯法則,祖魯法則（The Zulu Principle），證券投資指導原則，說明『集中投資的重要性，精通整個投資天地沒有好處，專注於一個比較小的領域，變得比較專精則有用多了』。作者吉姆·史萊特（Jim Slater）的靈感來自於1879年大英帝國與南非祖魯王國之間的殖民地戰爭——祖魯戰爭。祖魯族的士兵僅用傳統冷兵器（長矛、盾牌……）竟讓擁有船堅炮利的精銳英軍大敗而回，最後英軍以損失1700人的代價才打贏祖魯戰爭。 1992年吉姆·史萊特（Jim Slater）撰寫《祖魯法則》，教人如何在股市大舉獲利，他認為投資股市應該像祖魯人一樣鎖定相當狹隘領域，縮小投資範圍，並能從中獲利的方法。 史萊特於「祖魯法則」中主要強調在投資市場向來居於弱勢的散戶，必須學習祖魯族一樣，集中火力在自己選定的利基專門領域，這樣才能發揮優勢，並進而打敗法人大戶，賺取超額報酬。選股方法就是強調「聚焦」及重壓「小型股」的策略，尋找獲利上升的中小型公司，以及本益比和成長預測皆超出平均水準的股票，經由經驗累積與修正後發展出他的選股準則──祖魯法則。 史萊特巧妙融合股市與分析，說明買進： 小型積極成長股； 轉機股與景氣循環股； 借殼上市股； 資產股； 領導股。的寶貴選股標準。他也探討很多和投資有關的其他重要因素，例如作帳花招、投資組合管理、國外股市以及投資人和營業員的關係。
利息保障倍数,利息保障倍数，也称已获利息倍数，是指息税前利润对利息费用的倍数。利息保障倍数被认为是分析企业长期偿债能力的指标。
托賓Q法,Q比率（英语：Tobin 's q）是以企業的股票市場價值和企業的帳面淨值之間的比較。 該比率由美國經濟學家詹姆士·托賓於1969年提出。
兒童玩具圖書館,兒童玩具圖書館近年來在社會各界紛紛設置，是一種基於資源分享、環保、教育為主軸所吹起的一股風潮，各兒童玩具圖書館設置反應極佳，並促使相對於家庭經濟不甚寬裕的孩子或偏遠地區而言，多了一個孩童從遊戲學習的管道。
信托公司,信托公司是以获取信托报酬为目的，以受托人身份进行信托投资的一类企业法人，其主要功能体现在资产管理、资金融通等方面。信托公司资产管理模式的多样性与广泛性成为了其不同于其他银行、证券公司等金融机构的特点。
美国财政部,美国财政部（英语：United States Department of the Treasury）是美国一个内阁部门。它由美国国会于1789年建立，管理美国政府的收入。
展望五国,展望五国是越南（Vietnam）、印尼（Indonesia）、南非（South Africa）、土耳其（Turkey）和阿根廷（Argentina）五国英文名称首字母的组合， “ VISTA ” 该词在英文中有 “ 远景 ” 、 “ 展望 ” 之意。
價值投資,價值投資是投資策略的其中一種，由 Benjamin Graham 和 David Dodd 所提出。和价值投资法所对应的是趋势投资法。其重點是透過基本面分析中的概念，例如高股息收益率、低市盈率（P/E，股价/每股净利润）和低市净率（P/B，股價/每股净资产），去尋找並投資於一些股價被低估了的股票。
车辆融资租赁,车辆融资租赁（Vehicle leasing）又稱為车辆以租代购，是汽车金融的一种业态，目前并未形成全球统一的定义，在美国主要是承租人定期向出租人支付租金以获得汽车的使用权，当租赁期满，承租人可选择支付合同中约定的残值以买断汽车，合同残值一般是由融资租赁公司设定的锁定价值，与实际处置价格相比可能会有出入，租赁合同可以经营性租赁或融资性租赁的形式签订。
影碟出租店,影碟出租店是專門售賣或出租影碟的商店，有些會兼售電影的周邊商品和播放機，有些附設座位供人於店內試看。 影碟一直有一群固定地消費族群支持，影碟店的投資成本低而收入相對穩定，大部分影碟店引進電腦管理，不需要高深技術，所以深受特別是年青及資金短少的創業者的喜愛，因此到處可見影碟店的開設，彼此之間競爭相當激烈。 近年來影碟店的加盟模式成長快速，除了老字號的加盟店外，新興加盟體系紛紛打出免加盟金、投資金額低等多項優惠，在短時間搶佔影碟店市場。現在加盟體系或新開店都是複合式經營，相當多有販賣雜誌、期刊、DVD播放機、小飾品、海報甚至零食等等。 但由於宽带日漸普及，網際網路上有不少合法與非法的影音內容可供觀賞，影碟出租店與租書店一樣逐漸被影響而造成營收下降。
世界黃金協會,世界黃金協會（英语：World Gold Council），於1987年由多家黃金公司組成一家非牟利機構，為投資者、工業界，以及消費者帶來刺激黃金作用。 本會主席為伊恩·特爾非（Ian Telfer），首席執行官為Aram Shishmanian，當時為埃森哲行政主管。
徐翔 ( 投资家 ),徐翔（1977年2月－），又名徐强，浙江宁波人，中国金融交易市场知名的投资人。他炒股风格以 “ 快准狠 ” 而出名，被中国股民称为 “ 私募一哥 ” ，并被一些媒体称为 “ 中国的卡尔·伊坎 ” 。 徐翔早年是宁波的一位散户，因擅长股市投资，在股市中获取巨额收益。2009年，徐翔成立上海泽熙投资管理有限公司并自任总经理，开始进军私募界。泽熙旗下的产品因多次取得私募冠军而受到中国资本市场的关注。2015年11月1日，徐翔因涉嫌非法手段获取股市内幕信息，从事内幕交易、操纵股票交易价格等违法犯罪，被公安机关依法采取刑事强制措施。2016年4月29日，因涉嫌操纵证券市场及内幕交易犯罪，被公安机关依法批准逮捕。2017年1月23日，徐翔以操纵证券市场一审被判五年半，罚金110亿元。。
汝矣島,汝矣島（朝鮮語：여의도／汝矣島 Yeoui do */ ? ）是位於韓國漢江上的一個小島，面積8.4平方公里，現屬首爾特別市永登浦區。汝矣岛是韓國證券交易所（现为韩国交易所的一部分）和韩国金融投资协会的所在地，为首尔的金融与投资中心，被誉为 “ 韩国的华尔街 ” ，是韩国地价最贵的地方。该岛也是许多韩国大公司，比如LG集团、KBS的总部所在地。此外韓國國會議事堂、大韓生命63大廈、首尔国际金融中心以及全球最大的基督教教堂汝矣島純福音教會亦設於該島上。 汝矣岛是韩国著名的樱花观赏地。汝矣岛轮中路经国会议事堂至韩国放送公社前的大道两旁种满了樱花，被称为 “ 樱花道 ” ，长达10公里。早春时节樱花怒放时， “ 樱花道 ” 会形成一条壮观的 “
