خطر مطلق,الخطر المُطلق ( بالإنجليزية : Absolute risk ) ، هو احتمال وقوع خطر ما بمعرفة التنبؤ الكمي أو النوعي لاحتمال
وصف أكاديمي,الوصف الأكاديمي هو نهج تعليمي قائم على `` الجامعة أو التعليم غير التجاري . '' وتتضمن العملية التعليم وجهًا لوجه
الوخز بالإبر,الوخز بالإبر هو نوع من أنواع الطب البديل، وإحدى الطرق في العلاج الصيني التقليدي . الوخز بالإبر غير مبني على
مرض حاد,المرض الحاد في الطب هو مرض يُمكن أن يَكون ذو انتشار سريع كما هي الحال في العدوى الحادة أو مدى
بطن حاد,بطن حاد ( Acute abdomen ) مصطلح شائع يستخدم لدلالة على اعراض حادة وآلام في البطن اي انها حالة طبية
التهاب التامور الحاد,التهاب التامور الحاد ينشأ بشكل مفاجئ، بسبب عدوى بكتيرية أو فيروسية .
امتثال ( طب ),الامتثال هو مصطلح طبي يُستخدم للدلالة على إتباع المريض للنصيحة الطبية بطريقة صحيحة . وفي غالب الأحيان تكون النصيحة الطبية
أثر ضائر,الآثار الضائرة ( بالإنجليزية : Adverse effects ) هي الآثار المؤذية غير المرغوب فيها نتيجة استخدام دواء أو تداخل طبي
طب تجميلي,الطب التجميلي هو مصطلح شامل للإختصاصات التي تركز على تحسين المظهر الجمالي من خلال علاج الحالات بما في ذلك :
عمر البدء,عمر ألبَدْء ( بالإنجليزية : Age of onset ) عمر البدء هو مصطلح طبي يشير إلى السن التي يكتسب فيها
عدم التخلق,في مجال الطب، يُشير عدم التخلُّق ( ‎/‏eɪˈdʒɛnəsəs‎/‏ ) إلى فشل عضو ما في التطور أثناء النمو الجنيني والنشوء نتيجةً
عمه,العمه `` التجاهل `` و `` غياب المعرفة `` وهو فقدان القدرة على التعرف على الأشياء أو الأشخاص أو الأصوات
ناهضة ( علم الأدوية ),الشادات أو المحرضات أو الناهضات ( بالإنجليزية : Agonists ) ( تدعى أيضا المحاكيات أو المقلدات ( بالإنجليزية : Mimics
العلاجات البديلة لمرض السرطان,"== العلاجات البديلة لمرض السرطان == العلاج البديل ل مرض السرطان هو علاج مكمل أو بديل لمرض السرطان , وقامت"
طب بديل,الطب البديل هو أي ممارسة للتطبيب `` لا تقع ضمن نطاق الطب التقليدي '' ، أو `` هو الذي لم
قائمة مصطلحات تشريح المواضع ( طب ),يعتمد علم التشريح على مصطلحات متفق عليها، واضحة جلية ومعلومة، تسهل التعامل مع الجسم في التدريس والفحص والعلاج والبحث والتعريف
متلازمة نقص الأندروجين,متلازمة حساسية الاندروجين ( AIS ) التي يشار إليها أيضا بمتلازمة مقاومة الاندروجين، هي مجموعة من الاضطرابات الخاصة بتنمية الجنس
علم التخدير,علم التخدير ( بالإنجليزية : Anesthesiology ) هو فرع من فروع الطب يركز على معالجة الألم أثناء العمليات الجراحية .
عضات الحيوانات,تُسبب عضات الحيوانات جروحًا مختلفة ومتنوعة، فمعظمها يؤدي إلى حدوث تمزق بالجلد، ولكنها قد تسبب أيضًا تكون الكدمات بالسبب الضغط
انعدام الخصية,انعدام الخصية ( بالإنجليزية : anorchia ) هو أحد اضطرابات التطور الجنسي ، الذي تنعدم فيه الخصيتن عند الولادة .في
سوء استعمال المضاد الحيوي,"سوء استخدام المضادات الحيوية - يسمى ايضاً فرط استخدام المضادات الحيوية- , وقد ينتج جراء سوء او كثرة استخدام المضادات"
استخدام المضاد الحيوي في المواشي,استخدام المضاد الحيوي في المواشي هو استخدام المضادات الحيوية لأي غرض في تربية الحيوانات و من هذه الأغراض العلاج أثناء
مقاومة المضادات الحيوية,مقاومة المضادّات الحيويّة هي قدرة الكائن الحيّ الدّقيق على تحمّل مفعول المضادّ الحيويّ . هي نوع خاصّ من أنواع مقاومة
عدم تكون القضيب,عدم تكون القضيب ( بالإنجليزية : Aphallia ) هو تشوه خلقي يكون فيه القضيب ( أو البظر ) غير متكون
لاتنسج,يتم تعريف اللاتنسج ( المصطلح مشتق من اليونانية ( a ) — وتعني لا؛ plasis— وتعني تنسج ) بشكل عام
استماتة,الاستماتة ( بالإنجليزية : Apoptosis، من الإغريقية وتعني `` السقوط '' ) هي عملية موت الخلية المبرمج الذي يحدث في
خل التفاح,خَلّ التفاح هو الخل المستحصل عليه من التفاح . عرف الإنسان خل التفاح منذ آلاف السنين، وقد استخدم في بادئ
نقص الأروماتاز,نقص الأروماتاز ( بالانجليزية : Aromatase deficiency ) ، هو حالة ناتجة عن عدم كفاية إنتاج إنزيم الأروماتاز، والتي يمكن
متلازمة فرط الأروماتاز,متلازمة فرط الأروماتاز ( بالانجليزية : Aromatase excess syndrome ) ، وتسمى أيضًا فرط الإستروجين العائلي ( بالانجليزية : familial
طب الروائح,طب الروائح أو العلاج العطري ( بالإنجليزية : Aromatherapy ) هو نوع من أنواع العلاج الذي يستخدم المواد النباتية وزيوت
غياب الأعراض,في الطب، يتم التعامل مع المرض باعتباره عديم الأعراض إذا كان المريض حاملاً للمرض أو العدوى ولكنه لا يعاني من
توقف الانقباض,توقف الانقباض ( بالإنجليزية : Asystole ) ، والمعروف بالعامية نوبة قلبية، هو حالة من توقف النشاط الكهربائي للقلب ،
ونى,وَنَى ( بالإنجليزية : Atony ) ( باللاتينية : atonia ) وهيَ الحالة التَي تَفقد فيها العَضلة قُوتها، وغالباً ما
رتق,الرتق أو الانسداد الخلقي أو اللا تثقب أو الانسطام أو الانسداد الأنبوبي الخلقي هو حالة تكون فيها فتحة أو ممر
لانمطية,اللانمطية هو مصطلح طبي يدل على الشذوذ الذي يحدث في خلية من الخلايا . وهذا المصطلح من المفردات الطبية التخصصية
عمه سمعي,العمه السمعي هو شكل من أشكال العمه الذي يظهر أولاً في صورة عجز عن إدراك الأصوات أو التمييز بينها .
أورة,الأَوْرَة أو النَّسْمَة أو النَّسَمَة أو النَّسَم ( بالإنجليزية : Aura ) هي اضطراب إدراكي للحواس يصاحب عادة بعض الأمراض
مرض مناعي ذاتي,أمراض المناعة الذاتية أو الأمراض الانضِدادية ( بالإنجليزية Autoimmune disease ) هي مجموعة أمراض تحدث نتيجة فشل الجهاز المناعي لجسم
خلل المنعكسات المستقل,خلل المنعكسات المستقل أو لاإنعكاسية مستقلية ( بالإنجليزية : Autonomic dysreflexia ) ويُعرف أيضاً باسم فرط المنعكسات اللاإرادي أو خلل
تشريح الجثة,تشريح الجثة ( بالإنجليزية : Autopsy ) يسمى أيضاً بـ التشريح الجنائي أو فحص ما بعد الوفاة، هو إجراء طبي
خط محوري ( قطاع جلدي ),الخط المحوَرِيّ هو الخط بين قطاعين جلديين متجاورين لا يُمثِّلَان مستويات شوكيّة متجاورة تماماً . على الرغم من أن القطاعات
مفرد ( تشريح ),في علم التشريح؛ كلمة مفرد ( بالإنجليزية : azygos ) تشير إلى تركيب غير مزدوج أي لا يوجد على صورة
مشتملات النوع ب,مشتملات النوع بي، المعروفة سابقًا باسم أجسام غوارنيري ( ‎/‏ɡwɑrˈnjɛri‎/‏ ) هي خصائص خلوية تكتشف بـ الفحص المجهري لـ النسيج
جثة ذات قلب نابض,إن الجثة ذات القلب النابض هي جسم يُعتقد أنه ميت حسب التعريفات الطبية والقانونية يتم توصيلها بـجهاز تنفس صناعي ويحتفظ
ارتفاع ضغط الدم الحميد,فرط ضغط الدم الحميد أو ارتفاع ضغط الدم الحميد الأساسي هي المصطلحات التاريخية التي تعتبر مضللة، لأن ارتفاع ضغط الدم
ورم حميد,الوَرَم الحَميد ( بالإنجليزية : Benign Tumor ) هو مرض سرطاني تتميز خلاياه السرطانية بمحدودية تطورها و مشابهتها لخلايا عضو
حميد ( طب ),يستخدم لفظ حميد ( بالإنجليزية : Benign ) لوصف أي مرض أو حالة صحية تبقى طويلا لكنها غير مؤذية .
نظام بيثيسدا,إن نظام بيثيسدا ( The Bethesda system ) المشار إليه اختصارًا باسم ( TBS ) هو أحد الأنظمة التي تقدم
طب حيوي,الطب الحيوي الطب الحيوي ، الذي يعرف أيضا باسم الطب النظري ، وهو مصطلح يضم المعرفة والبحث الذي هو أكثر
رصد أحيائي,في الكيمياء التحليلية، الرصد الأحيائي أو الرصد البيولوجي ( بالإنجليزية : Biomonitoring ) ، هو قياس عبء الجسم من المركبات
مرهم أسود,المرهم الأسود والمعروف أيضا تحت اسم العلامة التجارية Cansema ، هو علاج بديل للسرطان خطير ومثير للجدل . يصنف المنتج
تجزئة الدم,تجزئة الدم هي عملية تجزئة كامل الدم، أو فصله إلى الأجزاء المكونة له، ويتم ذلك عادةً عن طريق الطرد المركزي
مراقبة جلوكوز الدم,مراقبة جلوكوز الدم هي طريقة لقياس تركيز الجلوكوز في الدم أو ما يسمى ( سكر الدم ) . وهي مهمة
سوائل الجسم,سوائل الجسم ( بالإنجليزية : Body fluid ) هي سوائل تنشأ من داخل جسم الإنسان . تتضمن السوائل التي تتضمن
متلازمة بوجارت - بكال,متلازمة بوجارت - بكال عبارة عن اضطراب صوتي نتيجة سوء استعمال الصوت.الأشخاص الذين يتحدثون أو يغنون بصوت عالي في قد
موت دماغي,الموت الدماغي ( بالإنجليزية : brain death ) تعريف قانوني للموت ظهر في الستينات من القرن العشرين نتيجة تطور إمكانيات
موت دماغي,الموت الدماغي ( بالإنجليزية : brain death ) تعريف قانوني للموت ظهر في الستينات من القرن العشرين نتيجة تطور إمكانيات
ضمور الثدي,يعرف ضمور الثدي على أنه ضمور طبيعي أو عفوي أو انكماش الثديين .
بوبا العربية,بوبا العربية للتأمين التعاوني هي شركة مساهمة عامة سعودية برأسمال مدفوع قدره 800 مليون ريال سعودي، وهي شركة تعمل في
جثة,الجثة أو الجثمان هي جسم الإنسان الميت . بينما جسد الميت غير الآدمي مثل الحيوان يطلق عليه جيفة .
كلاس ( طب ),كُلَاس أو الداء الكلسي أو داء التكلس ( بالإنجليزية : Calcinosis ) هو تَشَكُل ترسبات الكالسيوم في الأنسجة اللينة .
حصاة ( طب ),حصاة ( جمعها حصى ) هي عبارة عن تحجر للمواد، غالبا أملاح المعادن، وتتكون في عضو أو قناة في الجسم
شذوذ قلبي,الشذوذ القلبي أو الزيغ القلبي أو الضلال القلبي ( بالإنجليزية : Cardiac aberrancy ) هو أحد أنَوع انحراف نظام التوصيل
مسجل كهربائية القلب المحمول,مسجل كهربائية القلب المحمول ( بالإنجليزية : Ambulatory ECG ) هو أحد أجهزة تخطيط كهربائية القلب والذي يستخدم غالباً لتسجيل
تحويلة قلبية,تحويلة قلبية ( بالإنجليزية : cardiac shunt ) هي نمط لتدفق الدم في القلب ينحرف عن مسار الدورة الدموية العادية
مراقبة قلب الجنين,في الطب ( طب التوليد ) مراقبة قلب الجنين ( بالإنجليزية : Cardiotocography ) هي عبارة عن وسائل تقنية تُستخدم
حديبة ( تشريح ),يصف مصطلح `` حديبة '' في علم التشريح عُقيدَة دائرية أو بارزة صغيرة أو نمو ثؤلوي يوجد على العظم أو
محلول كارنوي,محلول كارنوي هو مثبت يتكون من 60 % من الإيثانول و30 % من الكلوروفورم و10 % من حمض الخليك الجليدي.يتكون
نكوص المناعة,نكوص المناعة أو انهيار مقاومة العدوى ( بالإنجليزية : Cataphylaxis ) هوَ تدهور ( تنكس ) في نظام الدفاع الطبيعي
المسيحية والطب,العلاقة بين المسيحية والطب تعود إلى عصور المسيحية المبكرة إذ كان للمفاهيم المسيحية من الرعاية ومساعدة المرضى دور في تطوير
سببيات ( طب ),السببيات ( بدلاً من aetiology ،aitiology ) ( ‎/‏iːtiˈɒlədʒi‎/‏ ) هي دراسة السببية أو الإبداعية . اشتقت هذه الكلمة من
سبب الوفاة,"للحصول على قائمة شاملة من الأسباب المحتملة ، انظر قائمة أسباب الوفاة حسب المعدل . للاستخدامات الأخرى , انظر سبب"
أسباب ونشأة متلازمة توريت,متلازمة توريت ( و تعرف أيضا `` باضطراب توريت `` ، و '' متلازمة چيل دو لا توريت `` و،
أسباب السرطان,ترتبط معظم اسباب السرطانات بالتعرض للظروف البيئية و نمط الحياة والظروف السلوكية . يستخدم الباحثون عن السرطان . مصطلح ``
أسباب ألم السرطان,يمكن أن يحدث ألم السرطان بسبب الضغط على، أو التحفيز الكيميائي لنهايات العصب المتخصصةفي الشعور بالألم والتي تسمى ( نوسيسبتور
أسباب الاضطرابات النفسية,الاضطراب العقلي هو `` متلازمة سلوكية أو نفسية أو نمط نفسي يحدث في الفرد وغالباً ما يصاحبها حالة من العجز
أسباب الشيزوفرينيا,أسباب الشيزوفرينيا أو أسباب فصام الشخصية ( بالانجليزية : Causes of schizophrenia ) كانت محل كثير من الجدل مع عوامل
أسباب نوبات الصرع,يوجد العديد من أسباب نوبات الصرع . غالبًا ما تكون العوامل التي تؤدي إلى النوبات معقدة وقد لا يكون من
موت الخلايا,موت الخلايا ( بالانجليزية : cell death ) هو توقف الخلية البيولوجية عن أداء وظائفها . قد يكون ذلك نتيجة
ضغط وريدي مركزي,الضغط الوريدي المركزي ( بالإنجليزية : Central venous pressure ) هو ضغط الدم في القسم الصدري من الوريد الأجوف، بمحاذاة
ضغط التروية الدماغية,ضغط التروية الدماغية ( CPP ) هو صافي مدروج الضغط الذي يُسبب جريان الدم في الدماغ ( تروية الدماغ )
استئصال مخروطي عنقي,استِئصال مَخروطي عُنقي ( بالإنجليزية : Cervical conization ) هو استئصال عينة مخروطية الشكل من الغشاء المخاطي الخاص بعنق الرحم،
سلسلة النجاة,تُعرف سلسلة النجاة بأنها مجموعة من الإجراءات التي تعمل على تقليل الوفيات المرتبطة بتوقف القلب عند وضعها قيد التنفيذ .
وقاية كيميائية,الوقاية الكيميائية ( بالإنجليزية : Chemoprevention أو Chemoprophylaxis ) تشير إلى تناول دواء بغرض الوقاية من مرض أو عدوى، فعلى
مراحل نمو الطفل,== الطفل حديث الولادة == يحتاج الطفل في هذه الفترة إلى الرضاعة الطبيعية فقط أثبتت الدراسات أن أفضل شيء للطفل
علم النفس المرضي عند الطفل,الباثولوجيا النفسية عند الأطفال هي مظهر من مظاهر الاضطراب النفسي عند الأطفال والمراهقين . اضطراب التحدي المعارض وقصور الانتباه وفرط
خيمر,الخيمر ( باللاتينية : Chimera ) حيوان يمتلك تجمعين أو أكثر من الخلايا المتميزة جينيا التي نشأت في لاقحات (
رعاية مزمنة,الرعاية المزمنة هي الرعاية الطبية التي تعالج المرض على المدى الطويل، وتقابلها الرعاية الحادة التي تعنى بالأمراض الحادة قصيرة الفترة
مزمن ( طب ),مزمن ( بالإنجليزية : Chronic ) في الطب يعني المرض المزمن المرض طويل الأمد أو المتكرر . ويصف مصطلح مزمن
تدريب سريري,التدريب السريري ( بالإنجليزية : Clinical clerkship ) يشتمل على فترة التعليم الطبي يمارس فيه طلاب الطب – طلاب الطب
تدريب سريري,التدريب السريري ( بالإنجليزية : Clinical clerkship ) يشتمل على فترة التعليم الطبي يمارس فيه طلاب الطب – طلاب الطب
موت سريري,الموت السريري ( بالإنجليزية : Clinical death ) هو حالة الانعدام الفجائي لدوران الدم في الأوعية الدموية والتنفس والوعي .
تعاطف سريري,يُعرف التعاطف السريري ( بالإنجليزية : Clinical empathy ) على أنه مهارة فهم ما يقوله المريض ويشعر به، والتواصل بشكل
سبيل الرعاية,سبيل الرعاية هو مخطط متعدد التخصصات للرعاية التي يفترض تقديمها إلى جمهرة من المرضى المتشابيهن سريرياً، ويأخذ شكل مستند ديناميكي
بروفيسور طبي,البروفيسور الطبي عبارة عن درجة اكاديمية يتم تقديمها إلى أحد العاملين في المجال المهني المرتبط بالجامعة والذي يشارك في التعليم
علم الفيروسات السريرية,يُعد علم الفيروسات السريرية أو الطبية فرعًا من فروع الطب ( وبالأخص في علم الأمراض السريري ) التي تتضمن عزل
طبيب سريري,طبيب سريري أو طبيب إكلينيكي أو سرائري ( بالإنجليزية : Clinician ) هو أخصائي الرعاية الصحية الذي يعملُ مُقدمًا للرعاية
ضخامة البظر,ضخامة البظر ( أو البظر الضخم ) هو تضخم غير طبيعي للبظر والذي يكون في الغالب عيب خلقي أو مكتسب،
ولادة في النعش,الولادة في النعش أو قذف الجنين بعد الوفاة وهو المصطلح الدارج في الأوساط الأكاديمية ، وهي عملية طرد الجنين الميت
علاج مركب,العلاج المركب أو العلاج المتوالف أو العلاج المتعدد ( بالإنجليزية : Combination therapy أو polytherapy ) هو العلاج باستخدام أكثر
طب مقارن,الطب المقارن ( بالإنجليزية : Comparative medicine ) هوَ فِرع مُستقل من الطب التجريبي الذي يستخدم النماذج الحيوانية للأمراض البشرية
مضاعفة ( طب ),المضاعفة في الطب، هي تطور غير مرغوب فيه لمرض أو صحة أو علاج . المرض قد يسوء أو تزيد أعراضه
ضغط انتشار المرض,ضغط انتشار المرض في الصحة العامة هو موضوع افتراضي لكن يتطلب جهداً أقامه James Fries، بروفسور في الطب من جامعة
تعقيم إجباري,التعقيم الإجباري أو التعقيم القسري أو التعقيم الإلزامي هو برنامج واظبت على تنفيذه بعض الحكومات بناء على سياساتها التي حاولت
فرط تنسج الكظرية الخلقي,فرط تنسج الكظرية الخلقي هو مرض وراثي يؤثر على وظائف الغدة الكظرية في افرازها لهرموناتها بدرجات متفاوتة . وفي أغلب
فرط أنسجة القشر الكظرية الخلقية بسبب نقص هيدورجين ستيرود هيدروكسي بيتا 3,=== فرط أنسجة القشر الكظرية الخلقية بسبب نقص هيدورجين ستيرود هيدروكسي بيتا 3 === نقص ثاني هيدورجين ستيرود هيدروكسي-3بي يقلل
تعليم طبي مستمر,تعلم طبي مستمر هو شكل خاص من أشكال التعليم المستمر والذى يساعد العاملين في المجال الطبي من المحافظة على قدراتهم
مضاد استطباب,مضاد الاستطباب أو ممنوع الاستطباب به ( بالإنجليزية : Contraindication ) هو مصطلح طبي يصف الحالات الطبية التي يُمنع فيها
نقاهة,النقاهة هي استعادة الصحة والعافية تدريجيًا بعد المرض . وهي تشير إلى المرحلة التالية لمرض أو داء معدٍ عندما يتعافى
اختلاج,الاختلاج هي حالة طبية تؤدي لانقباض لا إرادي لمجموعة من العضلات بشكل سريع ومتكرر، و ينتج عن ذلك انتفاضات لا
هدأة,الهدأة ( بالإنجليزية : Remission ) هي حالة غياب فعالية المرض عند مريض يعرف إصابته بمرض مزمن لا يمكن الشفاء
منعكس الانبهار,مُنعَكّس الانبهار ( بالإنجليزية : Dazzle reflex ) هو منعكس رمشي تقوم فيه الجفون بالرمش لاإرادياً رداًً على الضوء الساطع
وفاة لأسباب طبيعية,الوفاة لأسباب طبيعية تعزى بالمقام الأول إلى مرض أو خلل داخلي في الجسم لا يتأثر مباشرة بالقوى الخارجية ومن الأمثلة
هزال ( طب ),الهزال أو الوهن أو الضعافة ( بالإنجليزية : Debility ) وهوَ مُصطلح طبي يستعمل لوصف الشخص الضعيف .
انهيار المعاوضة,في الطب، انهيار المعاوضة أو اللامعاوضة أو عدم التعويض تعني التدهور الوظيفي لجهاز من أجهزة الجسم أو تركيب كان يعمل
توقف دوران التبريد العميق,توقف دوران التبريد العميق عبارة عن أسلوب جراحي يتضمن تبريد جسم المريض ووقف الدورة الدموية . ويتم استخدامه في جراحة
نقص ( طب ),"نقص أو عجز ( بالإنجليزية : Deficiency ) , وتعني فقدان أو نقص القدرة على القيام بالوظيفة الطبيعية أو الضرورية"
تنكس ( طب ),التنكس ( بالإنجليزية : Degeneration ) بالمعنى الطبي هو التدهور . بشكلٍ عام هو عبارة عن التغير من شكل أعلى
تأخر البلوغ,تأخر البلوغ ويوصف بأنه تأخر في شخص اجتاز السن المعتاد لبداية البلوغ مع عدم وجود تغيرات جسدية أو هرمونية .
تعرية ( طب ),في الطب تشير التعرية ( بالإنجليزية : Denudation ) إلى فقدان الطبقات السطحية، مثل الجلد . أو فقدان الغطاء الخارجي،
تشخيص بالاستبعاد,التشخيص بالاستبعاد ( بالإنجليزية : Diagnosis of exclusion ) ، ( باللاتينية : per exclusionem ) هو تشخيص حالة طبية
تأهب ( طب ),التأهب أو الاستهداف أو الأهبة أو النحيزة ( بالإنجليزية : diathesis ) من الإغريقية διάθεσις وهي تعني في مجال الطب
ثنائي إيثيل ستيلبوستيرول,ثنائي إيثيل ستيلبوستيرول ( بالإنجليزية : Diethylstilbestrol ) هو دواء يُستعمل في علاج : سرطان البروستاتا سرطان الثدي سرطانة الخلية
تشخيص تفريقي,التَشْخيصٌ التَفْريقِي ( بالإنجليزية : differential diagnosis ) ( في الطب ) هو مجموعة التشخيصات الطبية المحتملة لعَرَضٍ أو لحالة
تأمين ضد العجز,التأمين ضد العجز ( بالإنجليزية : Disability insurance ) وتعرف غالباُ اختصاراً `` DI '' ، هو شكل من أشكال
مرض,المرض أو الداء أو العلة هو حالة غير طبيعية تصيب الجسد البشري أو العقل البشري محدثة انزعاجاً، أو ضعفاً في
عامل مسبب للمرض,الممراض أو المُمْرِض أو الكائن المُمْرض أو مسبب المرض ( بالإنجليزية : pathogen ) هو عامل حيوي مسبب لمرض من
متاجرة بالمرض,المتاجرة بالمرض هو مصطلح ازدرائي لممارسة توسيع حدود تشخيص المرض، ونشر الوعي للعامه بذلك، من أجل زيادة ارباح الذين يقومون
مرض منتشر,المرض المنتشر أو المرض المنتثر ( بالإنجليزية : Disseminated disease ) يشير إلى عملية إنتشار المرض وغالباًً ما يكون مرض
ضائقة ( طب ),الضائِقَة في الطب ( بالإنجليزية : Distress ) هي حالة مُكرِّهة ( مُنفِّرة ) والتي يكون فيها الشخص غير قادر
ردب,الردب أو الرِتج أو الرَتج جمع ( الرُتوج ) ( بالإنجليزية : Diverticulum ) هو عبارة عن كيس أو جيب
علاقة الطبيب بالمريض,تمثل علاقة الطبيب بـ المريض عنصرًا بالغ الأهمية في ممارسة الرعاية الصحية وتعتبر أساسية في تقديم رعاية صحية عالية الجودة
ناتج الجرعة,ناتج الجرعة ( DAP ) هي كمية يُستعان بها في تقييم الخطر الإشعاعي للفحص التشخيصي بالأشعة السينية والعمليات الجراحية التدخلية
اضطراب الأخلاط,اضطِرابُ الأخلاط أو عدم توازُن الأخلاط أو خَلَلُ المِزاج أو سوء المِزَاج أو اعتلال المِزَاج ( بالإنجليزية : Dyscrasia )
فساد التغذية,حثل أو فساد التغذية أو التغذية الناقصة أو التغذية السيئة أو سوء التغذية ( عندما يرتبط بالعضلات أي muscular dystrophy
نجاعة,النجاعة أو الفعالية هي القدرة على إحداث تأثير، ولها معانٍ خاصة متباينة في مختلف المجالات . ففي الطب، تعني قدرة
شريط مطاطي طبي,ألأشرطة المطاطية الطبية ( بالإنجليزية : Elastic therapeutic tape ) هي عبارة عن شريط من القطن المرن مع لاصق إكريليك
جراحة اختيارية,تعد الجراحة الاختيارية أو العملية الجراحية الاختيارية ( المشتق من المصطلح اللاتيني eligere، الذي يعني الاختيار ) أحد أنواع الجراحات
مجبول,المجبول أو اللعوق أو المعجون ( بالإنجليزية : Electuary ) هو نوع من المعجون الطبي مصنوع من مسحوق أو مواد
دبيلة ( طب ),الدُبَيلَة ( بالإنجليزية : Empyema ) وهيَ تَجمُع قَيحي ضِمنَ أحد تجاويف الجِسم الطَبيعية، فمثلاً الدُبَيلة الجَنبية هيَ أحد أنواع
رعاية مرحلة الاحتضار,رعاية مرحلة الاحتضار ( بالإنجليزية : End-of-life care ) مصطلح يُشير -في كل من مجال الطب والتمريض وقطاع الرعاية الصحية-
ظاهرة داخل الأذن,ظاهرة داخل الأذن ( بالإنجليزية : Endaural phenomena ) هو حالة سماع صوت من دون تحفيز صوتي . الظاهرة تشمل
علم الطفيليات الحيوانية الخارجية,علم الطفيليات الحيوانية الخارجية أو علم أوبئة الطب البيطري ،هو علم لدراسة نماذج الأمراض عند الحيوانات .
متلازمة حساسية هرمون الأستروجين,=== تعريفها === متلازمة حساسية هرمون الاستروجين ( EIS ) ، أو مقاومة الاستروجين ، هي شكل من أشكال نقص
طب تطوري,الطب التطوري أو الطب الدارويني هو تطبيق نظرية التطور الحديث لفهم ماهية الصحة والمرض . حيث يوفر منهجًا علميًا مكملاً
سورة ( طب ),سَوْرَة أو اشتِدَاد ( بالإنجليزية : Exacerbation ) هو مُصطلح طِبي يُقصد به تفاقم المَرض أو ازدياد أعراضه بشكل مَلحوظ،
تسرب ( في الوريد ),الانصباب الدمي هو تسرب لأدوية - قد تكون مؤذية- محقونة وريديا للأنسجة خارج الأوعية الدموية المحيطة بمكان الحقن . التسرب
عامل-F ( عامل التحويل ),العامل-F، في مجال الأشعة التشخيصية، هو عامل تحويل بين الرونتجن ( وحدة إشعاعية ) والراد ( أو، في الوحدات الأكثر
تاريخ العائلة ( طب ),تاريخ العائلة أو التاريخ العائلي ( بالإنجليزية : Family history ) ويُعرف اختصارًا FH أو FHx، مُصطلح طبي، يتكون من
تليف,التليف هو عبارة عن تشكل زائد للنسيج الضام الليفي في نسيج أو عضو خلال عملية ترميمية أو ارتكاسية .
ناسور,النَّاسُور أو النَّاصُور في الطب ( الجمع : نَوَاسِيرٌ ) ( بالإنجليزية : Fistula ) وهو اتصال غير طبيعي أو
معدل البقيا لخمس سنوات,معدل البقيا لخمس سنوات نوع من المؤشِّرات التنبوئيَّة بإنذار مرض معين واحتمال الشفاء أو النجاة منه، يستخدم هذا المؤشر لتحديد
فولدنغ @ هوم,فولدنغ @ هوم ( بالإنجليزية : Folding @ home ) هو مشروع حوسبة موزعة distributed computing لأبحاث الأمراض يقوم بعمل
أداة العدوى,أداة العدوى ( بالإنجليزية : Fomite ) هي أي كائن أو مادة عديمة الحياة قادرة على نقل الكائنات الحية المعدية،
مركبات الطعام,مركبات الطعام ( علم التغذية ) هو مصطلح يتعلق بالنهج التغذوي الذي يدعو إلى نظام غذائي محدد من الأطعمة .
علم الأدلة الجنائية,علم الأدلة الجنائية أو العلوم الجنائية هو مصطلح عام يشمل المناحي العلمية والتقنية المتبعة بأسلوب منهجي علمي لجمع الأدلة وفحص
حسيس,في الطب، الحسيس ( بالإنجليزية : Fremitus ) هو اهتزازات تنتقل خلال الجسم.الحسيس اللمسي يشير إلى الاهتزازات التي يمكن الإحساس
طب وظيفي,الطب الوظيفي هو نوع من أنواع الطب البديل الذي يذكر مؤيدوه أنه يتمركز حول التفاعل بين البيئة والجهاز الهضمي والغدد
فساد دبقي عصبي,الفساد الدبقي العصبي أو الدباق هو تغير تفاعلي لانوعي في نوع من الخلايا تسمى الخلايا الدِبقية استجابة لتعرض الجهاز العصبي
برنامج الدراسات العليا الطبية,برنامج الدراسات العليا الطبية ( GMP ) أو في بعض الأحيان يُعرف أيضًا باسم برنامج دخول الدراسات العليا ( GEP
طب بالرسم,الطب بالرسم يشير إلى استخدام الرسوم الهزلية في مجال التعليم الطبي ورعاية المرضى . وقد تمت صياغة الكلمة على يد
التأمل الاسترشادي,التأمل الإسترشادي هو إحدى العمليات أو التي يقوم المشاركين فيها ب التأمل استجابةً لإرشادات المدرب أو المعلم المتخصص، إما شخصيًا
فحص تراكيب الرأس,"يُعتبر فحص تراكيب الرأس ( بالإنجليزية : head , eyes , ears , nose , and throat examination ) أو"
التئام,الالتئام ( ويعني حرفيًا الاكتمال ) ،التئام الجروح هي عملية طويلة ومعقدة يقوم خلالها الجلد او انسجة الجسم الاخرى بتصليح
الجيل الثاني للصحة,يمثل مصطلحا الجيل الثاني للصحة 2.0 ( وكذلك المفهوم وثيق الصلة الخاص بتكنولوجيا الجيل الثاني للطب 2.0 ) الاحتمالات القائمة
مهرجان الصحة,مهرجان الصحة حدث تثقيفي وتفاعلي للتوعية لتأمين وقاية طبية وفحص طبي للأشخاص في المجتمع أو للموظفين في العمل بالتداخل مع
حركة حرية الصحة,يستخدم مصطلح حركة حرية الصحة لوصف التحالف الحر بين منظمات الطب البديل، وبين المستهلكين، والنشطاء، والممارسين، والمنتجين الذين يقومون بحملاتٍ
تأمين صحي,التأمين الصحي هو أحد أنواع التأمين ضد مخاطر الظروف الصحية لدى الفرد، ويشمل تكاليف فحصه وتشخيصه وعلاجه، ودعمه النفسي والجسدي
تقانة طبية,هي جزء من التكنولوجيا الصحية والذي يشمل مجموعة واسعة من منتجات وخدمات الرعاية الصحية، بشكل أو آخر، وتستخدم لتشخيص المرض
تداوي بالأعشاب,يعرف طب الأعشاب ( أو `` التداوي بالأعشاب '' ) على أنه دراسة واستخدام الخصائص الطبية للنباتات . تمتلك النباتات
سيرة المرض الحالي,تُمثل سيرة المرض الحالي أو تاريخ المرض الحالي ( بالإنجليزية : History of the present illness ) العنصر التالي بعد
طب المستشفيات,طب المستشفيات في الولايات المتحدة هو فرع الطب الذي يعني برعاية المرضى الذين يعانون من مرض حاد للغاية . يسمى
الزيارات المنزلية,الزيارات المنزلية، أو الزيارة المنزلية، هي نوع من أنواع خدمة العملاء حيث يقوم موفر الخدمة بالذهاب إلى منزل المستهلك، بدلاً
حرارة الجسم البشري,تعدّ حرارة الجسم الطبيعية، ويطلق عليها بسوائية الحرارة، معدلاً محدوداً للحرارة المتعلقة بالصحة الجيدة و التنظيم الحراري . تعتمد حرارة
قصور الغدد التناسلية,قصور الغدد التناسلية هو مصطلح طبي يستخدم لوصف نقص النشاط الوظيفي في عمل الغدد التناسلية – الخصيتين عند الرجال والمبايض
نقص التنسج,نقص التنسج أو نقص النمو ( بالإنجليزية : hypoplasis ) هو عدم نمو أو عدم اكتمال نمو نسيج أحد الأعضاء
هرمون وطائي نخامي,الهرمون الوطائي-النخامي ( بالإنجليزية : Hypothalamic-pituitary hormone ) يشير إلى فئة الهرمونات التي تنتج عن طريق الوطاء ( بالإنجليزية :
مجهول السبب,الأمراض مجهولة السبب أو المنشأ ( بالإنجليزية : Idiopathic ) وهي وصف تستخدم أساسا في مجال الطب . وتعني :
تحساس ذاتي,التحساس الذاتي ( بالإنجليزية : Idiosyncrasy ) ، هي سمة غير طبيعية للفرد، قد يُعتبر الرهبة أو الاختلاف المركزي أو
أمراض التهابية ناتجة عن اضطراب المناعة,الأمراض الالتهابية الناتجة عن اضطراب المناعة ( IMID ) هي مجموعة من الحالات أو الأمراض التي تفتقر إلى مسببات محددة،
إيمبوسكس,إمبوسكس هو اضطراب في القواقع البحرية الناجمة عن الآثار السامة لبعض الملوثات البحرية . وتتسبب هذه الملوثات للحلزونات البحرية الأنثوية
فهرس المواضيع الصحية,الصحة هي الحالة الجسدية والنفسية والعقلية والاجتماعية، ومفهوم إيجابي يركز على الموارد الاجتماعية والشخصية، إضافة إلى القدرات البدنية . تسرد
استطباب,الاستطباب ( بالإنجليزية : indication ) أو داعي الاستخدام [ بحاجة لمصدر ] هو مصطلح طبي يصف المبرر المقبول لإجراء
ناهضات غير مباشرة,في علم الصيدلة، الناهضات غير المباشرة أو ناهضات المفعول غير المباشر هي عبارة عن المادة التي تعزز إطلاق الناقل العصبي
تكون الكريات الحمر غير الفعال,تكون الكريات الحمر غير الفعال ( بالإنجليزية : Ineffective erythropoiesis ) هو تكون الكريات الحمر النشط الذي يؤدي إلى إنتاج
معدل العدوى,معدل العدوى ( أو معدل الإصابة ) هو احتمال أو خطر حدوث عدوى في عدد من السكان . يتم استخدامه
ارتشاح ( طب ),الارتشاح ( الكثافة ) فهو تعبير طبي لوصف دخول مادة صلبة أو سائلة في الأنسجة البيولوجية . ويطلق على انتشار
نفخ ( طب ),"النفخ : هي طريقة لنفخ شيء ما ( مثل الغاز , البودرة , أو البخار ) داخل تجويف الجسم ,"
أذية ( طب ),في الطبّ، يستخدم مصطلح أذيّة ( وهو تعريب المصطلح الإنجليزي Insult ) ، للدلالة على المسبب الذي ينتج عنه إصابة
دليل التعليم الطبي الدولي,دليل التعليم الطبي الدولي ( IMED ) عبارة عن قاعدة بيانات عامة تضم كليات الطب في مختلف أرجاء العالم .
فترة التدريب ( طب ),يُستخدَم مصطلح الطبيب المُتدرِب في الولايات المتحدة للإشارة إلى طبيب في مرحلة التدريب أتمَّ دراسته في كلية الطب . والطبيب
خزان العزل,خزان العزل الذي يُسمى أيضًا خزان الحرق الحسي ( المعروف أيضًا باسم الخزان العائم، أو خزان التعويم، أو خزان التوهين
متلازمة كلاينفيلتر,متلازمة كلاينفلتر ( بالإنجليزية : Klinefelter 's syndrome ) هي متلازمة توجد في الذكور الذين يمتلكون صبغ ( خ )
ملبنة مجبنة,الملبنة المجبنة ( بالإنجليزية : Lactobacillus casei ) هو نوع من البكتيريا ينتمي لجنس العصية اللبنية . توجد هذه البكتيريا
متلازمة لازاروس,متلازمة لازاروس أو الإنعاش القلبي الذاتي بعد فشل الإنعاش القلبي الرئوي ( بالإنجليزية : Lazarus syndrome ) هو الرجوع التلقائي
متلازمة تسرب الأمعاء,متلازمة تسرب الأمعاء أو متلازمة الأمعاء الراشحة ( بالإنجليزية : Leaky gut syndrome ) هي حالة افتراضية غير معترف بها
قائمة أكواد المراجعة التاسعة للتصنيف الدولي للأمراض,القائِمة التالية هي قائمة أَكواد المُراجعة التاسعة للتصنيف الدُولي للأمراض ( بالإنجليزية : List of ICD-9 codes ) ، مَع
قائمة أكواد أمراض الوراثة المندلية البشرية عبر الإنترنت,هذه قائمة من رموز الاضطراب في قاعدة بيانات الوراثة المندلية في الإنسان ( OMIM ) . هذه هي الأمراض التي
قائمة مختصرات الأمراض والاضطرابات,فيما يلي قائمة بالاختصارات والرموز الأولى المستخدمة للإشارة إلى الأمراض ( معدية أو غير معدية ) والاضطرابات الطبية . (
قائمة معدل وفيات أمراض السرطان,نسبة المرضى المتوفين بعد خمس سنوات من التشخيص لكل نوع من امراض السرطان : سرطان البنكرياس - 97 % سرطانة
أسباب آلام الأعضاء التناسلية,تنشأ آلام الأعضاء التناسلية، وآلام الحوض نتيجة العديد من الأسباب، والصدمات النفسية والجرائم، والعلاجات الطبية، والأمراض البدنية والأمراض العقلية والالتهابات
قائمة البكتيريا الهامة سريريا,هذه هي قائمة من البكتيريا الهامة سريرياً . وليست قائمة شاملة لجميع الأنواع البكتيرية . ____
قائمة اضطرابات القدم والكاحل,تشمل قائمة اضطرابات القدم والكاحل العديد من الأمراض، ومِنها :
قائمة الاختلالات الوراثية,الاختلالات الوراثية عند الإنسانتقسم الاختلالات الوراثية عند الإنسان إلى قسمين رئيسيين . [ بحاجة لمصدر ] اختلالات مرتبطة بالطفرات الكروموسومية،
قائمة الأعراض الطبية,الأعراض الطبية هي شكوى المريض التي تساعد الطبيب في الوصول إلى المرض . وهذه القائمة ليست شاملة ولكنها قد تكون
قائمة الكائنات الحية الدقيقة التي تم اختبارها في الفضاء الخارجي,قائمة الكائنات الحية الدقيقة التي تم اختبارها في الفضاء الخارجي هي قائمة لعدد كبير من الكائنات الحية الدقيقة اختيرت لتجارب
قائمة شركات الأدوية,هذه قائمة أكبر 12 شركة أدويه مرتبة حسب الدخل اعتبارا من مارس 2010 هذه قائمة أكبر 12 شركة أدويه مرتبة
قائمة أنواع مرض الرهاب,تتعدد أنواع امراض الرهاب بحسب الحالات مثل الأماكن والارتفاعات أو الخوف من الحيوانات أو من الظواهر أو بعض الأصوات او
قائمة النباتات المستخدمة في الأعشاب الطبية,هي قائمة من النباتات التي تم استخدامها في طب الأعشاب . والتي تحتوي على أكبر مجموعة من المركبات الكيميائية التي
قائمة الأمراض الجهازية المصحوبة بالأعراض العينية,الأعراض العينية للأمراض الجهازية هي إصابة العين بشكل مباشر أو غير مباشر بسبب مرض في جزء آخر من الجسم .
تحليل الدم الحي,تحليل الدم الحي ( بالإنجليزية : live blood analysis ) أو تحليل الخلية الحية ( بالإنجليزية : live cell analysis
ازرقاق الجثة,ازرقاق الجثة أو الزرقة الرمية ( Livor mortis ) ( باللاتينية : livor أي `` اللون المُزرقّ '' وmortis أي
رعاية طويلة الأجل,الرعاية طويلة الأجل هي مجموعة متنوعة من الخدمات التي تساعد على تلبية الاحتياجات الطبية وغير الطبية للأشخاص الذين يعانون من
علاج بالليزر منخفض المستوى,العلاج بالليزر منخفض المستوى ( LLLT ) هو شكل من أشكال الطب البديل حيث يتم استخدام أشعة الليزر منخفضة الطاقة
اختبار طفو الرئة,يعتبر اختبار طفو الرئة إجراءً تشريحيًا لتحديد ما إذا كان الطفل قد وُلد حيًا أم ميتًا . وفي حالة طفو
ماكروبايوتيك,استعملت كلمة ماكروبيوتيك في اليونان القديمة بمعنى فن الصحة وطول العمر من خلال العيش بتناغم مع البيئة . أما في
طفح بقعي حطاطي,الطفح البقعي الحطاطي ( بالإنجليزية : Maculopapular rash ) هو نوع من الطفح ويمتاز بأنه مناطق حمراء مسطحة من الجلد
تلين,التلين أو اللدانة أو المرونة أو الليونة ( بالإنجليزية : Malacia ) هيَ صيغة تركيب ( خاصة كَلاحِقة ) تُستخدم
خباثة,الخباثة ( من الجذر اللاتيني المذكر، `` بشكل سيئ '' و- جنو، `` ولد '' ) هو قابلية حالة طبية،
كبر الثدي,كبر الثدي هو التضخم الطبيعي أو العفوي للثدي البشري . يتضخم الثدي بشكل طبيعي أثناء سن البلوغ والحمل لدى النساء،
طب الحشود,طب الحشود ( Mass Gathering Medicine ) هو فرع من فروع الطب يتولى استكشاف الآثار والمخاطر الصحية للحشود والتجمعات الجماهيرية
وفيات الأمومة,وفيات الأمومة أو وفاة الأمومة ( بالإنجليزية : Maternal death ) حسب منظمة الصحة العالمية – هي : « وفاة
موجات ماير,موجات ماير هي موجات في شريان و ضغط الدم الناجمة عن تقلبات في منعكس تحكم مستقبلات الضغط و المستقبلات الكيميائية
كيسة حنكية متوسطة,كيسة حنكية متوسطة ( بالإنجليزية : median palatal cyst ) هي كيسة نادرة قد تحث في أي مكان على طول
ميدك تو ميدك,. برنامج ميدك تو ميدك ( Medic to Medic ) ( والمعروف أيضًا باسمي إم تو إم ( M2M )
نصيحة طبية,النصيحة الطبية هي الرأي المهني الطبي الذي يقدمة الطبيب للمريض لما يجب على المريض فعلة أو تجنبة، وتحتوى عادةً إما
الشهادات الطبية للطيارين,في الولايات المتحدة الأمريكية، يوجد ثلاث فئات من الشهادات الطبية للطيارين ; حيث يجب الحصول على هذه الشهادات للتمتع بالامتيازات
تشخيص ( طب ),التشخيص الطبي هو عملية تحديد المرض أو الحالة التي تفسر الأعراض والعلامات لدى الشخص . وغالبًا ما يشار إليه على
دراما طبية,دراما طبية هو فيلم أو مسلسل تلفزيوني ترتكز أحداثه على عالم المستشفى أو أي بيئة طبية، حيث تحدد معظم الحلقات
وكالة التعليم الطبي,وكالات التعليم الطبي هي مجموعات فرعية متخصصة تابعة للوكالات الإعلانية والتي تقوم بتطوير المحتوى التعليمي لمجالات الرعاية الصحية وعلوم الحياة
مسماة طبية,المسامي الطبية ( بالإنجليزية : Medical eponyms ) مصطلح يستخدم في الطب ويقصد به الأشخاص او الأماكن أو الأشياء التي
دليل إرشادي طبي,الدليل الإرشادي الطبي ( يدعى أيضاً الدليل الإرشادي السريري، أو البروتوكول السريري، أو الدليل الإرشادي للممارسة السريرية ) هو وثيقة
سيرة مرضية,السيرة المَرَضيّة أو التاريخ المرضي أو التاريخ الطبي ( بالإنجليزية : Medical history ) هي ما يرويه المريض من شكاوي
لوجستيات طبية,اللّوجستيات الطبية هي اللوجستيات الخاصة بالأدوية والمستلزمات الطبية والجراحية والأجهزة والمعدات الطبية وغيرها من المنتجات اللازمة لدعم الأطباء والممرضين وغيرهم
نرجسية,النرجسية تعني حب النفس أو الأنانية ، وهو اضطراب في الشخصية حيث تتميز بالغرور، والتعالي، والشعور بالأهمية ومحاولة الكسب ولو
إجراء طبي,الإجراء الطبي هو عملية يقصد بها تحقيق نتيجة في رعاية الأشخاص المصابين بمشكلاتٍ صحية . عندما يكون الإجراء بمعنى تحديد
بحث طبي,البحوث الطبية الحيوية ( أو الطب التجريبي ) عادة ما يعرف باسم البحوث الطبية . البحث الطبي هو البحث الأساسي،
إحصاء طبي,الإحصاء الطبي هو علم يطبق وسائل الإحصاء الحيوي في مجالات الطب والصحة، بما فيها الصحة العمومية والوبائيات والبحوث السريرية والطب
متلازمة طالب الطب,متلازمة طالب الطب ( بالإنجليزية : Medical students ' disease ) مصطلح أدبي لوصف نوع من الوسواس المرضي . يبدأ
مصطلحات طبية,المصطلحات الطبية هي لغة تستخدم للوصف الدقيق للجسم البشري والمكونات المرافقة والأوضاع والعمليات والإجراءات المنهجية ذات الاساس العلمي . أمثلة
استخدام طبي للفضة,تشمل الإستخدامات الطبية للفضة استخدام الفضة في ضمادات الجروح، الكريمات، ومضاد حيوي للطلاء في الاجهزة الطبية . بينما يمكن استخدام
أعراض مرضية غير مبررة طبيا,الأعراض المرضية غير المبررة طبياً ( بالانجليزية : ( Medically Unexplained Physical Symptoms ( ( MUPS ) هي الأعراض التي
دواء,الدواء هو أية مادة تستعمل في تشخيص أو معالجة الأمراض التي تصيب الإنسان أو الحيوان، أو التي تفيد في تخفيف
طب,الطِّبُّ ( باللاتينية : ars medicina ) ، بمعنى فن العلاج؛ هو العلم الذي يجمع خبرات الإنسانية في الاهتمام بالإنسان،
معادن في الطب,تُستخدم المعادن في المجال الطبي في الأنظمة العضوية لأهداف تشخيصية وعلاجية، وتعتبر العناصر اللاعضوية أساسية أيضاً في الحياة العضوية حيث
طب الحد الأدنى من الإزعاج,طب الحد الأدنى من الإزعاج [ 1 ] هو نهج لرعاية المرضى في حالات المرض المزمن تم اقتراحه من قِبل
جراحة طفيفة التوغل,إجراءات طفيفة التوغل ( وأيضاً تعرف بالجراحة طفيفة التوغل ) حيث تم تمكينها من قبل تكنولوجيات طبية متطورة مختلفة .
علاج مركب,العلاج المركب أو العلاج المتوالف أو العلاج المتعدد ( بالإنجليزية : Combination therapy أو polytherapy ) هو العلاج باستخدام أكثر
مشرحة,مستودع الجثث هو مكان مخصص لجثث الموتى . وقد يسمى مشرحة إذا كان موضع مخصص للتعامل مع الجثث من حيث
معدل الوفيات,معدل الوفيات هو مقياس لعدد الوفيات ( بشكل عام أو لسبب محدد ) بالنسبة لتعداد السكان في السنة الواحدة .
علاج بالكي,الكى ( ( بالصينية : ) ) هوأحد طرق علاج الطب الصيني التقليدي الذي يتكون من حرق أوراق نبات الشيح
طب سردي,الطب السردي يعني ضمنًا الطب الذي يُمارس مع التمتع بالقدرة على السرد ويتميز بفهم المواقف السردية المعقدة للغاية بين الأطباء
دراسات الاقتراب من الموت,دراسات القرب من الموت هي إحدى مجالات علم النفس والطب النفسي التي تدرس علم وظائف الأعضاء والظواهر والآثار المترتبة على
تشريح الجثة,تشريح الجثة ( بالإنجليزية : Autopsy ) يسمى أيضاً بـ التشريح الجنائي أو فحص ما بعد الوفاة، هو إجراء طبي
علاج بالتأين السلبي للهواء,العلاج بالتأين السلبي للهواء هو استخدام مؤينات الهواء كعلاجٍ تجريبي غير صيدلاني لـالاضطراب العاطفي الموسمي ( SAD ) والاكتئاب .
بطانة جديدة,يشير مصطلح بطانة جديدة ( بالإنجليزية : Neointima ) عادةً إلى النسيج الندبي الذي يتشكل داخل بنى تشريحية أنبوبية مثل
طب الكلى,طب الكلى أو طب أمراض الكلى ( بالإنجليزية : Nephrology ) ( من nephros νεφρός باليونانية `` الكلى '' ،
عصبون,العَصَبُون ( باللاتينية : Neurone أو Neuron ) أو الخلية العصبية ( بالإنجليزية : nerve cell ) هو خلية قابلة
تأثير نوسيبو,نوسيبو أو المريض بالوهم أو الوهم المرضي ( بالإنجليزية : Nocebo ) ( وهي تركيبة لاتينية تعني `` سوف أمرض
سوائية ثنائي أكسيد كربون الدم,سوائية ثنائي أكسيد كربون الدم أو سواء ثاني أكسيد الكربون في الدم أو سَوِيَّة ثاني أكسيد الكربون في الدم (
حركيات المستشفيات,حركيات المستشفيات أو ديناميات المستشفيات تعرف بالإنجليزية بمصطلح Nosokinetics وهو مصطلح مشتق من أصل لاتيني . وهو علم حديث النشأة
علم تصنيف الأمراض,علم تصنيف الأمراض أو نوسولوجي Nosology ( من اليونانية نوسو=νόσος وتعني المرض، لوجي=λογία وتعني دراسة ) هو فرع من فروع
طب العمل,طب العمل . هو فرع من فروع الطب العيادي الأكثر نشاطا في مجال الصحة . المتخصصون يعملون لضمان أعلى معايير
إعطاء عيني,الإعطاء عيني هو طريقة إعطاء الأدوية من خلال العين وتشمل عادة قطرة العين والمراهم العينية .
إعطاء فموي,إعطاء فموي أو التعاطي بالفم أو إعطاء الدواء عن طريق الفم هيَ إحدى طرق إعطاء الدواء حيثُ يتم أخذ المادة
تدريب عضلات الفم,تدريب عضلات الفم هو تدريب لعضلات اللسان، والشفتين، والوجنتين على اتخاذ الأوضاع المطلوبة لأداء وظائفها، ويستخدم هذا الأسلوب في إعادة
طب الأذن,طب الأذن ( بالإنجليزية : Otology ) هو فرع من فروع الطب يهتم بتشريح الأذن ووظيفتها ( السمع والجهاز الدهليزي
ملخص التوحد,الملخص الآتي يعطي نظرة عامة عن التوحدالتوحد – إضطراب التطور العصبي يتميز بالضعف في التفاعل الاجتماعي والتواصل، من خلال السلوك
تشبع الأكسجين ( طب ),تشبع الأكسجين هو مصطلح يشير إلى نسبة تركيز الأكسجين في الدم . جسم الإنسان يتطلب وينظم الأكسجين في الدم بطريقة
العلاج بالأوزون,العلاج بالأوزون هو شكل من أشكال العلاج بالطب البديل الذي يهدف إلى زيادة كمية الأكسجين في الجسم عن طريق إدخال
سبل,السَبَل هو مصطلح طبي يشير إلى طبقة غير طبيعية من نسيج ليفي وعائي أو نسيج حبيبي . وتشتمل الأماكن الأكثر
علم الطفيليات,علم الطفيليات ( بالإنجليزية : Parasitology ) هو العلم الذي يُعنى بدراسة الطفيليات وعلاقتها مع الجسم المضيف . وكتنظيم بيولوجي،
شلل جزئي,الشلل الجزئي أو الْخَزَّل في الطب هو شلل لجزء من الجسم، وغالباً ما يكون مصحوباً بـ فقدان الإحساس، وعدم تحكم
متلازمة نقص الإحساس الجزئي للأندروجين,متلازمة نقص الحساسية الجزئي للأندروجين ( بالإنجليزية : Partial androgen insensitivity syndrome ) هي حالة تؤدي إلى النقص الجزئي في
مميز المرض,مميز المرض أو واصم المرض ( بالإنجليزية : Pathognomonic ) مصطلح مشتق من الوصم ( بالإنجليزية : Pathognomy ) يستخدم
مريض,المريض ( الجمع : مَرْضَى، مُرَضَاء ) هو أي شخص يتلقى العناية الطبية أو الرعاية أو العلاج الطبي . وهذا
معدل وفيات الفترة المحيطة بالولادة,يشير معدل وفيات الفترة المحيطة بالولادة ( PNM ) ، يسمى أيضاً الوفاة في الفترة المحيطة بالولادة، إلى وفاة الجنين
عمه صوتي,العمه الصوتي هي نوع من العمه أو فقدان المعرفة، الذي يشتمل على الاضطراب في إدراك الأصوات المألوفة وضعف قدرات التمييز
فحص جسمي,الفحص الجسمي أو الفحص البدني ( بالإنجليزية : Physical examination ) أو الفحص الطّبّيّ أو الفحص السريريّ ( والمعروف أكثر
موارد الأطباء,موارد الأطباء يشير إلى عدد الأطباء المدربين العاملين في نظام الرعاية الصحية أو النشطين في سوق العمل . وتعتمد موارد
تقليد ومناهضة نفسية,التقليد النفسي مصطلح يقدم وصفًا لما تقوم به مادة معينة تُحدث في النهاية نفس التأثيرات التي تحدثها مادة أخرى في
جراحة تجميل,جراحة التجميل ( بالإنجليزية : Plastic surgery ) هي الجراحات التي تجرى لأغراض وظيفية أو جمالية، هي بالمفهوم البسيط استعادة
نقطة الرعاية السريرية,نقطة الرعاية السريرية هي ما يقوم به الأطباء المعالجون عند توصيل منتجات الرعاية الصحية وخدماتها إلى المرضى في وقت الرعاية
حمى بونتياك,حمى بونتياك هي مرض حاد غير قاتل يصيب الجهاز التنفسي وتسببها أنواع مختلفة من بكتيريا سلبية الغرام من جنس بكتيريا
كيمياء الوفاة,كيمياء الوفاة أو كيمياء ما بعد الوفاة هو فرع من فروع الكيمياء يعنى بالبنية الكيميائية والتفاعلات والعمليات والمعلميات المتعلقة بالمتعضية
فترة ما بعد الوفاة,فترة ما بعد الوفاة ( PMI ) هي المدة التي انقضت منذ وفاة الشخص . وفي حالة عدم معرفة هذه
سوار الطاقة,باور بالانس ( بالإنجليزية : Power Balance ) هي سوار مطاطي يزعم صانعيه وبائعيه أنه يستخدم تقنية الهولوغرام لكي ``
ورم محتمل الخباثة,يطلق مصطلح ورم محتمل الخباثة على أي حالة مرضية إذا ما تركت دون علاج قد تتحول إلى مرض سرطاني .
بلوغ مبكر,البلوغ المبكر ( بالانجليزية : Precocious puberty ) ، هو البلوغ الذي يحدث في سن مبكرة بشكل غير عادي .
تشخيص وراثي سابق للانغراس,تشخيص وراثي سابق للانغراس ( بالإنجليزية : Preimplantation genetic diagnosis ) ويُدعى اختصارًا PGD أو PIGD، هو التنميط الوراثي للأجنة
شكوى رئيسية,تُمثل الشكوى الرئيسية ( بالإنجليزية : chief complaint ) أو الشكوي المقدمة ( بالإنجليزية : presenting complaint ) الخطوة الثانية
طب وقائي,الطب الوقائي هو فرع من الطب يعنى بدراسة وإيجاد وتطبيق سُبُل الوقاية من الأمراض .
التغذية الوقائية,التغذية الوقائية هي أحد فروع علم التغذية، الذي يهدف إلي الوقاية والتقليل من تأثير المرض و المضاعفات التابعة له .
مآل ( طب ),في الطب، المآل ( أو التكهّن أو توقّعات سير المرض ) هو مصطلح طبي يشير إلى التنبؤ بالنتيجة المستقبلية لحالة
مرض متصاعد,المرض المتدرج أو المرض المُتَرَقّ أو المرض المتفاقم أو المرض التصاعدي أو المرض المتزايد ( بالإنجليزية : Progressive disease )
أمراض نفسية جسمية,الطب النَّفْسَجِسْمِيّ هو فرع من الطب يعنى بالأمراض النفسية الجسمية أو الأمراض النفسجسمية ( أو الأمراض السيكوسوماتية في الترجمات الحرفية
مراقبة سريرية,المراقبة السريرية أو مراقبة المتلأزمات يشير إلى مراقبة ( مجموعات منهجية ،تحليلية وتفسيرية ) لبيانات صحية سريرية عن ملازمات لها
تكثف رئوي,التكثف الرئوي أو التصلد الرئوي ( بالإنجليزية : Pulmonary consolidation ) هو امتلاء منطقة من الرئة بالسوائل وجساوة واضحة (
ضغط إسفيني شعيري رئوي,الضغط الإسفيني الشعيري الرئوي ( بالإنجليزية : Pulmonary Capillary Wedge Pressure أو PCWP ) ، ويدعى أيضًا الضغط الإسفيني الرئوي،
قياس التأكسج,قياس التأكسج ( بالانجليزية : Pulse oximetry ) هي تقنية تستخدم لمعرفة نسبة تأكسد الدم بطريقة غير مباشرة ( كون
نشاط كهربائي عديم النبض,النشاط الكهربائي عديم النبض ( بالإنجليزية : Pulseless electrical activity ) والمعروف أيضا باسم التفارق الكهروميكانيكي ( بالإنجليزية : electromechanical
قيح,( ويسمى بالعامية المد ) القيح هو إفرازات، عادة تتميز باللون الأصفر المائل للبياض `` البيج '' ، أو الأصفر
تفسخ,"هجوم الجراثيم على جسم الإنسان وتكاثرها فيه , وهي إمّا بكتيريا، أو ڤيروس، أو أميبا ( أحاديات الخليّة الحيوانية )"
تقيح الكلية,تقيح الكلية أو الكلاء القيحي أو قياح الكلية ( بالإنجليزية : Pyonephrosis ) هو عدوى في الجهاز الكلوي الجامع، بحيث
تشي كونغ,تشي كونغ أو ( تشي غونغ، تشي جونغ وتعني حرفيا : `` ثقافة طاقة الحياة '' ) هي رياضة تقوم
دجل,الدجل أو الغش الصحي هو تقديم ممارسات طبية مزورة أو جاهلة . و الدجال هو الممارس لهذا النوع من الممارسات
استئصال راديوي,الاستئصال الراديوي ( بالإنجليزية : Radiofrequency ablation ) هو إجراء طبي يحدث فيه اسئصال لجزء من نظام التوصيل الكهربائي للقلب،
دواء مشع,هو دراسة وإعداد المواد المشعة، والتي هي الصيدلية المشعة . الصيدلية المشعة التي تستخدم في مجال الطب النووي كأثر في
جراحة السكك الحديدة,جراحة السكك الحديدة هو نوع من الممارسات الطبية التي ازدهرت في القرن التاسع عشر ومطلع القرن العشرين، حيث يعني بالمتطلبات
اختبار تشخيصي سريع,الاختبار التشخيصي السريع ( بالإنجليزية : Rapid diagnostic test ) ومختصره ( RDT ) هو اختبار تشخيصي يمكن إجراؤه بسرعة
كتلة الدهون النسبية,إن كتلة الدهون النسبية ( RFM ) هي صيغة بسيطة لتقدير الوزن الزائد أو السمنة لدى البشر والتي لا تتطلب
الدين ومرض الإيدز,الدين ومرض الإيدز.أصبح موضوع موقف الدين من مرض الإيدز من الموضوعات المثيرة للجدل في السنوات العشرين الأخيرة؛ والسبب وراء ذلك
إرشاد بعيد,الإرشاد البعيد في السياق الطبي يشير إلى الإشراف والإرشاد في المهمة الطبية، وعادة ما يكون الإجراء أو الاختبار القادم من
إقامة ( طب ),الإقامة ( بالإنجليزية : Residency ) هي مرحلة من التدريب في الدراسات الطبية العليا . الطبيب المقيم أو المقيم ويسمى
فحص جهازي,استعراض الأجهزة ( بالإنجليزية : ROS ) ، هو أسلوب يستخدم من قبل الممارس الصحي من أجل الحصول على التاريخ
ريتشارد غولدشميت,ريتشارد غولدشميت ( بالإنجليزية : Richard Goldschmidt ) ( و . 1878 – 1958 م ) هو أحيائي، وعالم وراثة،
تخشب موتي,الصَمَلُ المَوتِي ويعرف بـالتخشب الموتي أو التيبس الميتي ( بالإنجليزية : Rigor mortis ) هي أحد العلامات المعروفة للوفاة وتحدث
خطر العدوى,خطر العدوى هو تشخيص تمريضي يعرف بأنه الحاله التي يكون فيها الفرد في خطر من غزو انتهازي من كائنات أو
عصا أسكليبيوس,عصا أسكليبيوس هي رمز يوناني قديم متعلق بعلم التنجيم وبشفاء المرضى في الطب . يتألف من أفعى ملتفة حول عصا
كلية الجراحين الملكية,إن كلية الجراحين الملكية أو كلية الجراحة الملكية هي أحد أنواع المؤسسات التي أسسها العديد من الأعضاء الحاليين والسابقين من
محمر الجلد,محمّر الجلد هي مادة تستخدم موضعياً تسبب احمرار الجلد . إذ أنها تتسبب في توسع الشعيرات الدموية وزيادة الحركة الدورانية
SLITRK1,SLITRK1‏ ( SLIT and NTRK like family member 1 ) هوَ بروتين يُشَفر بواسطة جين SLITRK1 في الإنسان .
تصلب ( طب ),"تصلب ( بالإنجليزي : Sclerosis or Sclerotization ) هو تقوية –تصلب- الأنسجة وغيرها من الخواص التشريحية , يشير إلى :"
كشف ( طب ),الكشف ( أو الفحص أو التحري ) في الطب هو استراتيجية لتحديد الوجود لمرض محتمل لم يُشخّص في أفراد دون
تشخيص ذاتي,التشخيص الذاتي هو أن يقوم شخص بعملية التشخيص أو تحديد الوضع الصحي لنفسه بنفسه . وقد يستعين الشخص بالقواميس الطبية
متوالية ( طب ),في الطب، المتوالية ( بالإنجليزية : Sequence ) هي سلسلة من الحوادث المترتبة الناتجة عن سبب واحد.تختلف المتوالية عن المتلازمة
تحديد الجنس,تَحديدُ الجنس ويُعرف أحيانًا بتحديد النوع، وهو تحديدُ جنس الرضيعِ عند الولادة حيثُ يقومُ أحدُ الأقاربِ، أوِ القابلة، أو الممرضةُ،
هرمون تناسلي,الهرمونات التناسلية هي هرمونات سكرية عديدة الببتيد، تفرزها الخلايا التناسلية والتي توجد في النخامية الامامية في الفقاريات . تشمل هذه
طب اجتماعي,يبحث حقل الطب الاجتماعي في : فهم كيفية تأثير الظروف الاجتماعية والاقتصادية على الصحة والمرض والتدرب على الطب فضلا عن
اختصاص طبي,الاختصاص الطبي أو التخصص الطبي في طب هو فرع من الممارسة الطبية .
علم أمراض النطق واللغة,علم أمراض الكلام واللغة أو ما يسمى باللغة الإنجليزية speech-language pathology هو العلم الذي يختص بدراسة وتقييم اضطرابات التواصل البشري،
شفاء تلقائي,الشفاء التلقائي أو التراجع العفوي هو تحسن غير متوقع أو شفاء من مرض لا يتم الشفاء منه عادةً . وتستخدم
تضيق ( طب ),في الطب، يستخدم مصطلح التضيق ( بالإنجليزية : Stenosis وكذلك stricture و coarctation ) لوصف التضيق الشاذ في الوعاء الدموي
ولادة جنين ميت,ولادة جنين ميت أو الإملاص هو حالة وفاة الجنين في الرحم . يُعرّف القانون الأسترالي الإملاص على أنه موت الجنين
جوز مقيء,إسطركن الجوز المقيء أو جوز القيء ( أو جوزة القيء ) ( الاسم العلمي : Strychnos nux-vomica ) هو نوع
عدوى بدون أعراض,عدوى بدون أعراض أو عدوى تحت الإكلينيكية ( بالانجليزية : Subclinical infection ) `` يطلق علىها في بعض الأحيان بدايات
خلع جزئي,الخلع الجزئي قد يكون له معاني مختلفه ، معتمدا علي التخصص الطبي المعني.يتضمن ذلك وجود خلع جزئي أو كلي للمفصل
اختصاص فرعي,الاختصاص الفرعي ( بالإنجليزية : Subspecialty ) هو مجال ضيق من خلال الاختصاص الطبي مثل الأدلة الجنائية، والتي تعتبر فرعا
تعريفات الانتحار,تاريخيا، كانت مصطلحات الانتحار شائعة ومرتبطة مع قضايا التسمية كما عرفت المصطلحات بشكل مختلف اعتمادا على الهدف من التعريف (
مصفاة جراحية,المصفاة الجراحية هي عبارة عن عملية قراءة الأفكار في الطب . وتعد مثالًا لكيفية تنظيم إجابة الفحص المخصصة لطلبة الطب
فريق جراحي,الفريق الجراحي هو فريق من الناس يقومون بأعمال الجراحة ومهام أخرى ذات صلة . الأدوار في الفريق تشمل الجراح ومساعد
عرض ( طب ),العَرَض ( بالإنجليزية : Symptom ) ( ج . أعراض ) هو ما يطرأ على المريض من تغير أو ظواهر
معالجة الأعراض,معالجة الأعراض عبارة عن أي علاج طبي لأحد الأمراض بحيث يؤثر فقط على الأعراض المصحابة للإصابة به وليس سببها مثل
متلازمة,المُتَلاَزِمَة أو التَّنَاذُر هي مجموعة من الأعراض المرضية والعلامات المتزامنة ذات المصدر الواحد . في الطب أو الطب النفسي المتلازمة
مرض جهازي,الداء الشامل أو المرض العام أو المرض غير الموضعي أو الداء الجهازي أو المرض الجهازي ( بالإنجليزية : Systemic disease
عيادة تعليمية,العيادة التعليمية هي عبارة عن عيادة مريض خارجي يتم فيها تقديم الرعاية الطبية للمرضى المتجولين - وهذا بخلاف المرضى المقيمين
مستشفى تعليمي,المستشفى التعليمي أو المستشفى الجامعي هو مستشفى يلحق بكلية الطب، ويكون الغرض من إنشائه هو تعليم طلبة الطب والأطباء بالإضافة
مرض عضال,مرض العضال أو المرض النهائي ( بالإنجليزية : terminal illness ) وصف طبي يطلق على الامراض المزمنة والتي عادة ما
ترمينولوجيا هستولوجيكا,ترمينولوجيا هستولوجيكا ( بالإنجليزية : Terminologia Histologica ) ويُدعى اختصارًا TH، هي لغة مقيدة تُستعمل في علم الأحياء الخلوي وعلم
بدلات خصوية,البدلات الخصوية ( بالإنجليزية : Testicular prostheses ) هيَ أجسام بيضوية بلاستيكية تُزرع في الصفن، حيثُ تساعد على توفير مَظهر
عطالة علاجية,العطالة العلاجية ( بالإنجليزية : Therapeutic inertia ) أو العطالة السريرية ( بالإنجليزية : clinical inertia ) هو مقياس لمقاومة
بنك العظام,بنك العظام هو مستودع للعظام يمكن استخدامه في العمليات الجراحية، حيث يستخدم الأطباء العظام لإصلاح الكسور، واستبدال العظام المريضة، أو
دواء موضعي,الدواء الموضعي هو الدواء الذي يتم تطبيقه على الجلد أو الأغشية المخاطية لعلاج الأمراض باستخدام مجموعة واسعة من المواد التي
رموز طبوغرافية,"في الطب , تكون `` الرموز الطبوغرافية '' ( أو `` الطبوغرافيا codes '' ) عبارة عن رموز تشير إلى"
متلازمة السمية,متلازمة السمية هي متلازمة ناتجة عن مستويات خطيرة للسموم في الجسم . و قد صيغ هذا المصلح عام 1970 من
الطب الصيني,الطب الصيني ( بالصينية العامية : 中医 ; بالصينية الفصحى : 中醫 ) يعتبر أحد أنواع الطب البديل ومنتشر في
معروف ( لغات ),المعروف في الاصطلاح هو اللفظ المستعمل كما هو في اللغتين العربية والفارسية بدون أدنى تغيير مثل : مكة والمدينة وأكثر
مجسم إنسان,المُنْكِين أو الدمية التشريحية أو مجسم الإنسان ( المانيكان ) عبارة عن نموذج بشري تشريحي يستخدم في التعليم . ومن
طب المسافرين,"طب المسافرين ( بالإنجليزية : Travel medicine ) وهو الطب الذي يعنى بصحة المسافرين والسواح , وهو فرع من فروع"
متلازمة تيرنر,متلازمة تيرنر ( بالإنجليزية : Turner syndrome ) هي متلازمة توجد في الإناث الذين يمتلكون نسخة واحدة فقط من الصبغ
التطعيمات والدين,يتشارك كل من التطعيمات والدين علاقات متباينة من أنواع مختلفة، مع وجود بعض الذين يعارضون وغيرهم الذين يؤيدون استخدام اللقاحات
جراحة المهبل التجميلية,thumb|300px|المظهر قبل الجراحة ( يسار ) ، والمظهر بعد الجراحة ( يمين ) ل [ [ رأب الشفرين|تصغير الشفرين ]
انسداد الأوعية الدموية,الانسداد الوعائي ( بالإنجليزية : vascular occlusion ) هو انسداد الأوعية الدموية عادة بواسطة تجلط دموي . ويختلف عن الجلطة
آلة فيغا,آلات فيغا ( بالإنجليزية : Vega machine ) هي نوع من أجهزة الوخز الكهربائية يدعي أنصارها استخدامها في تشخيص الحساسية
نابتة ( علم الأمراض ),النابتة أو النبت أو الكساء النباتي في الطب هي نمو غير طبيعي في الجسم وسُميت بذلك باعتبارها متشابهه في نموها
طب الأمراض المنقولة جنسيا,طب الأمراض المنقولة جنسياً أو طب الأمراض الزهرية هو فرع من فروع الطب ومتعلق بدراسة وعلاج الأمراض المنقولة جنسيا، وعادة
قسم الطبيب البيطري,قسم الطبيب البيطري ( بالإنجليزية : Veterinarian 's Oath ) هو القسم الذي يؤديه البيطري من أجل الإخلاص في عمله
تخدير بيطري,تخدير بيطري ( بالإنجليزية : Veterinary anesthesia ) هي تخدير الحيوانات من قبل طبيب بيطري أو فني بيطري مرخص .
أخلاقيات الطب البيطري,أخلاقيات الطب البيطري أو الأخلاق البيطرية ( بالإنجليزية : Veterinary ethics ) هو مجموعة المبادئ الأخلاقية التي تطبق القيم والأحكام
طب بيطري,الطب البيطري ( بالإنجليزية : Veterinary medicine ) أو البيطرة هو تطبيق المبادئ الطبية والتشخيصية والعلاجية على الحيوانات الإنتاجية والمنزلية
علم الأمراض البيطرية,علم الأمراض البيطرية أو أخصائي علم الأمراض البيطري ( بالإنجليزية : Veterinary pathology ) هو طبيب بيطري يتخص في تشخيص
صيدلة بيطرية,صيدلة بيطرية ( بالإنجليزية : Veterinary pharmacy ) هو مجال من ممارسة الصيدلة حيث يمكن للصيادلة البيطريين تركيب الأدوية، ملء
الصحة العامة البيطرية,الصحة العامة البيطرية ( بالإنجليزية : Veterinary public health ) هو أحد فروع الصحة العامة التي تركز على تطبيق العلوم
شعوذة,الشعوذة أو السحر الأسود، ويمكن اعتباره فرعاً من فروع السحر الذي يستند على استحضار ما يسمى بالقوى الشريرة أو قوى
مراقبة الصحة في مكان العمل,يعتبر مفهوم مراقبة الصحة في مكان العمل مفهومًًا جديدًا على الصحة المهنية، وكثيرًا ما يختلط بمفهوم الفحص الطبي . يشير
الدليل العالمي للمدارس الطبية,يعد الدليل العالمي لمدارس الطب ( اختصارا ( WDMS ) ) قاعدة بيانات عامة للمؤسسات التي تدعم التعليم الطبي .
متلازمة ذكر إكس إكس,متلازمة ذكر إكس إكس ( بالإنجليزية : XX male syndrome ) هي حالة خِلقية نادرة يجمع فيها الفرد بين النمط
وصفة طبية,الوصفة طبية ( ℞ ) هي وثيقة الرعاية الصحية التي يحررها الطبيب في شكل تعليمات التي تحكم خطة رعاية المريض
