testosteron-17β-dehydrogenase-mangel,testosteron-17β-dehydrogenase-mangel seltene angeborene erkrankung pseudohermaphroditismus störung geschlechtsentwicklung männlichen geschlecht aufgrund mangels testosteron-17β-dehydrogenase genauer isoenzyms 17-beta-hydroxysteroid-dehydrogenase 17betahsd iii mangel häufigste form
störung der geschlechtsentwicklung durch 5α-reduktase-2-mangel,5α-reduktase-2-mangel autosomal rezessive erbkrankheit störung geschlechtsentwicklung führen zugrunde liegt defizit enzyms steroid-5α-reduktase typ
abrasio dentium,abrasio dentium deutsch abrasion zähne lateinisch abrasio abnutzung abschaffung bezeichnet zahnmedizin verlust zahnhartsubstanz reibung attrition demastikation unterformen
private unfallversicherung,private unfallversicherung zahlt versicherungsnehmer vertrag versicherte(n person(en versicherungsfall kapitalleistung und/oder unfallrente gesetzlichen unfallversicherung gilt versicherungsschutz sofern anderes vereinbart unfälle weltweit
akupunktur,akupunktur lateinisch acus nadel punctura/pungere stechen/stechen chinesisch 针灸 針灸 pinyin zhēn jiǔ alternativmedizinische behandlungsmethode traditionellen chinesischen medizin tcm therapeutische wirkung
akutes abdomen,akute abdomen akuter bauch medizinischer begriff symptomentrias starken akuten bauchschmerzen abwehrspannung bauchdeckenmuskulatur stark ausgeprägten kreislaufdekompensation kreislaufschock definiert typische symptome u
compliance medizin,compliance oberbegriff kooperative verhalten patienten rahmen therapie eingedeutschte bezeichnung lautet komplianz bedeutet therapietreue
verwachsung,verwachsungen verklebungen medizinisch adhäsionen bilden organen geweben normalerweise miteinander verbunden häufig auftretenden narbenstrang bauchhöhle bezeichnet bride umgangssprachlich begriff verwachsungsbauch benutzt
arztbrief,arztbrief synonym epikrise entlassungsbrief patientenbrief befundbericht bezeichnet transferdokument kommunikation ärzten arztbrief einzelnen behandlungsfall behandelnden einrichtung erstellt beginnt aufnahme einrichtung endet
adverse outcome pathway,konzept adverse outcome pathways aop erlaubt verbindung biologischen vorgängen adversen effekten eingang risikobewertung gefunden aop schließen wirkungsweise vorgelagerte exposition nachgeschalteten
agenesie,begriff agenesie synonyme agenesia agenesis medizin veterinärmedizin verwendet vollständige fehlen organs aufgrund genetisch bedingten nichtanlage beschreiben handelt form hemmungsfehlbildung entstehungszeitpunkt
agnosie,agnosie altgriechisch α- a- un- γνώσις gnosis erkenntnis begriff medizin philosophie unterschiedlichen bedeutungen verwendet philosophie bedeutet unwissen
agonist pharmakologie,agonist griechisch αγωνιστής agonistís tätige handelnde führende pharmakologie substanz ligand bezeichnet besetzung rezeptors signaltransduktion zugehörigen zelle aktiviert agonist sowohl körpereigene
allopathie,allopathie altgriechisch ἄλλος állos beschaffen verschieden πάθος páthos leiden krankheit ursprünglich allöopathie ursprünglich bezeichnung samuel hahnemanns begründers homöopathie bestimmte nicht-homöopathische
alternativmedizin,alternativmedizin alternative medizin komplementärmedizin komplementäre medizin sammelbezeichnungen behandlungsmethoden diagnostische konzepte alternative ergänzung wissenschaftlich begründeten behandlungsmethoden medizin verstehen abgrenzung begriff schulmedizin
chorumgang,chorumgang de-)ambulatorium lateinisch ambulare bauteil traditionellen kirchenbauwerks christlichen abendland bezeichnet weiterführung  seitenschiffe querschiffarme hinweg sofern vorhanden chor herum angeordnet
anatomische lage- und richtungsbezeichnungen,lage- richtungsbezeichnungen körpers meisten gewebetiere inklusive dienen anatomie beschreibung position situs lage versio verlaufs einzelner strukturen termini bestandteil anatomischer namen
androgenresistenz,androgenresistenz erkrankung aufgrund mutation erbgut männlichen androgenrezeptor unzureichend funktioniert genetisch individuum mann xy-geschlechtschromosomen geschlechtsorgane männlich ausdifferenziert androgene gebildet wirkungsort hormone
anästhesiologie,anästhesiologie anaesthesiologie anästhesie altgriechisch ἀναισθησία empfindungslosigkeit medizinisches fachgebiet umfasst anästhesieverfahren allgemein- regional- lokalanästhesie einschließlich vor- nachbehandlung aufrechterhaltung vitalen funktionen operativer
biss,biss bezeichnet vorgang beißens lebewesens meist verwendung zähne beißen zentrale aufgabe kiefers
anne fausto-sterling,anne fausto-sterling us-amerikanische biowissenschaftlerin
anorchie,anorchie anorchidie anomalie männlichen genitals geburt hoden fehlen vollständig funktionsunfähig zeitpunkt hodenverlust entsteht minder ausgeprägter männlicher pseudohermaphroditismus
antibiotikaresistenz,bezeichnung antibiotikaresistenz eigenschaften mikroorganismen bakterien pilze zusammengefasst ermöglichen wirkung antibiotisch aktiven substanzen abzuschwächen neutralisieren resistenz antibiotika tritt meist kombination anpassung
aplasie,aplasie bzw aplasia altgriechisch ἀπλασία neugriechisch απλασία neulateinisch aplasia nichtausbildung medizin nichtausbildung organes trotz vorhandener organanlage unterschied agenesie bezeichnet
apoptose,apoptose altgriechisch ἀπόπτωσις apóptosis ἀποπίπτειν apopíptein abfallen form programmierten zelltods suizidprogramm einzelner biologischer zellen
apfelessig,apfelessig speiseessig apfelwein fermentation alkoholhaltigen basis entsteht essig
arab health,arab health größte messe größte kongress medizin gesundheitswesen nahen osten dubai world trade centre durchgeführt informa exhibitions organisiert
aromatase-mangel,aromatase-mangel seltene angeborene erkrankung vermindertem östrogen erhöhtem testosteron blutserum aufgrund störung herstellung enzyms aromatase aromatase-mangel verhindert umwandlung testosteron estradiol führt
aromatherapie,aromatherapie bezeichnet anwendung ätherischer öle linderung krankheiten steigerung wohlbefindens berufs- gewerbsmäßig form heilkunde approbierten ärzten deutschland heilpraktikergesetz heilpraktikern erlaubt
asymptomatisch,krankheitsverlauf verschiedenen kriterien beschrieben zudem bestimmte krankheit verschiedenen patienten unterschiedlich verlaufen
asystolie,asystolie a- systole herzkontraktion fachausdruck medizin versteht stillstand elektrischen mechanischen herzaktion unbehandelt innerhalb minuten tod führt
atonie,atonie altgriechisch ἀ- a- deutsch un- -los τόνος tonos deutsch spannung adjektive aton atonisch atonistisch atonisiert atonal atonatorisch medizinische fachbegriff
atresie,atresie bzw atresia neugriechisch άτρητος neulateinisch atretos öffnung bezeichnet angeborenen erworbenen verschluss nichtanlage hohlorganen beziehungsweise natürlichen körperöffnungen
seelentaubheit,seelentaubheit akustische agnosie auditive agnosie bezeichnet störung nehmen betroffenen wörter akustisch erkennen verstehen
aura symptom,neurologie bezeichnet wahrnehmungsstörungen affekte regel anfall migräne epilepsie folgt aura aura gehört zahlreichen symptomen erkrankungen gleichartig zumindest ähnlich einzelfall krankheit
autoimmunerkrankung,autoimmunerkrankung medizin überbegriff krankheiten gestörte toleranz immunsystems körper zugrunde liegt wortsinne immunreaktionen mikrobiom angriffe körper gehörende mikroorganismen autoimmunerkrankungen zugerechnet
obduktion,obduktion lateinisch obductio obducere bedecken nachträglich hinzuziehen bzw vorführen innere leichenschau leichenöffnung feststellung todesursache rekonstruktion sterbevorgangs
gutartiger tumor,gutartiger benigner tumor medizin tumor bezeichnet weder kriterien hyperplasie kriterien semimalignen bösartigen tumor erfüllt gutartige tumoren entstehen gegensatz hyperplasie reizunabhängig
benignität,benignität lateinisch benignitas güte milde bedeutet allgemein gutartigkeit
gallengrieß,"gallengrieß zähflüssige eindickung gallenflüssigkeit gallensteinchen ca 0,5–1 mm definition mm enthält"
biomedizin,biomedizin teildisziplin humanbiologie grenzbereich medizin biologie interdisziplinäres fachgebiet inhalte fragestellungen experimentellen medizin methoden molekularbiologie zellbiologie verbindet
biomonitoring,begriff biomonitoring bzw bioüberwachung findet verschiedenen fachdisziplinen anwendung
biostratinomie,biostratinomie biostratonomie lehre einregelung anordnung fossilien gestein umfasst vorgänge individuum absterben endgültigen einbettung sediment
plasmafraktionierung,plasmafraktionierung verfahren gewinnung proteinen menschlichem blutplasma plasma hilfe verschiedener physikalischer methoden fällung filtration adsorption elektrophorese einzelne fraktionen aufgetrennt gereinigt
körperspende,körperspende vermacht spender leichnam anatomischen institut lehr- forschungszwecken plastination motiv körperspende medizinische forschung wissenschaftliche ausbildung medizinstudenten präparierkurs fördern hinterbliebene finanziell
körperflüssigkeit,zahlreichen körperflüssigkeiten menschlichen körpers bestehend hauptsächlich wasser grob untergliedert flüssigkeitskreisläufen zirkulieren innerhalb bestimmter räume kompartimente vorkommen trennung eher formal scheinbar
körperbild,körperbild vorstellung körper körpererlebens formales wissen phantasien gedanken einstellungen bewertungen bedeutungszuschreibungen körper betreffend beinhaltet
hirntod,hirntod adjektiv hirntot irreversible hirnfunktionen vorhandener kreislaufaktivität künstlich aufrechterhaltener atmung aufgrund weiträumig abgestorbenen nervenzellen verstanden begriff hirntods handelt todesdefinition zusammenhang
hirntod,hirntod adjektiv hirntot irreversible hirnfunktionen vorhandener kreislaufaktivität künstlich aufrechterhaltener atmung aufgrund weiträumig abgestorbenen nervenzellen verstanden begriff hirntods handelt todesdefinition zusammenhang
holotropes atmen,holotropes atmen holotrope atemarbeit griechischen holos trepein richten begeben ganzheit ausgerichtet stanislav grof entwickelte atemtechnik ansicht anwender erfahrungsbereiche eintreten bewusstsein
leichnam,leichnam ausschließlich menschliche verstorbene bezeichnet leiche mittelhochdeutsch līch althochdeutsch līh körper fleisch leiche toten körper tieres versteht tierleichen präzisierenden begriffe
kalzinose,kalzinose lat calcinosis  bedeutet kalkreichtum name krankhafte ablagerung calciumsalzen amorphes hydroxylapatit calciumphosphat calciumpyrophosphat kleinere mengen calciumcarbonat haut körperorganen
konkrement,konkrement stein(e medizinischer fachausdruck ablagerung form festen masse bezeichnet zurückbleiben vorher gelöster stoffe hohlorgan körperflüssigkeit bildet konkremente gallensteine harnsteine nierensteine
kardiotokografie,kardiotokografie bzw -graphie englisch cardiotocography ctg bezeichnet verfahren simultanen gleichzeitigen registrierung aufzeichnung herzschlagfrequenz ungeborenen kindes wehentätigkeit griechisch tokos werdenden mutter
fallbericht medizin,klinischer fallbericht englisch case report detaillierte beschreibung medizinischer maßnahmen beobachtungen wenigen patienten typischerweise fallbericht ungewöhnlichen vorgang ungewöhnliche erkrankung situation erscheinungsbild
ätiologie medizin,ätiologie beschäftigt ursachen entstehen krankheit medizin klinischen psychologie speziell epidemiologie bedeutung
todesursache,todesursache eintritt sterbevorgangs todes verantwortlich betrachtungsweise begriff unterschiedlich definieren
neurobiologische schizophreniekonzepte,stichwort neurobiologische schizophreniekonzepte tatsachen theorien zusammengefasst vornehmlich naturwissenschaftlern erstellten modellen schizophrenie krankheit beschäftigen moderne medizin erforscht ätiologie pathogenese schizophrenie großem
zentraler venendruck,zentraler venendruck zentralvenöser druck zvd blutdruck vorhof herzens oberen hohlvene v cava superior zentral ausdruck bezieht klappenlosen raum zentrum blutkreislaufs
konisation,konisation handelt zumeist ambulant durchführbaren operativen eingriff muttermund erwachsenen frau skalpell mittels laser elektrischen schlinge gewebekegel konus name konisation zervix
überlebenskette,begriff lebensrettende kette chain of survival bezeichnet angelsächsischen raum lebensrettende sofortmaßnahmen laien plötzlichem herz-kreislaufkollaps erstmaßnahmen kette  erkennen symptome plötzlichen
chemoprophylaxe,chemoprophylaxe chemoprophylaxis prophylaktische gabe antiinfektivums mögliche infektionskrankheit verbreitung krankheitserregers verhindern chemoprophylaxe gehört dispositionsprophylaktischen maßnahmen infektionsschutzes
chimäre genetik,chimäre nennt medizin biologie organismus genetisch unterschiedlichen zellen bzw geweben aufgebaut dennoch einheitliches individuum darstellt
krankheitsverlauf,krankheitsverlauf verschiedenen kriterien beschrieben zudem bestimmte krankheit verschiedenen patienten unterschiedlich verlaufen
famulatur,famulatur lat famulus gehilfe diener deutschland approbationsordnungen werdende ärzte apotheker vorgeschriebenes praktikum viermonatiger medizin bzw
famulatur,famulatur lat famulus gehilfe diener deutschland approbationsordnungen werdende ärzte apotheker vorgeschriebenes praktikum viermonatiger medizin bzw
kreislaufstillstand,kreislaufstillstand häufig herzstillstand gleichgesetzt bezeichnet akute aufhören blutzirkulation plötzlich eingetretene schwere störung herz-kreislauf-systems sekunden eintritt kreislaufstillstands bewusstlosigkeit sekunden atemstillstand
klinischer behandlungspfad,klinischer behandlungspfad engl clinical pathway beschreibungsmodell muster ablaufplan durchführung medizinischen behandlung
supervision,supervision lateinisch über-blick form beratung mitarbeiter supervisionen supervisor zumeist entsprechende qualifikation zusatzausbildung geleitet
klitorishypertrophie,klitorishypertrophie klitoromegalie megaloklitoris genannt medizinische bezeichnung anatomisch ungewöhnlich penisähnliche klitoris
kloakenekstrophie,kloakenekstrophie kloake gemeinsamer körperausgang verdauungs- geschlechts- exkretionsorgane altgriechisch ἐκ ek außen hinaus altgriechisch στροφή strophē wendung seltene angeborene fehlbildung sogenannten
poltern sprechstörung,poltern störung redeflusses bzw sprechstörung
sarggeburt,sarggeburt scheinbare geburt tod beginnender fäulnis schwangeren leiche ungeborenen kindes auftreten begriff stammt rechtsmedizin
cohn-extraktion,cohn-extraktion synonym cohn-fraktionierung extraktion albuminen blutplasma  us-amerikanischen biochemiker edwin j cohn 1892–1953  entwickelt
kombinationstherapie,kombinationstherapie ugs kombitherapie versteht behandlung erkrankung therapien mehreren  arzneistoffen tumortherapien gleichzeitig strahlentherapie chemotherapie durchgeführt
komplette androgenresistenz,komplette androgenresistenz goldberg-maxwell-morris-syndrom englisch complete androgen insensitivity syndrome bzw cais treffendste bezeichnung genetisch bedingten rezeptor­defekt zielzellen testosteron bedingten weiblichen phänotyp
komplikation,komplikation bezeichnet medizin unerwünschte folge krankheit unfalls eingriffs medikaments engeren sinn krankheitsbild gehört komplikationen meist therapie änderung therapie erforderlich schweren
zwangssterilisation,zwangssterilisation versteht herbeiführung unfruchtbarkeit zeugungsunfähigkeit einwilligung großem umfang vorgenommen  rahmen eugenikprogramme hälfte
computerized physician order entry,computerized physician order entry cpoe bezeichnet elektronische arzneimittelverordnung elektronische erfassung verarbeitung therapeutischen anweisungen arztes ziel steigerung medikationssicherheit reduktion kosten
adrenogenitales syndrom,adrenogenitale syndrom ags gruppe autosomal-rezessiv vererbter stoffwechselkrankheiten störung hormonsynthese nebennierenrinde gekennzeichnet bildung cortisol aldosteron gestört
cah durch 11-beta-hydroxylase-mangel,cah 11-beta-hydroxylase-mangel seltene angeborene form kongenitalen nebennierenhyperplasie adrenogenitales syndrom typ iv bezeichnet hauptmerkmale mangel glucocorticoiden hyperandrogenämie arterielle hypertonie virilisierung weiblichen
cah durch 3-beta-hydroxysteroid-dehydrogenase-mangel,cah 3-beta-hydroxysteroid-dehydrogenase-mangel seltene angeborene form kongenitalen nebennierenhyperplasie adrenogenitales syndrom typ ii bezeichnet hauptmerkmale mangel glucocorticoiden mineralocorticoiden geringe virilisierung männlichen geschlecht
continuing medical education,continuing medical education cme anglo-amerikanischen stammender begriff kontinuierliche berufsbegleitende fortbildung medizin tätiger ärzte bezeichnet weitergefasst begriff genannte kontinuierliche berufliche entwicklung
kontraindikation,kontraindikation lateinisch contra indicare anzeigen gegenanzeige umstand anwendung diagnostischen therapeutischen verfahrens gegebener indikation fall verbietet strenger abwägung ergebender risiken zulässt
rekonvaleszenz,rekonvaleszenz lateinisch reconvalescere kräftig stark valere gedeihen heil valescere heilen konvaleszenz bedeutet genesung heilung begriff gleichzusetzen remission zurückgehen nachlassen restitution
tonisch-klonischer krampfanfall,konvulsionen konvulsion sg med.-fachspr
ponderal-index,ponderal-index rohrer-index genannt maßzahl beurteilung körpergewichts physikalisch korrekt körpermasse relation körpergröße ähnlich body-mass-index schweizer physiologen fritz rohrer 1888–1926 eingeführt
cranio-sacral-therapie,cranio-sacral-therapie lateinischen cranium schädel sacral kreuzbein os sacrum betreffend schädel-kreuzbein-therapie kraniosakraltherapie alternativmedizinische behandlungsform osteopathie entwickelt manuelles verfahren handgriffe vorwiegend bereich
substanzverlangen,abhängigkeit umgangssprachlich sucht bezeichnet medizin unabweisbare verlangen bestimmten erlebniszustand verlangen kräfte verstandes untergeordnet
dread-disease-versicherung,dread-disease-versicherung übersetzt versicherung gefürchtete krankheiten schwere-krankheiten-vorsorge critical illness personenversicherung leistung eintritt fest definierten schweren krankheiten versicherten person ausgezahlt z b
heilmittel,heilmittel stoff gegenstand behandlungsverfahren heilsame wirkung patienten ausgehen
dawn-phänomen,dawn-phänomen englisch dawn morgendämmerung versteht diabetikern blutzuckeranstieg frühen morgenstunden ursache anstieges relativer insulinmangel nächtliche ausschüttung gegenspielern insulins bedingt
totraum atmung,totraum raum atemsystems pulmonalen gasaustausch beteiligt fortleitung inspirierten gasgemisches dient totraum dient einigen grundlegend wichtigen konditionierungsvorgängen inspiration einatmen
dekompensation,dekompensation lat decompensatio unausgeglichenheit entgleisung bezeichnet medizin zustand patienten körper fehlfunktion organsystems ausgleichen kompensieren symptome organstörung treten
pubertas tarda,pubertas tarda lat pubertas geschlechtsreife tarda gehemmt versteht verzögerte unvollständige völlig fehlende entwicklung pubertät mädchen jungen
diadochokinese,diadochokinese griech διαδέχομαι ablösen nachfolgen  κινεῖν bewegen bezeichnet fähigkeit rasch aufeinander folgende bewegungen beispielsweise ein- auswärts-drehung unterarms pronation supination
diagnosebezogene fallgruppen,diagnosis related groups drg deutsch diagnosebezogene fallgruppen bezeichnen klassifikationssystem pauschaliertes abrechnungsverfahren krankenhausfälle patienten anhand medizinischen daten fallgruppen zugeordnet fallgruppenbestimmung methodische
ausschlussdiagnose,ausschlussdiagnose lateinisch diagnosis per exclusionem englisch diagnosis by exclusion diagnose schrittweisen ausschluss möglichen erkrankungen gleichen symptomen ergibt ausschlussdiagnose übrig bleibt
diathese medizin,diathese beschreibt medizin neigung körpers bestimmten krankheit bestimmten symptom abgrenzung disposition diathese neigungen erkrankungen spezifischen organsystems bezeichnet
diethylstilbestrol,diethylstilbestrol diäthylstilböstrol synthetischer arzneistoff gruppe nichtsteroidalen selektiven estrogen-rezeptor-modulatoren serm analogon hexestrol
diagnose#differenzialdiagnose,diagnose feststellung bestimmung krankheit wort abgeleitet altgriechisch διάγνωσις diágnosis unterscheidung entscheidung bestehend διά- diá- durch- γνώσις gnósis erkenntnis urteil‘).eine diagnose
diplophonie,diplophonie biphonation bezeichnen doppeltönigkeit stimmklanges gleichzeitig grundfrequenzen wahrzunehmen häufig begriffe synonym verwendet differenzierende definitionen biphonation kehlkopf unterschiedliche schallquellen tritt ursprünglichen
krankheit,krankheit zustand verminderter leistungsfähigkeit funktionsstörungen mehreren organen psyche gesamten organismus beruht zurückgeht störungen ihrerseits strukturelle veränderungen zellen geweben hervorgerufen lehre
disease mongering,disease mongering deutscher begriff krankheitserfindung spezialform pathologisierung politisches schlagwort unzulässiges zuordnen normaler lebensabläufe individueller vermeintlicher mängel glatzenbildung männern therapiebedürftigen krankheiten
divertikel,divertikel bezeichnet medizin bläschen- birnen- sackförmige ausstülpung wände hohlorganen divertikel treten vorgeburtlich normale entwicklungsstufe verschiedener organe
visite,visite lat visitare besuchen ärztliche visite bezeichnet krankenhaus aufsuchen patienten krankenbett mehrere ärzte
arzt-patient-beziehung,arzt-patient-beziehung arzt-patienten-beziehung patient-arzt-beziehung arzt-patienten-verhältnis genannt versteht beziehung arzt zahnarzt patienten beraten behandeln lässt ausbildungsmäßig gegebenen informations- kompetenzunterschiede fachliche beziehung regel
dorn-therapie,dorn-therapie dorn-methode genannt landwirt sägewerks-betreiber dieter dorn august
dosisflächenprodukt,dosisflächenprodukt abgekürzt dfp messgröße dosimetrie grundlage berechnung strahlenbelastung röntgenaufnahme röntgengerät z b durchleuchtung angiographie raster-wand-gerät mobiler c-arm usw
dry needling,dry needling trockenes nadeln spezielle akupunkturtechnik behandlung myofaszialer triggerpunkte mittels steriler einwegakupunkturnadeln dry needling invasive technik handelt deutschland ärzten heilpraktikern
dystrophie,dystrophie altgr dys fehl- trophein ernähren wachsen fehlernährung fehlwachstum medizin degenerative besonderheiten verstanden entwicklungsstörungen einzelner gewebe zellen körperteile organe gesamten
eskape,abkürzung eskape steht krankenhauskeime enterococcus faecium staphylococcus aureus klebsiella pneumoniae acinetobacter baumannii pseudomonas aeruginosa enterobacter-spezies bilden häufig multiresistenz lösen nosokomiale
ebullismus,ebullismus lat ebullire hervorsprudeln ausperlen gasen v a stickstoff blut gewebe bezeichnet
kinesiologisches tape,kinesiologischen tape physio-tape handelt elastisches selbstklebendes therapeutisches tape dehnbaren textilen material polyacrylatkleber aufgebracht anwendung spezieller unterschiedlicher techniken taping tape haut
leckmittel,leckmittel latwerge lateinisch electuarium eingedickte saft-honig-zubereitung fand arzneiform medizin mittelalters verwendung leckmittel enthalten arzneimischung form steifen breis oralen einnahme verschiedenen
empyem,empyem bezeichnet ansammlung eiter vorgeformten meist natürlichen körperhöhle hohlorgan beispiele empyeme gallenblasenempyem kieferhöhlen-empyem subdurale empyem subduralraum lungen- pleura-empyem brust-rippfell-zwischenraum verschiedene
enterooxyntin,enterooxyntin vermutetes peptidhormon intestinalen endokrinen zellen produziert magensaft-sekretion magen anregen
umweltmedizin,umweltmedizin  medizinische environtologie englisch environment umwelt medizinische umweltlehre wissenschaft lehre prävention diagnose behandlung erkrankungen umweltfaktoren verbindung gebracht teilweise überschneidet
epiphänomen,epiphänomen bezeichnet entität kausal verursacht signifikante kausale wirkung verwendungsweisen begriffs  schwachen sinne zustände systems epiphänomene bezeichnet signifikante wirkung system
evolutionäre medizin,evolutionärer medizin evolutionsmedizin darwinsche medizin versteht junges teilgebiet medizin erkenntnisse modernen evolutionsbiologie nutzt menschliche krankheiten verstehen heilen zentrales ziel ansatzes
exazerbation,exazerbation lat exacerbatio ex-]acerbare aufbringen aufstacheln rekrudeszenz aggravation versteht medizin deutliche verschlechterung krankheitsbildes chronisch verlaufenden erkrankungen
paravasation,paravasation bedeutet medizin körperliche flüssigkeit z b blut urin zellen normalerweise körperlichen flüssigkeit befinden flüssigkeit vorhergesehenen körperlichen gefäß umgebende gewebe
frax,fracture risk assessment tool frax computer-basierter algorithmus berechnung risikos folgenden osteoporose-bedingte fraktur erleiden führung john a kanis universität sheffield entwickelt
geistheilung,geistheilung geistige heilung geistiges heilen paranormale heilung englisch spiritual healing oberbegriff vielzahl unterschiedlicher alternativmedizinischer esoterischer religiöser magischer behandlungsmethoden geistiger bzw
familienaufstellung,familienaufstellung bezeichnet verfahren personen stellvertretend mitglieder familiensystems klienten konstellativ angeordnet gestellt beziehung gesetzten wahrnehmungsposition gewisse muster innerhalb systems erkennen familienstellen
fibrose,fibrose fachsprachlich fibrosis krankhafte vermehrung bindegewebes menschlichen tierischen geweben organen bezeichnet hauptbestandteil kollagenfasern gewebe betroffenen organes verhärtet
fistel,fistel lateinisch fistula pfeife röhre vorbestehende röhren- röhrennetzartige verbindung inneren hohlorgan organen körperoberfläche insoweit inneren magen-dickdarm- fachsprachlich gastro-kolischen äußeren darm-haut-
folding@home,folding@home f@h fah volunteer-computing-projekt stanford university simulation faltung proteinen
forensik,forensik sammelbegriff wissenschaftliche technische arbeitsgebiete kriminelle handlungen systematisch untersucht begriff stammt lateinischen forensis forum markt[platz gehörig gerichtsverfahren untersuchungen urteilsverkündungen strafvollzug
stimmfremitus,stimmfremitus fremitus lateinischen brausen rauschen dumpfes getöse versteht leichte vibrieren verschiedenen situationen sprechen brustkorb patienten aufgelegte hand spüren stimmfremitus hierzu
functional capacity index,functional capacity index messsystem ausmaß funktioneller einschränkung beziehungsweise behinderung abheilung verletzung regel erwarten grad behinderung gdb deutschen schwerbehindertenrechts verwechselt
funktionelle syndrome,funktionelle syndrome stellen zusammentreffen krankheitszeichen beschwerden dar syndromen organische ursache erkennen lassen definition sowohl allgemeinmedizin insbesondere psychosomatik gültig
gian franco bottazzo,gian franco bottazzo august venedig
gliose,gliose bezeichnung erhöhte anzahl gliazellen geschädigten bereich zentralnervensystems gehirns unspezifische neuropathologische reaktion  verschiedene neurologische erkrankungen
gonadendysgenesie,gonadendysgenesie bezeichnet genitalfehlbildung keimdrüsen gonaden hodens bzw eierstöcke
getrenntgeschlechtigkeit,getrenntgeschlechtigkeit bezeichnet biologie trennung organismen art verschiedene geschlechter botanik mykologie form geschlechtigkeit diözie zoologie gonochorismus bezeichnet
gua sha,gua sha 刮痧 setzt gua 刮 schaben sha 痧 akute krankheit z b sonnenstich cholera
katathym imaginative psychotherapie,katathym imaginative psychotherapie kip hanscarl leuner eingeführtes tiefenpsychologisch fundiertes verfahren anfänglich synonymen begriffen katathymes bilderleben kb symboldrama imaginationen etlichen psychotherapiemethoden
heilung,begriff heilung bezeichnet prozess herstellung wiederherstellung körperlichen seelischen integrität leiden krankheit überwindung versehrtheit verletzung genesung heilungsbegriff etymologisch eher ganz-werden bestimmt
health,health deutsch gesundheit eng verwandte begriff medizin sammelbegriffe möglichkeiten verbindung gesundheitsversorgung e-health web ergeben allgemein gebräuchlich begriff reihe zeitungsartikeln wirtschafts-
krankenversicherung,krankenversicherung kv absicherung erkrankung verbundenen folgerisiken leistungsausfall pflege heilbehandlung krankenversicherung erstattet versicherten voll teilweise kosten behandlung erkrankungen mutterschaft unfällen
krankenversicherungsprämien-index,krankenversicherungsprämien-index kvpi erfasst prämienentwicklung obligatorischen krankenpflegeversicherung krankenzusatzversicherung bildet gewichtete teilindizes anhand kvpi-resultate lässt überdies auswirkung prämienentwicklung wachstum verfügbaren einkommens haushalte
health technology assessment,health technology assessment hta bzw medizintechnik-folgenabschätzung bezeichnet wissenschaftlicher evidenz basierenden prozess systematischen bewertung gesundheitstechnologien prozeduren hilfsmittel organisationsstrukturen medizinische leistungen erbracht
vorsorgevollmacht,vorsorgevollmacht bevollmächtigt deutschem person person falle notsituation bestimmte aufgaben vollmachtgeber erledigen vorsorgevollmacht bevollmächtigte vertreter willen d  h entscheidet stelle
pflanzenheilkunde,pflanzenheilkunde phytotherapie kräutermedizin genannt lehre verwendung heilpflanzen arzneimittel
hospital emergency codes,hospital emergency codes krankenhaus-notfallcodes krankenhäusern angloamerikanischen sprachbereich benutzt personal verschiedenen notfallsituationen lautsprecher alarmieren funktion codes unmissverständliche schnelle informierung personals panik
hypogonadismus,hypogonadismus bezeichnet endokrine funktionsstörung gonaden keimdrüsen häufigsten hypogonadismus mannes fehlende verminderte hormonelle aktivität hodens gemeint
hypoplasie,hypoplasie altgriechisch ὑποπλασία neugriechisch υποπλασία neulateinisch hypoplasia unzureichende zellbildung bzw numerische atrophie bezeichnet genetisch bedingte angeborene anlagebedingte unterentwicklung organismus organsystems
iso,iso iso-norm erfordernisse umfassendes managementsystem design herstellung medizinprodukten repräsentiert aktuelle ausgabe veröffentlicht ersetzt direkt letzte version iso 13485:2012 frühere normen
iso,norm iso europäische fassung iso regelt anwendung risikomanagements medizinprodukte norm dient rahmen wirksame management anwendung medizinprodukten gesundheitswesen verbundenen risiken hersteller
idiopathie,begriff idiopathie altgriechisch ἴδιος ídios deutsch πάθος páthos deutsch leiden verbindung krankheiten benutzt fassbare ursache entstehen
idiosynkrasie,idiosynkrasie lässt wort eigentümlichkeit gesamtheit persönlicher eigenheiten übersetzen allgemein versteht strukturelles anatomisch-physisches verhaltensmerkmal spezifisch individuum gruppe
surrogatmarker,surrogatmarker synonym surrogat-parameter lateinisch surrogatum  ersatz englisch marker  kennzeichen bezeichnet klinischen studien messwert beeinflussung wirkung intervention z b
imposex,ausdruck imposex beschreibt phänomen seeschnecken folge schadstoffansammlung meeren auftritt entwickeln geschlechtsorgane gegensätzlich eigentlichen geschlecht
zufallsbefund,zufallsbefund spricht medizin untersuchung eigentlichen befundung zutage aktuellen beschwerden bzw erkrankung grund untersuchung
indikation,medizinische begriff indikation lateinisch indicare anzeigen synonym heilanzeige behandlungsmaßnahme angemessen indikation krankheit begriff findet häufig zusammenhang operationen spricht operationsindikation
infiltration medizin,infiltration beschreibt eindringen fester flüssiger substanz biologisches gewebe ausbreitung tumorzellen krankheitserregern gewebe infiltration bezeichnet
international healthcare terminology standards development organization,international health terminology standards development organisation ihtsdo non-profit-organisation snomed ct entwickelt verbreitet ihren sitz dänemark
arzt im praktikum,bundesrepublik deutschland juli
intertriginös,intertriginös lateinisch inter trigon dreieck bereiche körperoberfläche bezeichnet dicht benachbarte teilweise direkt gegenüberliegende hautflächen ständig miteinander berührung bestimmten haltungen bzw
neuromonitoring,neuromonitoring versteht optische akustische darstellung neurophysiologischen aktivität mehrerer nerven hilfe intraoperativen neuromonitorings chirurgen fortlaufende kontrolle nervenbahnen operativen eingriff gefährdet
involution medizin,involution bezeichnet natürliche rückbildung organs begrenzte aktiv vollständig partiell stellt späte form physiologischen atrophie dar
irreversible elektroporation,irreversiblen elektroporation engl irreversible electroporation ire ntire non-thermal irreversible electroporation handelt food and drug administration zugelassenes minimalinvasives nicht-thermisches gewebeablationsverfahren
"isolierter 17,20-lyase-mangel","isolierte 17,20-lyase-mangel seltene angeborene form cah 17-alpha-hydroxylase-mangel kongenitalen nebennierenhyperplasien adrenogenitales syndrom typ gehört störung geschlechtsentwicklung führt besonderheit isolierte mangel 7α-hydroxyprogesteron-aldolase"
floating,floating engl schweben treiben entspannungsverfahren personen hilfe konzentriertem salzwasser speziellen floating-anlage floating-tank floating-becken abgeschottet außenreizen quasi schwerelos wasseroberfläche treiben
zeugen jehovas#umgang mit blut,zeugen jehovas eigenbezeichnung jehovas zeugen englisch jehovah ’s witnesses christliche chiliastisch ausgerichtete nichttrinitarische religionsgemeinschaft kirchlich organisiert bezeichnen innere verfassung theokratische
john money,john william money juli morrinsville neuseeland
klinefelter-syndrom,klinefelter-syndrom klinefelter-reifenstein-albright-syndrom bestimmte merkmale siehe unten gekennzeichnete jungen bzw männern auftretende abnormität keimdrüsen verursacht numerische chromosomenaberration aneuploidie geschlechtschromosomen
kombucha,kombucha gärgetränk fermentierung gesüßten tees z b grünen tees sogenannten kombucha-pilz teepilz hergestellt
lactobacillus casei,lactobacillus casei stäbchenförmiges grampositives bakterium gehört kleineren lactobacillus-arten wächst form kürzerer längerer stäbchen meist abgerundeten ecken größe durchschnittlich µm durchmesser
lazarus-phänomen,lazarus-phänomen medizin verschiedene beobachtungen scheinbaren auferstehung bezeichnet phänomen heiligen lazarus benannt bibel jesus toten erweckt  internationalen literatur begriff vorrangig
leaky-gut-syndrom,leaky-gut-syndrom deutsch syndrom durchlässigen darms pathogenetisches konzept pathogenese entstehung krankheit betreffend alternativmedizin barrierefunktion darmschleimhaut bereich dünndarms gestört sodass bakterien toxine
verweildauer,begriff verweildauer aufenthaltsdauer gesundheitswesen gebraucht anzahl patient durchschnitt krankenhaus stationär behandelt
lebensstilmedizin,lebensstilmedizin englisch lifestyle medicine bezeichnet prävention therapie lebensstil-bedingten erkrankungen syn zivilisationskrankheiten wohlstandserkrankungen maßnahmen ernährungsmedizin bewegungsmedizin psychologischen sozialen maßnahmen lebensstilmedizin interdisziplinäres
kongenitale lipoide nebennierenhyperplasie durch star-mangel,kongenitale lipoide nebennierenhyperplasie star-mangel clah seltene angeborene erkrankung sonderform adrenogenitalen syndromes typ lipoid merkmalen schweren nebennierenrindeninsuffizienz geschlechtsumkehr männlichen geschlecht erkrankung
liste von erbkrankheiten,liste erbkrankheiten enthält einige häufigsten erbkrankheiten unterschieden gutartigen erkrankungen tumorerkrankungen
liste von phobien,liste phobien umfasst phobien angststörungen abgegrenzt objekte situationen beziehen erwähnt handelt spezifische phobien isolierte phobien icd-10 f40.2
liste von heilpflanzen,liste heilpflanzen nennt pflanzenarten bereich pflanzenheilkunde
liste der medizinischen syndrome,seite listet alphabetischer reihenfolge anspruch vollständigkeit syndrome komplexe unterschiedlichen medizinischen fachgebieten bitte verweise tatsächlichen titel beitrags doppelverweise
totenfleck,totenflecke medizinisch-lateinisch livores leichenflecken normalerweise rotviolette blaugraue verfärbung haut abhängigen körperpartien bezeichnet tod auftritt totenflecken entstehen minuten kreislaufstillstand
pflegeversicherung,pflegeversicherung gehört gruppe sozialversicherungen sichert risiko pflegebedürftigkeit tritt versicherungsfall pflegebedürftigkeit erbringt versicherung geld- sachleistungen erforderliche pflege teilweise gewährleisten
low-level-lasertherapie,low-level-lasertherapie handelt alternativmedizinische -veterinärmedizinische behandlung mittels laserlicht monochromatischem kohärentem licht durchgeführt ziel behandlung schmerzen reduzieren wundheilung beschleunigen entzündungen bekämpfen
mhealth,begriff mhealth mobile health englisch mobile gesundheit steht unterstützung medizinischen verfahren maßnahmen gesundheitsfürsorge geräte smartphones tablets persönliche digitale assistenten pda
makrobiotik,begriff makrobiotik altgriech μακρóς makros βιοτικóς biotikos leben betreffend entstand antike bezeichnet lebensweise gesunden langen leben führen
malazie,begriff malazie altgriechisch μαλακία malakía deutsch weichlichkeit krankheit bezeichnet medizin abnormale krankhafte erweichung auflösung gewebe fachbegriff betroffene organ gewebe ergibt
malignität,begriff malignität lateinisch malignitas bösartigkeit missgunst medizin verwendet erkrankung krankheitsverlauf kennzeichnen fortschreitend zerstörerisch wirkt möglicherweise tod patienten führen
managed care,managed care steuerungsmodell gesundheitswesen freie arztwahl marktmechanismen zugunsten geplanten vertraglich geregelten abläufen eingeschränkt kosten senken versorgungsqualität erhöhen
müttersterblichkeit,müttersterblichkeit weltgesundheitsorganisation who definiert tod frau schwangerschaft schwangerschaftsende unabhängig dauer schwangerschaft ort stattfindet maßnahmen bezug getroffen todesfälle zufälle versagen zurückzuführen
case manager,case manager wörtlich übersetzt fall-manager neues berufsbild sozial- gesundheitswesen gesundheitssystem vereinigten staaten stammt position vorwiegend sozialarbeitern pflegekräften besetzt mehrjährige berufserfahrung
medizinisches tauglichkeitszeugnis,medizinische tauglichkeitszeugnis offiziell fliegerärztliches tauglichkeitszeugnis fliegern flight-)medical englisch medical certificate bezeichnet auftrag bestellung luftfahrtbundesamtes flugmedizinischen sachverständigen fliegerarzt ausgestelltes dokument medizinische
diagnose,diagnose feststellung bestimmung krankheit wort abgeleitet altgriechisch διάγνωσις diágnosis unterscheidung entscheidung bestehend διά- diá- durch- γνώσις gnósis erkenntnis urteil‘).eine diagnose
krankenhausserie,krankenhaus- arztserien fernsehserien alltag krankenhaus arztpraxen tätigen ärzte krankenpfleger -schwestern arzthelfer patienten darstellen typisch krankenhausserien zwischenmenschliche konflikte krankenhauspersonal patienten neueren
studium der medizin,studium medizin medizinstudium wissenschaftliche praktische ausbildung ärzten bezeichnet ähnlich studiengängen wissenschaftlichen grundlagen berufspraktischen anteilen verknüpft
medizinische leitlinie,medizinische leitlinien systematisch entwickelte feststellungen ärzte zahnärzte angehörige anderer gesundheitsberufe patienten ihren entscheidungen angemessene gesundheitsversorgung spezifischen klinischen umständen unterstützen richtlinien
anamnese,anamnese altgriechisch ἀνά aná deutsch altgriech μνήμη mnémē deutsch gedächtnis erinnerung professionelle erfragung potenziell medizinisch relevanten informationen fachpersonal z
medical humanities,englischen begriff medical humanities interdisziplinäres feld schnittstelle medizin humanities bezeichnet begriff humanities angelsächsische wissenschaftskategorisierung wissenschaften bezug individuen kollektive umfasst
medizinischer transportdienst,medizinische transportdienst medizinischer transportdienst mtd organtransportdienst otd deutschland einrichtung hilfsorganisationen z b arbeiter-samariter-bundes deutschen roten kreuzes malteser hilfsdienstes johanniter privatunternehmen
narzissmus,ausdruck narzissmus steht alltagspsychologisch umgangssprachlich weitesten sinne selbstverliebtheit selbstbewunderung wichtiger wertvoller einschätzt urteilende beobachter einschätzen umgangssprache bezeichnet stark bezogene person
medizinische simulation,medizinische simulation bezeichnet bereich simulationstechnologie training ausbildung medizinischem fachpersonal ausgerichtet ausbildung ärzten pflegepersonal richtet medizinische simulation personal rettungsdienst katastrophenschutz behörden
arzneimittel,arzneimittel arznei  heilkunde heilkunst heilmittel arzneimittel pharmazie gleichbedeutend medikament lateinisch medicamentum  heilmittel stoff stoffzusammensetzung bzw heilung verhütung menschlicher
medizin,medizin wissenschaft lehre vorbeugung erkennung behandlung krankheiten verletzungen tieren medizinisch ausgebildeten heilkundigen ausgeübt ziel gesundheit patienten erhalten wiederherzustellen
kresolpurpur,kresolpurpur triphenylmethanfarbstoff gehört gruppe sulfonphthaleine findet verwendung ph-indikator
mikromort,mikromort maßeinheit risiko bezeichnet wahrscheinlichkeit eins million sterben risikobehaftetheit tätigkeiten umständen mikromort angegeben
mikropenis,mikropenis mikrophallus medizinische bezeichnung anatomisch ungewöhnlich penis gegenteil makropenis bezeichnet
milton diamond,milton diamond märz new york professor anatomie reproduktive biologie university of hawaii
achtsamkeitsbasierte stressreduktion,achtsamkeitsbasierte stressreduktion mindfulness-based stress reduction mbsr molekularbiologen jon kabat-zinn späten 1970er usa entwickeltes programm stressbewältigung gezielte lenkung aufmerksamkeit entwicklung einübung
minimalinvasive chirurgie,minimalinvasive chirurgie mic bezeichnet oberbegriff operative eingriffe kleinstem trauma kleinster verletzung haut weichteilen gehört endoskopischen operation natürliche öffnungen notes instrumente
miracle mineral supplement,natriumchlorit summenformel naclo2 verwechseln kochsalz natriumchlorid nacl natriumsalz chlorigen säure hauptsächliche anwendung direkten einsatz oxidationsmittel herstellung chlordioxid instabil transport lagerung
monitor medizin,monitor medizinischen sinn vitaldatenmonitor gerät gerätekombination vitalparameter lebewesens gemessen überwacht monitore narkose operationen kritisch kranken patienten intensivmedizin untersuchungen sedierung krankheitsbildern
kombinationstherapie,kombinationstherapie ugs kombitherapie versteht behandlung erkrankung therapien mehreren  arzneistoffen tumortherapien gleichzeitig strahlentherapie chemotherapie durchgeführt
leichenhaus,leichenhaus leichenhalle veraltet parentationshalle parentation grabrede leichenrede verstorbene bestattung aufgebahrt unterschiedliche verwendungen verschiedenartigen gestaltungen leichenhäuser geführt
mortalität,mortalität lat mortalitas sterblichkeit sterblichkeit sterberate begriff demografie
moxibustion,moxibustion moxa-therapie moxen bezeichnet vorgang erwärmung speziellen punkten körpers therapie traditionellen chinesischen medizin tcm entwickelt umliegenden ländern japan wandlungen erlebt
mom-wert,mom-wert handelt einheit gemessenen wert durchschnittswert beziehung setzt mom-wert beschreibt höher niedriger messwert bezug idealwert
narrative medizin,narrative medizin erzählende medizin englisch narrative medicine nm narrative based medicine nbm lateinisch narrare erzählen bezeichnet methodischen ansatz medizin bedeutung
nationale krankenversicherung japan,nationale krankenversicherung bzw volkskrankenversicherung jap
nahtod-studien,nahtod-studien forschungsfeld psychologie psychiatrie physiologie phänomenologie nachwirkungen nahtoderfahrung nde untersucht feld ursprünglich gruppe nordamerikanischen forschern verbunden anfänglichen arbeit raymond moody
obduktion,obduktion lateinisch obductio obducere bedecken nachträglich hinzuziehen bzw vorführen innere leichenschau leichenöffnung feststellung todesursache rekonstruktion sterbevorgangs
nekroptose,nekroptose bezeichnet ripk3-abhängige regulierte nekrose nekroptose zeichnet aktivierung todes-rezeptoren beispielsweise fas-rezeptors apoptose leiten zellen anschluss apoptose selbstverdauung
neovaskularisation,neovaskularisation neovaskularisationen neovaskularisierung nv bezeichnet vorgänge gefäßneubildung erwachsenen organismus medizinischen sprachgebrauch begriff häufig zusammenhang vorgang übermäßigen unkontrollierten gefäßneubildung bzw
nephrologie,nephrologie altgriechisch νεφρός niere λόγος wort lehre nierenlehre teilgebiet inneren medizin thematische bandbreite abdeckt grundsätzlich befasst nephrologie prävention diagnostik konservativen
neuraltherapie,neuraltherapie wissenschaftlich anerkanntes verfahren bereich alternativmedizin anwendung lokalanästhetikums vegetative nervensystem beeinflusst gegensatz wissenschaftlich anerkannten lokalanästhesieverfahren fernwirkungen entfalten
relaxometrie,relaxometrie neuromuskuläres monitoring nmm bezeichnet überwachung neuromuskulären reizübertragung motorischen endplatte einsatz muskelrelaxanzien relaxierung neuromuskuläre blockade rahmen narkose mittels zweier elektroden
nervenzelle,nervenzelle neuron altgriechisch νεῦρον neũron deutsch flechse sehne nerv erregungsleitung erregungsübertragung spezialisierte zelle zelltyp gewebetieren nahezu vielzelligen tieren vorkommt gesamtheit
nocebo-effekt,nocebo-effekt lateinisch nocere schaden nocebo schaden analog placebo-effekt lateinisch placebo gefallen scheinbar negative wirkung arzneimittel sonstigen äußeren einfluss bezeichnet reaktion
schnäuzen,taschentuch stück stoff papier säuberung nase nasensekret verwendet taschentücher waschbare stofftaschentücher papiertaschentücher gebrauch entsorgt
nosologie,nosologie krankheitslehre lehre medizinischen einteilung erkrankungen nosologie zeitweise teilgebiet pathologie
arbeitsmedizin,arbeitsmedizin fachgebiet medizin forschung lehre praxis untersuchung bewertung begutachtung beeinflussung wechselbeziehungen anforderungen bedingungen organisation arbeit gesundheit arbeits- beschäftigungsfähigkeit krankheiten befasst
augenprothese,augenprothese allgemein glasauge kunstauge genannt kosmetischer augenersatz aufwendig hergestelltes hilfsmittel ausschließlich wiederherstellung gesichtsästhetik medizinischen versorgung enukleierten augenhöhle eingesetzt augenprothesen umfangreich
peroral,peroral lateinisch per os oris mund abgekürzt p o per os medizin pharmazie verabreichung arzneimitteln mund bezeichnet substanz somit geschluckt
orchidometer,orchidometer orchiometer medizinisches instrument bestimmung volumens menschlicher hoden orchidometer endokrinologen  andrea prader universität zürich eingeführt
orthomolekulare medizin,orthomolekulare medizin orthomolekularmedizin altgr ὀρθός orthós molekular maßgeblich linus pauling beeinflusste alternativmedizinische methode
otologie,otologie  griechisch ὠτός otos genitiv οὖς ous ohr’ -logie otiatrie deutsch ohrenheilkunde medizinische spezialgebiet ohr erkrankungen beschäftigt bezeichnung historisch
ovotestis,ovotestis zwitterdrüse zwittergonade testovar gonade keimdrüse funktion eierstock ovar hoden testis vereint sowohl eizellen spermien produzieren meisten zwittrigen tieren treten
sauerstoffsättigung,sauerstoffsättigung so2 prozent gesamten hämoglobins blut sauerstoff beladen erlaubt anderem aussagen effektivität sauerstofftransportes linie atmung
ozontherapie,ozontherapie mehrere umstrittene verfahren alternativmedizin bezeichnet gas ozon dreiatomiges sauerstoff-molekül o3 eingesetzt wissenschaftlich belegt gilt keimabtötende desinfizierende wirkung ozon spezielle
pico,pico bezeichnet häufig verwendetes hilfsschema evidenz-basierten medizin formulierung recherchierbaren fragestellung gesundheitswesen mcmaster university chicago usa entwickelt
pangamsäure,pangamsäure ester gluconsäure dimethylglycin zwischenprodukt cholinstoffwechsel cholin → betain → pangamsäure → sarkosin → glycin).sie zeitweise gruppe b-vitamine vitamin b15
pannus begriffsklärung,pannus lat lappen bezeichnet medizin  gefäßreiche bindegewebige wucherung hornhaut auges trachom
parasitologie,parasitologie beschäftigt lebens- umweltverhältnissen parasiten ihren wirten wichtiges anwendungsgebiet parasitologie entwicklung effizienter maßnahmen bekämpfung parasiten
parese,parese griechisch πάρεσις páresis deutsch erschlaffen unvollständige  lähmung vollständige motorische lähmung bezeichnet paralyse plegie
pathognomonisch,pathognomonisch griechisch παθογνωμονικός pathognomonikós bestimmte krankheit kennzeichnend pathognostisch griechisch πάθος pathos krankheit γιγνώσκω gignósko erkennen verstehen bezeichnet medizin symptom alleine
patient,patient bzw patientin lateinisch patiens  geduldig aushaltend ertragend adjektivisches
perinatale mortalität,perinatale mortalität perinatale sterblichkeit quotient angibt totgeburten todesfälle geburt pro tausend geburten land region verzeichnet
persin,persin acetogenin toxin gruppe polyketide fettsäurederivat beispielsweise blättern avocado persea americana enthalten trivialname leitet gattungsnamen persea avocado
phonagnosie,phonagnosie griechisch φώνημα phonema stimme αγνώσις agnosis agnosie nicht-erkennen bezeichnet unfähigkeit identität personen anhand stimme erkennen unterscheidet phonagnosie folge hirnschädigung
phoniatrie,phoniatrie griechisch stimmheilkunde phone stimme iatros arzt medizinische disziplin störungen stimme sprechens sprache schluckakts diagnostisch therapeutisch wissenschaftlich beschäftigt akademisches lehrfach
körperliche untersuchung,körperliche untersuchung klinische untersuchung medizin häufig verwendeter begriff untersuchung patienten sinnen einfachen hilfsmitteln orientierende grobe untersuchung gesamten körpers beziehungsweise organsysteme
plastische chirurgie,plastische chirurgie griechisch πλάττειν pláttein deutsch bilden formen gestalten chirurgie funktionellen ästhetischen/kosmetischen gründen formverändernde wiederherstellende eingriffe organen gewebeteilen vornimmt hauptsächlich
point-of-care-testing,begriff point-of-care-testing poct deutsch patientennahe labordiagnostik bezeichnet medizin diagnostische untersuchungen zentrallabor krankenhaus unmittelbar krankenstation praxis niedergelassenen arztes öffentlichen apotheke durchgeführt
leichenliegezeit,leichenliegezeit postmortem-intervall pmi bezeichnet zeitraum tödlichen ereignis auffinden toten körpers rechtsmedizin anhand todeszeichen leichenstarre leichenflecken merkmalen insektenbefall bestimmung körperkerntemperatur ungefähren
präkanzerose,präkanzerose versteht medizin gewebsveränderung statistisch erhöhten risiko bösartige maligne entartung einhergeht präkanzerose angeboren familiäre adenomatöse polyposis erworben aktinische keratose
pubertas praecox,pubertas praecox lat pubertas geschlechtsreife praecox vorzeitig medizin entwicklung sekundären geschlechtsmerkmale männlichen individuen weiblichen lebensjahr bezeichnet
präimplantationsdiagnostik,präimplantationsdiagnostik pid umfasst methoden zellbiologischer molekulargenetischer untersuchungen entscheid dienen in-vitro-fertilisation erzeugter embryo gebärmutter eingepflanzt pid frühen 1990er verfügbar zeugung kindern
krankheitsprävention,krankheitsprävention prävention versucht gesundheitszustand bevölkerung bevölkerungsgruppen einzelner personen erhalten verbessern entsprechende teilgebiet medizin präventivmedizin bezeichnet
problembasiertes lernen,problembasiertes lernen pbl problemorientiertes lernen pol lernform charakteristikum lernenden weitgehend selbständig lösung vorgegebenes problem finden nachfolgenden ausführungen beziehen einsatz medizinischen
prognose psychologie,prognose versteht psychotherapie bzw klinischen psychologie psychiatrie psychosomatischen medizin ähnlich medizin vorhersage zukünftigen krankheitsverlaufes
progressionsfreies überleben,progressionsfreies überleben engl progression-free survival pfs begriff onkologie
pseudohermaphroditismus,pseudohermaphroditismus unechte zwittrigkeit vorhandensein sowohl weiblicher männlicher geschlechtsmerkmale individuum weiblichen eierstöcke männlichen hoden keimdrüsen pseudohermaphroditismus tritt z
psychosomatische medizin,psychosomatik bezeichnet medizin ganzheitliche betrachtungsweise krankheitslehre psychischen fähigkeiten reaktionsweisen gesundheit krankheit eigenart verflechtung körperlichen vorgängen sozialen lebensbedingungen betrachtet
epidemiologische überwachung,epidemiologischer überwachung bzw surveillance systematische kontinuierliche überwachung erkrankungen bzw
konsolidierung medizin,begriff konsolidierung lat verfestigung festwerden medizin mehrere bedeutungen
wedge-druck,pulmonalkapilläre wedge-druck pcwp pulmonary capillary wedge pressure lungenkapillarenverschlussdruck physiologischer ausdruck notfall- intensivmedizin beschreibt druck vorübergehenden verschließen blocken astes pulmonalarterie arteria
pulsoxymetrie,pulsoxymetrie pulsoximetrie verfahren nichtinvasiven ermittlung arteriellen sauerstoffsättigung messung lichtabsorption bzw lichtremission durchleuchtung haut perkutan
elektromechanische entkoppelung,elektromechanische entkoppelung synonym elektromechanische dissoziation emd pulslose elektrische aktivität pea sonderform kreislaufstillstandes trotz elektrischer aktivität herzens auswurfleistung form pulses erbracht
eiter,eiter lat pus griech
putrefaktion,putrefaktion synonym putreszenz putrefizierung bezeichnet pathologie todeszeichen leiche eintritt todes
qigong,qigong chinesisch 氣功 气功 pinyin qìgōng w.-g ch'i-kung geläufiger deutscher schreibweise chigong chinesische meditations- konzentrations- bewegungsform kultivierung körper geist kampfkunst-übungen
quacksalber,quacksalber volkstümlicher ausdruck nötige qualifikation befugnis heilkunde ausübt pfuscher bzw medikaster kurpfuscher dubiosen heilmitteln -methoden übertragenen sinne wort fachwissen spezielle
quantenheilung,quantenheilung alternativmedizinische esoterische methode grundlage wirksamkeit wissenschaftlich belegt
quartäre prävention,quartäre prävention bezeichnet vermeiden unnötiger medizinischer maßnahmen übermedikalisierungen prinzip primum non nocere grundpfeiler medizin aufgabe zuviel medizinischen interventionen vermeiden hausarztmedizin
hochfrequenzablation,hochfrequenzablation syn radiofrequenzablation rfa thermoablation medizinische methode lokalen zerstörung gewebe
radionik,radionik wissenschaftlich belegte heilmethode esoterik zugeordnet ihren anwendern energiemedizin informationsmedizin bezeichnet
radiopharmakon,radiopharmakon radiopharmazeutikum nuklearmedizin genutztes arzneimittel alleine radioaktiven substanz bestehen carrier radioaktive substanz gekoppelt
echtzeit-mrt,echtzeit-magnetresonanztomographie echtzeit-mrt mr-fluoroskopie verfahren grundlage magnetresonanztomographie kontinuierliche beobachtung bewegten objektes echtzeit darstellung bewegung bildserie mrt-film grundlage flash technologie jens frahm
rebirthing,rebirthing dt wiedergeburt besondere technik zirkulären atmens ein- ausatmens pausen
heilmittel,heilmittel stoff gegenstand behandlungsverfahren heilsame wirkung patienten ausgehen
ärztliche weiterbildung,ärztliche weiterbildung ziel approbation arzt erteilung erlaubnis ausübung ärztlichen berufes rahmen mehrjährigen berufstätigkeit anleitung weiterbildung ermächtigte befugte ärzte grundlage weiterbildungsordnung
richard goldschmidt,richard baruch-benedikt goldschmidt april frankfurt main
totenstarre,totenstarre med.-lat rigor mortis leichenstarre tod post mortem eintretende erstarrung muskulatur bezeichnet
nachhaltigkeitsrücklage,träger rentenversicherung gemäß sgb vi nachhaltigkeitsrücklage schwankungsreserve bezeichnet vorhalten nachhaltigkeitsrücklage besteht überschüssigen betriebsmitteln rücklagen
äskulapstab,äskulapstab asklepiosstab schlange umwundener stab schlangenstab bezeichnet ursprünglich attribut asklepios deutsch äskulap gottes heilkunde griechischen mythologie
royal rife,royal raymond rife mai
sklerose,sklerose altgriechisch σκληρός sklērós deutsch hart versteht verhärtung organen gewebe vermehrung bindegewebes sklerose eigenständige krankheit folge grunderkrankung ursache gewebsschädigung folge
screen time,screen time engl bildschirmzeit bezeichnet nutzer display verbringt
screening,screening versteht systematisches testverfahren eingesetzt innerhalb definierten prüfbereichs elemente herauszufiltern bestimmte eigenschaften aufweisen verfahren test abfolge aufeinander abgestimmten tests bestehen
bewegungsmangel,bewegungsmangel zivilisationsphänomen bezeichnet veränderungen berufs- arbeitsleben trend überwiegend sitzenden tätigkeiten modernen industriegesellschaft hervorgerufen tätigkeiten entsprechen früheren zeiten vorhandenen bewegungsnotwendigkeiten erforderlich
seminars in perinatology,seminars perinatology abgekürzt semin perinatol wissenschaftliche fachzeitschrift elsevier-verlag veröffentlicht
sekundäre krankheit,begriff sekundäre krankheit sekundäre erkrankung beschreibt medizin sinne formalen pathogenese attributiv entstehen entwicklung krankheit beteiligten faktoren folge erkrankung schädigung sekundären
sexualhormone,sexualhormone hormone bezeichnet anteil gonadenentwicklung ausprägung geschlechtsmerkmale steuerung sexualfunktionen sexualhormone aufgrund wirkungsweise klassifiziert stellen einheitliche stoffklasse dar umfassen beispielsweise steroidhormone
partizipative entscheidungsfindung,partizipative entscheidungsfindung pef englisch shared decision-making sdm  medizin interaktion bzw kommunikation arzt patient genannt zielt patient arzt gemeinsam verantworteten
shiatsu,shiatsu jap 指圧  fingerdruck japan entwickelte form manuellen therapie historische wurzeln chinesischen massage tuina frühmodernen japanischen formen anma liegen
sunamitismus,sunamitismus populäre therapieform männliche altersschwäche nachlassende potenz bezeichnet hierbei legt alternder schwacher mann jungen geschlechtsreifen mädchen bett geschlechtsverkehr
simultanagnosie,simultanagnosie funktionsstörung sehens besteht extreme einengung visuellen aufmerksamkeit einzelne teilaspekte komplexer bilder sodass aufgefasst
epiphyseolysis capitis femoris,epiphyseolysis capitis femoris ecf epiphysenlösung femurkopfs gelegentlich ungenau jugendliche hüftkopflösung genannt orthopädische krankheit hüftgelenk oberen epiphysenfuge oberschenkelknochens löst epiphyse metaphyse
sozialmedizin,sozialmedizin beschreibt analysiert vielfältigen wechselwirkungen gesundheit krankheit ihren risiken protektiven faktoren einerseits gesellschaftlichen tatbeständen andererseits ätiologischer präventiver rehabilitativer gutachterlicher versorgungsrechtlicher
sophrologie,sophrologie gr sos gleichgewicht phren seele logos lehre kolumbianischen neuropsychiater alfonso caycedo begründete entspannungstechnik indischen yoga abgeleitet körperliche geistige beschwerden
sopor,sopor lateinisch sopor  tiefer schlaf torpor lateinisch torpor  erstarrung betäubung bezeichnet form quantitativen bewusstseinsstörung patient schlafähnlichen zustand befindet
spagyrik,spagyrik griechischen spao heraus)ziehen trennen ageiro vereinigen zusammenführen ursprünglich paracelsus wichtigste grundsatz alchemistischer arzneibereitung jahrhundert gleichbedeutend alchemie
logopädie,logopädie altgriechisch λόγος lógos deutsch wort παιδεύειν paideuein deutsch erziehen wörtlich sprecherziehung medizinische fachdisziplin sprach- sprech- stimm- schluck- hörbeeinträchtigung 
spontanremission,spontanremission spontanregression genannt bereich onkologie krebs unerwartet eintretende besserung genesung heilung bezeichnet spontanremissionen nannten everson cole buch folgende definition spontanremission
star of life,star of life stern lebens internationale zeichen einrichtungen rettungsdienstes besteht balken gebildeten kreuz stern blauer farbe weißem hintergrund mitte befindet
stenose,stenose griechisch στένωσις sténosis deutsch verengung verengung blutgefäßen hohlorganen ursachen symptome diagnostik behandlung hängen lokalisation klinischen befunden
totgeburt,totgeburt liegt geburt kindes erkennbares lebenszeichen nachzuweisen gewisse mindestmaße meist 500–1000 körpergewicht 25–35 cm körperlänge 21–28 wochen schwangerschaftsdauer erfüllt andernfalls
gewöhnliche brechnuss,gewöhnliche brechnuss strychnos nux-vomica l strychnos colubrina wight strychnos lucida r.br strychnos spireana dop strychnos vomica st.-lag brechnuss krähenaugenbaum 
subluxation,subluxation bezeichnet unvollständige ausrenkung gelenkes wobei gelenkkopf teilweise gelenkpfanne befindet typische fälle beispielsweise  luxationshüfte radiusköpfchen-subluxation subluxation speichenköpfchens kleinkind atlanto-axiale
sudep,sudep engl sudden unexpected death epilepsy plötzlich auftretender ungeklärter tod epilepsie anhalt relevantes trauma ertrinken anhalt vorangegangenen epileptischen anfall anhalt
surrogatmarker,surrogatmarker synonym surrogat-parameter lateinisch surrogatum  ersatz englisch marker  kennzeichen bezeichnet klinischen studien messwert beeinflussung wirkung intervention z b
schwitzhütte,schwitzhütte bzw schwitzhüttenritual reinigungsritual indianern nordamerikas vermutlich völkern nördlichen erdhalbkugel verbreitet diente vorbereitung zeremonien reinigung physischen gesunderhaltung heilung erkrankung
symptom,symptom anzeichen erkrankung verletzung untersucher form befundes erfasst patienten beschwerde berichtet
symptomatische therapie,symptomatische therapie syn symptombezogene therapie ärztliche maßnahmen genannt bekämpfung bestehender symptome krankheit beziehen
syndrom,syndrom bezeichnet medizin psychologie kombination verschiedenen krankheitszeichen symptomen typischerweise gleichzeitig gemeinsam auftreten hierbei schwingt meist symptomverband überzufällig vorkommt
systemische erkrankung,systemische erkrankungen synonym systemerkrankung krankheiten bezeichnet gesamtes organsystem auswirken blut leukämie anämien zentrale nervensystem muskulatur sinne erkrankungen systemisch generalisiert bezeichnet
lehrkrankenhaus,lehrkrankenhaus akademisches bzw akademisches lehrkrankenhaus bezeichnung krankenhaus medizinstudiums  stattfindet
tension and trauma releasing exercises,tension and trauma releasing exercises tre)-methoden david berceli dezember entwickelt hoffnung traumatische erfahrungen posttraumatische belastungsstörungen ptbs starke stressbelastungen heilen
präfinalität,präfinalität lateinisch prae finis bezeichnet zustände prozesse tod sterbephase auftreten ablaufen zugehörige adjektiv lautet präfinal ältere deutsche entsprechung todgeweiht
mikrolithiasis testis,mikrolithiasis testis testikuläre mikrolithiasis bezeichnet auftreten multiplen ca 1–3 mm verkalkungen hoden gesamte gewebe hodens verstreut
thanatologie,ausdruck thanatologie gr θανατολογία θάνατος thánatos tod -logie bezeichnet wissenschaft tod sterben bestattung
therapeutisches drug monitoring,therapeutisches drug monitoring tdm medikamentenspiegelbestimmung medikamentenüberwachung medizin gebräuchliche bezeichnung messung konzentrationen medikamenten blut blutkompartimenten blutserum plasma klinischen alltag spiegelbestimmungen eingesetzt
tinnitus-retraining-therapie,tinnitus-retraining-therapie behandlungsmethode linderung chronischen tinnitus jastreboff hazell entwickelt therapie zielt entstehung tinnitus vielmehr verarbeitung tinnitus zentralen nervensystem somit bewusste wahrnehmung
lokaltherapie,lokaltherapie topischer therapie versteht anwendung medizinischen wirkstoffen therapeutisch wirken unterschied sogenannten systemischen gabe arzneimitteln infusion tablette einigen fachgebieten medizin lokaltherapie
traces,traces englisch trade control and expert system april europäischen union eu eingeführtes datenbanksystem gesamte tierverkehr innerhalb eu eu erfasst
traditionelle chinesische medizin,chinesische medizin umfasst heilkundliche theorie praxis vormedizinischen heilkunde jahrtausends v chr
translingualismus,translingualismus lat trans lingua sprache umfasst sprachelemente sprache relevant
reisemedizin,reisemedizin versteht bereich medizin vorsorge prophylaxe impfungen diagnose therapie reisen erworbenen krankheiten befasst überschneidet fachgebiet tropenmedizin
türk tabipleri birliği,türk tabipleri birliği ttb türkischer ärztebund wörtlich verband türkischen ärzte berufsständische körperschaft freiberuflichen ärzte türkei gesetz nr
turner-syndrom,turner-syndrom synonymen ullrich-turner-syndrom uts monosomie frauen auftretende angeborene erkrankung vielfältigen symptommöglichkeiten siehe unten ursache gonosomale monosomie chromosomenaberration findet anstelle geschlechtschromosomen
uropotie,uropotie lat urina harn potare trinken engl
kolpopoese,kolpopoese gynäkologie operative anlegen künstlichen vagina neovagina genannt kolpopoese behandlungsmethode vaginalaplasie gynatresie eingesetzt operativen genitaltransformation
vasookklusion,begriff vasookklusion bezeichnet verschluss blut)gefäßen blutkreislauf gelangte fremdkörper körpereigenes material blutgerinnung embolien druck außen geschehen
venerologie,venerologie lehre sexuell übertragbaren erkrankungen aufkommen frambösie syphilis europa alleinige übertragungsmöglichkeit geschlechtsverkehr glaubte geschlechtskrankheiten bezeichnet wort venerologie leitet venereus λόγος
veterinärmedizin,veterinärmedizin französischen wort vétérinaire tiermedizin tierheilkunde bezeichnet beschäftigt krankheiten tieren tierschutz begleitender forschung lebensmitteln tierischer herkunft verwandten themen letzteres rahmen
beobachten und abwarten,beobachten abwarten englisch watchful waiting active surveillance bezeichnet medizin spezielle behandlungsstrategie krankheit behandelt therapie krankheitsverlauf regelmäßigen abständen kontrolliert diagnose bestimmte
white coat ceremony,white coat ceremony wcc verhältnismäßig neues ritual medizinischen studien welt typischerweise tragen studierenden festveranstaltung kittel symbol namensgeber
xx-mann,xx-mann individuum bezeichnet männliches erscheinungsbild phänotyp aufweist obwohl xx-karyotyp bedeutet geschlechtschromosomen x-chromosomen normalerweise herausbildung männlichen phänotyps notwendige y-chromosom fehlt
swyer-syndrom,swyer-syndrom mutation y-chromosom hervorgerufene reine form xy-gonadendysgenesie keimdrüsen-fehlbildung unfruchtbarkeit betroffenen vererbt hauptkennzeichen männliches kerngeschlecht weibliches erscheinungsbild ausbleibende pubertät mutation tritt
rezept medizin)#heilmittelverordnung,rezept v lat recipere nehmen siehe begriffsherkunft verordnung verschreibung medizin pharmazie schriftliche verordnung arznei- heilmitteln
