Дефицит 5-альфа-редуктазы,"Дефицит 5-альфа-редуктазы ( также недостаток , блокада ) — аутосомное рецессивное интерсекс-состояние , вызываемое мутацией фермента SRD5A2 , изоформой 5-альфа-редуктазы"
Технология АФИБ,"Технология АФИБ ( AFIB Technology ) , иногда упоминается как Технология Микролайф АФИБ ( Microlife AFIB Technology , от англ"
Патологическая стираемость зубов,"Повышенная стираемость зубов — одна из форм некариозных поражений зубов , патология , при которой наблюдается интенсивная убыль твёрдых тканей"
Страхование от несчастных случаев,"Страхование от несчастных случаев — вид личного страхования . Предназначено для возмещения ущерба , вызванного потерей здоровья или смертью застрахованного"
Ахолия,Ахолия ( греч . : от греч . а « без » и chole « желчь » ) — недостаточное
Акупунктура,"Акупункту́ра ( также иглорефлексотерапи́я , рефлексотерапи́я , иглотерапи́я , иглоука́лывание ; от лат . acus — игла и лат ."
Острый живот,"О́стрый живо́т — симптомокомплекс , отражающий патологическое состояние организма , при котором произошло серьёзное повреждение органов брюшной полости с раздражением"
Комплаентность,"Комплаентность ( от англ . patient compliance ) , приверженность лечению — степень соответствия между поведением пациента и рекомендациями ,"
Нежелательное явление,"Термин нежелательное явление в рамках клинических исследований согласно ICH GCP означает любое неблагоприятное с медицинской точки зрения событие , возникшее"
Эстетическая медицина,"Эстетическая медицина — отрасль индустрии красоты и здоровья , вобравшая в себя все теоретические сведения и практические возможности коррекции внешних"
Агнозия,Агнозия ( от др.-греч . ἀ- — отрицат . частица + γνῶσις — знание ) — нарушение различных видов восприятия
Агонист,"Агонист — химическое соединение ( лиганд ) , которое при взаимодействии с рецептором изменяет его состояние , приводя к биологическому"
Аллопатия,"Аллопа́тия ( от греч . ἄλλος « другой , иной » + πάϑος « страдание , болезнь » ) —"
Альтернативное лечение рака,"Альтернативное лечение рака — собирательное название для разнообразных методов альтернативной медицины , направленных на излечение злокачественных опухолей . Также к"
Нетрадиционная медицина,"Нетрадиционная медицина , Альтернативная медицина или Парамедицина — собирательное название методов , претендующих на способность лечить ( или предупреждать )"
Деамбулаторий,Деамбулаторий ( от лат . deambulo из лат . de « за » и лат . ambulo « ходить »
Пространственные отношения в анатомической терминологии,"В анатомической терминологии существуют особые термины для точного описания расположения частей тела , органов и других анатомических образований в пространстве"
Синдром нечувствительности к андрогенам,"Синдро́м нечувстви́тельности к андроге́нам ( синдро́м резисте́нтности к андроге́нам , синдром Морриса , синдром тестикуля́рной феминиза́ции ; англ . Androgen"
Анестезиология,"Анестезиология ( др.-греч . ἀν- — отрицательная приставка , αἴσθησις — чувствительность и λόγος — учение ) — раздел клинической"
Укус,"Укус — вонзание зубов , сдавливание зубами или челюстями . Ужаления и укусы насекомых производятся жалом . Животные могут укусить"
Анорхизм,Анорхизм ( др.-греч . ἀν- — отрицательная приставка + ὄρχις — яичко ; синоним — анорхия ) — аномалия развития
Антибиотикорезистентность,Антибио́тикорезисте́нтность ( от антибиотик и резистентность ) — фено́мен устойчивости штамма возбудителей инфекции к действию одного или нескольких антибактериальных препаратов
Аплазия,"Аплазия ( греч . « а » — не , отрицание + « plasia » — формирование , образование )"
Апоптоз,Апопто́з ( др.-греч . ἀπόπτωσις « листопад » от ἀπό- + πτωσις « падение » ) — регулируемый процесс программируемой
Яблочный уксус,"Я́блочный у́ксус — уксус , получаемый микробиологическим методом из яблочного сырья . Яблочный уксус обладает гораздо более богатым вкусом и"
Дефицит ароматазы,"Дефицит ароматазы — очень редкое состояние , характеризующиеся крайне низкой или отсутствием активности фермента ароматазы в организме . Это аутосомно-рецессивное"
Ароматерапия,"Аро́матерапи́я — разновидность альтернативной медицины , в которой используются полезные свойства растительных эфирных масел . Используется в салонах красоты и"
Укусы членистоногих,"Укусы членистоногих — нападение членистоногих на человека , выражающееся в уколах , ужалении , укусах . Эктопаразитические и ядовитые членистоногие"
Асинергия,"Асинергия ( от др.-греч . ἀ- — приставка со значением отсутствия и др.-греч . συνεργία , от др.-греч . συν"
Асистолия,"Асистоли́я ( от др.-греч . ἀ- — « не » , « нет » и « систола » ) —"
Атония,Атони́я ( др.-греч . ἀτονία « расслабленность » ; от ἀ « без ; не » + τόνος « напряжение
Атрезия,Атрезия — врождённое отсутствие или приобретенное заращение естественных отверстий и каналов в организме . В большинстве случаев атрезия имеет характер
Клеточный атипизм,"Клеточный атипизм — свойство злокачественных опухолевых клеток , приводящее к утрате этими клетками первоначальной тканевой специфичности , резкому понижению способности"
Аура ( симптом ),"А́ура ( др.-греч . αὔρα — легкий ветерок , дуновение ) ( « парциальный » ( фокальный , не развёрнутый"
Аутоиммунные заболевания,Аутоимму́нные заболева́ния ( от αὐτός [ authos ] « сам ; он самый » ) — это класс разнородных по
Вскрытие,"Вскры́тие ( аутопси́я , некропси́я , се́кция ) ( лат . Sectio – разрезание ) — патолого-анатомическая или судебно-медицинская процедура"
Шкала Баллард,"Шкала Баллард , оценка Баллард — методика оценки гестационного возраста новорождённых . Оцениваются различные критерии , по которым затем экстраполируется"
Доброкачественная опухоль,"Опухоли ( лат . Tumoris ) — патологические образования , возникающие вследствие нарушения механизмов контроля деления , роста и дифференцировки"
Биомедицина,"Биомедици́на , также называемая теоретической медициной — раздел медицины , изучающий с теоретических позиций организм человека , его строение и"
Методы экологического мониторинга,"В зависимости от точности результатов , которые необходимо получить при проведении мониторинга по тому или иному компоненту , явлению ,"
Биостратономия,Биостратономия ( биостратиномия ) ( греч . bios — « жизнь » + лат . stratum — « слой »
Смерть мозга,"Смерть мо́зга — состояние , когда происходит гибель головного мозга , при этом с помощью реанимационных мероприятий искусственно поддерживается функция"
Смерть мозга,"Смерть мо́зга — состояние , когда происходит гибель головного мозга , при этом с помощью реанимационных мероприятий искусственно поддерживается функция"
Труп,"Труп — мёртвое тело животного , в том числе человека ."
Кальциноз,"Кальциноз — это формирование отложений солей кальция в любых мягких тканях или органах , в которых соли в нерастворённом состоянии"
Конкременты,"Конкремент ( от лат . concrementum — скопление , срастание ) — камни , плотного образования , встречающиеся в полостных"
Кардиотокография,Кардиотокография ( КТГ ) — непрерывная синхронная регистрация частоты сердечных сокращений ( ЧСС ) плода и тонуса матки с графическим
Апофиз,"Апо́физ ( apophysis , PNA , BNA ; от греч . αποφυσις , отросток ) — возникший из самостоятельного ядра"
Этиология,"Этиоло́гия ( греч . αἰτία « причина » + др.-греч . λόγος « слово , учение » ) — раздел"
Причина смерти,"Причина смерти — заболевание , травма или другое состояние , непосредственно приведшие к смерти человека . Явление , которое объективно"
Причины психических расстройств,"Эксперты Американской психиатрической ассоциации определяют психические расстройства как « клинически значимое поведение человека или в широком понимании заболевание души ,"
Центральное венозное давление,Центральное венозное давление ( central venous pressure ) — давление крови в правом предсердии . Измеряется при помощи вводимого катетера
Церебральное перфузионное давление,"Церебральное перфузионное давление ( сокращенно ЦПД ) — физиологический показатель , характеризующий уровень перфузии ( кровоснабжения ) головного мозга живых"
Химера ( биология ),"Химера — организм , состоящий из генетически разнородных клеток . У животных химерами называют организмы , клетки которых происходят от"
Клиническая смерть,"Клини́ческая смерть — обратимый этап смерти , переходный период между жизнью и биологической смертью . На данном этапе прекращается деятельность"
Клиноморфизм,"Клиноморфизм ( др.-греч . κλινικός — « кровать » и др.-греч . -μορφος , от μορφή — « форма »"
Клиторомегалия,Клѝторомегали́я ( ма̀крокли́тор ) — патологическое стабильное увеличение наружной части клитора ( не следует путать с вре́менным физиологическим увеличением клитора
Принудительная стерилизация,"Принудительная стерилизация — государственная программа , которая принуждает людей пройти хирургическую или химическую стерилизацию . В первой половине XX века"
Врождённая гиперплазия коры надпочечников,"Врождённая гиперплазия коры надпочечников ( ВГКН ) — группа заболеваний , наследуемых по аутосомно-рецессивному пути , при которых нарушается выработка"
Врождённая гиперплазия коры надпочечников вследствие недостаточности 11-бета-гидроксилазы,"Врождённая гиперплазия коры надпочечников вследствие недостаточности 11-бета-гидроксилазы - одно из группы заболеваний , связанных с недостаточной функцией ферментов стероидогенеза и"
Врождённая гиперплазия коры надпочечников вследствие недостаточности 3-бета-гидроксистероиддегидрогеназы,"Врождённая гиперплазия коры надпочечников ( ВГКН ) вследствие недостаточности 3 бета-гидроксистероиддегидрогеназы - одно из группы заболеваний , связанных с недостаточной"
Выздоровление,"Выздоровление — особое состояние организма , наступающее после окончания какого-либо болезненного процесса и продолжающееся до полного восстановления нормального питания и"
Конверсия культуры,"Конверсия культуры — диагностический критерий , определяющий момент , после которого образцы мокроты , взятые у пациента больного туберкулёзом ,"
Дефицит цитохрома P450 оксидоредуктазы,"Дефицит цитохрома P450 оксидоредуктазы ( англ . Cytochrome P450 oxidoreductase deficiency , PORD ) — редкое заболевание и врожденная ошибка"
Мёртв по прибытии ( медицинский термин ),"Мёртв по прибытии ( англ . Dead on arrival ( DOA ) , brought in dead ( BID ) )"
Ненасильственная смерть,"Ненасильственная смерть — это категория смерти , характеризующая смерть , которая наступает в результате какого-либо заболевания : соматического , инфекционного"
Декомпенсация,"Декомпенса́ция ( от лат . de… — приставка , обозначающая отсутствие , и compensatio — уравновешивание , возмещение ) —"
Деинституционализация психиатрии,"Деинституционализа́ция психиатрии — процесс реформирования психиатрической службы , начавшийся в ряде западных стран в 50-х годах XX века . Заключается"
Диагноз,"Диáгноз ( греч . διάγνωσις , лат . diagnosis « распознавание » ; от dia « врозь » + gnosis"
Диатез,"Диатез ( греч . diáthesis , предрасположение ) — наследственная предрасположенность человеческого организма к возникновению определённых патологических реакций или заболеваний"
Дифференциальная диагностика,"Дифференциа́льная диагно́стика ( от лат . differentia « разность » , « различие » ) в медицине — способ диагностики"
Болезнь,"Боле́знь ( лат . morbus ) — это состояние организма , выраженное в нарушении его нормальной жизнедеятельности , продолжительности жизни"
Дивертикул,Диве́рти́кул ( от лат . diverticulum — дорога в сторону ) — врожденное или приобретенное слепо заканчивающееся выпячивание стенки полого
Дискразия,"Дискразия ( от др.-греч . δυσκρασία , « неправильное смешение » ) — концепция , разработанная во II веке н."
Дистрофия,"Дистрофия ( др.-греч . dystrophe , от dys… — приставка , означающая затруднение , нарушение , и trophe — питание"
Кинезио тейп,"Кинезио тейп ( Кинезиотейп ) — эластичная лента из хлопка на клейкой основе , использующаяся в спортивной медицине и реабилитации"
Красный Кристалл,Красный Кристалл — одна из трёх эмблем Международного Движения Красного Креста и Красного Полумесяца . Международное Движение имело две общепризнанные
Эмпиема,"Эмпие́ма ( греч . ἐμπύημα — гнойник ) — значительное скопление гноя внутри полого органа или полости тела , вследствие"
Эндогенный агонист,"В фармакологии , физиологии и биохимии , термин эндогенный агонист по отношению к определённому подтипу клеточных рецепторов обозначает химическое соединение"
Эпифеномен,"Эпифеномен ( др.-греч . επι — « при , после , возле » и φαινόμενον — « являющееся » )"
Эпизоотология,"Эпизоотология ( от гр . Epi - на , zoon - животное , logos - наука , понятие ) ,"
Суточная рН-метрия,Су́точная рН-метри́я ( 24-х часова́я рН-метри́я ) — длительная ( до нескольких суток ) внутрижелудочная рН-метрия в нескольких точках верхних
Синдром нечувствительности к эстрогенам,"Синдром нечувствительности к эстрогенам ( англ . Estrogen insensitivity syndrome , EIS ) — форма врожденного дефицита эстрогена или гипоэстрогенизм"
Исцеление верой,"Исцеление верой ( а также исцеление молитвой , божественное исцеление ) — доктрина , утверждающая возможность сверхъестественного физического исцеления от"
Системно-семейные расстановки,"Системно-семейные расстано́вки ( « расстановки по Хеллингеру » , « семейные расстановки » ) — псевдонаучная теория в области психологии"
Федеральный фонд обязательного медицинского страхования,"Федеральный фонд обязательного медицинского страхования ( ФФОМС ) — один из государственных внебюджетных фондов , созданный для финансирования медицинского обслуживания"
Ферроптоз,"Ферропто́з ( англ . ferroptosis ) — тип программируемой окислительной некротической гибели клетки , характерной особенностью которого является железо-зависимое перекисное"
Фиброз,"Фибро́з ( лат . fibrosis ) — разрастание соединительной ткани с появлением рубцовых изменений в различных органах , возникающее ,"
Свищ,"Свищ , или фи́стула ( от лат . fistula « трубка » ) , — канал , соединяющий полости тела"
Folding @ home,"Folding @ Home ( F @ H , FAH ) — проект распределённых вычислений для проведения компьютерного моделирования свёртывания молекул"
Фомиты,"Фоми́ты ( англ . - fomite ) — любые предметы или субстанции , содержащие патогенные микроорганизмы , такие как паразиты"
Криминалистическая экспертиза,"Криминалистическая экспертиза — вид судебной экспертизы , которая исследует следы — улики , оставляемые людьми и вещами для решения идентификационных"
Распределение Гомпертца,"Закон смертности Гомпертца — Мейкхама ( иногда просто Закон Гомпертца , Распределение Гомпертца ) — статистическое распределение , которое описывает"
Символдрама,"Символдрама ( кататимно-имагинативная психотерапия , кататимное переживание образов , метод « сновидений наяву » ) ( от греч . symbolon"
Медицинское страхование,"Медицинское страхование — форма страхования здоровья человека , которая покрывает часть расходов вызванных страховым случаем , консультацией с врачом или"
Гипогонадизм,"Гипогонадизм ( мужской ) — недостаточность яичек , сопровождающаяся снижением уровня половых гормонов и характерными клиническими проявлениями , обусловленная органической"
ISO 13485,"ISO 13485:2003/ГОСТ Р ИСО 13485-2004 — это международный отраслевой стандарт , разработанный Международной организацией по стандартизации ISO . Текущая версия"
Идиосинкразия,"Идиосинкрази́я ( от греч . ίδιος — своеобразный , особый , необычайный и σύγκρασις — смешение ) — генетически обусловленная"
Импедансометрия пищевода,"Импедансометри́я пищево́да — диагностическая процедура , основанная на измерении на переменном токе импедансов между несколькими электродами , расположенными на специальном"
Инфильтрат,Инфильтра́т ( от лат . in — в ; filtratus — процеженный ) — скопление в тканях организма клеточных элементов
Интернатура,"Интернату́ра ( лат . internus —внутренний ) первичная последипломная специализация выпускников институтов по одной из врачебных профессий , проводимая после"
Инволюция ( биология ),"Инволю́ция ( от лат . involutio — свёртывание ) — редукция или утрата в процессе эволюции отдельных органов , упрощение"
Необратимая электропорация ( Нанонож ),"Необратимая электропорация ( Нанонож ) — представляет собой метод абляции мягких тканей , использующий нетепловую энергию в виде коротких микросекундных"
Камера сенсорной депривации,"Камера сенсорной депривации , или флоатинг-капсула ( англ . float — свободно плавать , держаться на поверхности ) — камера"
Свидетели Иеговы и переливание крови,Свидетели Иеговы известны по всему миру своим отказом от переливания крови даже под угрозой наступления смерти в случае невыполнения этой
"Мани , Джон Уильям","Джо́н Уи́льям Ма́ни ( англ . John William Money , 8 июля 1921 , Моринсвиль , Новая Зеландия — 7"
Синдром Клайнфельтера,Синдром Клайнфельтера — наследственное заболевание . Клиническая картина синдрома описана в 1942 году в работах Гарри Клайнфельтера и Фуллера Олбрайта
Чайный гриб,Чайный гриб ( также японский или маньчжурский гриб ) — обобщающее название нескольких разновидностей симбиоза дрожжевого гриба с бактерией .
Липоидная врождённая гиперплазия надпочечников,"Липоидная врождённая гиперплазия надпочечников - одна из форм врождённой гиперплазии надпочечников , при которой нарушен начальный этап стероидогенеза . Название"
Список кодов МКБ-9,
Проект : Биология/Список клинически важных бактерий,== A == Acetobacter aurantius Acinetobacter baumannii Actinomyces israelii Agrobacterium radiobacter Agrobacterium tumefaciens Azorhizobium caulinodans Azotobacter vinelandii Anaplasma Anaplasma phagocytophilum
Проект : Медицина/Списки/Список наследственных заболеваний,"Список генетических заболеваний Основные статьи : наследственные заболевания , Наследственные болезни обмена веществ , Ферментопатия . В большинстве случаев приведен"
Список фобий,"Здесь приводится список так называемых фобий ( от др.-греч . φόβος — « страх » ) , признанных реально существующими"
Трупные пятна,"Тру́пные пя́тна ( лат . livor mortis ) являются , пожалуй , самым известным признаком наступления биологической смерти . Они"
Лазеротерапия,"Лазерная терапия ( синонимы : лазеротерапия , ЛТ , низкоинтенсивная лазерная терапия , low-level laser therapy , LLLT ) —"
Макробиотика,"Макробио́тика ( др.-греч . μακρóς — большой , βιοτικóς — жизнь ) — учение о питании , основанное Джорджем Осавой"
Опухолевые клетки,"Опухолевые клетки — это дефектные , мутантные , патологические клетки многоклеточного организма , являющиеся частью доброкачественной или злокачественной опухоли ."
Масс-эффект ( медицина ),"Масс-эффект ( англиц . от mass effect ) — воздействие , оказываемое патологически увеличивающейся тканью на соседние здоровые ткани ,"
Материнская смертность,"Материнская смертность ( также коэффициент материнской смертности или КМС ) является важным статистическим показателем , который характеризует частоту случаев смерти"
Волны Майера,Волны Майера ( иногда называемые « волны Мэйера » ) были обнаружены в 1876 г. немецким физиологом Зигмундом Майером (
Медицинская диагностика,"Медицинская диагностика ( от др.-греч . δια-γνωστικος , diagnosticos — способный распознавать ) — процесс установления диагноза , то есть"
Медицинская драма,"Медицинская драма ( англ . Medical drama ) — телевизионный сериал , в центре которого находится больница и работа врачей"
Протоколы диагностики и лечения,"Протоколы диагностики и лечения — это систематично разработанные рекомендации , поддерживающие решения врачей и других специалистов сферы здравоохранения о соответствующем"
Анамнез,"Ана́мнез ( от греч . ἀνάμνησις — воспоминание ) — совокупность сведений , получаемых при медицинском обследовании путём расспроса самого"
Нарциссизм,"Нарцисси́зм — свойство характера , заключающееся в чрезмерной самовлюблённости и завышенной самооценке — грандиозности , в большинстве случаев не соответствующей"
Медицинская процедура,"Медицинская процедура — порядок действий , направленных на достижение результата в плане оказания помощи людям , у которых проблемы со"
Синдром студента-медика,"Синдром студента-медика ( англ . Medical student syndrome , Medical students ' disease ) — состояние людей , чаще у"
Лекарственное средство,"Лекарственное средство , лекарственный препарат , медикамент , лекарство ( новолат . praeparatum medicinale , praeparatum pharmaceuticum , medicamentum ;"
Медицина,"Медици́на ( лат . medicina от словосочетания ars medicina — « лечебное искусство » , « искусство исцеления » ,"
Микроморт,"Микроморт — единица измерения риска , равная риску , при котором вероятность смерти равна одной миллионной . Используются для измерения"
Микропенис,"Микропéнис ( микропения ) — половой член мужчины необычно малого размера , при котором полноценная половая жизнь может быть объективно"
Внутренняя среда организма,Внутренняя среда организма ( фр . milieu intérieur ) ( лат . — medium organismi internum ) — совокупность жидкостей
Малоинвазивные процедуры,"Малоинвазивными процедурами ( англ . minimally invasive procedure ) называются любые процедуры ( хирургические и не только ) , которые"
Морг,"Морг ( фр . morgue ) — специальное помещение при больницах , учреждениях судебно-медицинской экспертизы для хранения , опознания ,"
Смертность,"Сме́ртность — статистический показатель , оценивающий количество смертей ."
Наркология,"Нарколо́гия ( от др.-греч . νάρκη « оцепенение , сон » , и λόγος « учение » ) — область"
Вскрытие,"Вскры́тие ( аутопси́я , некропси́я , се́кция ) ( лат . Sectio – разрезание ) — патолого-анатомическая или судебно-медицинская процедура"
Некроптоз,"Некропто́з ( англ . Necroptosis ) — программируемая некротическая гибель клетки , сопровождаемая активацией взаимодействующей с рецептором протеинкиназы-3 ( англ"
Неоваскуляризация,"Неоваскуляризация — патологическое разрастание сосудов там , где в норме их быть не должно . В офтальмологии выделяют неоваскуляризацию роговицы"
Нефрология,"Нефрология ( от др.-греч . νεφρός — « почка » , и λόγος — « учение » ) — область"
Нейрон,"Нейро́н , или невро́н ( от др.-греч . νεῦρον — волокно , нерв ) — структурно-функциональная единица нервной системы ."
Ноцебо,"Ноцебо ( от лат . nocebo — « я поврежу » ) — средство , не обладающее реальным фармакологическим действием"
Нозология,"Нозоло́гия ( др.-греч . νόσος « болезнь » + λόγος « слово , учение » ) — учение о болезнях"
Пероральный приём лекарственных средств,"Перора́льный приём лекарственных средств — приём лекарства через рот ( лат . per os , oris ) , путём проглатывания"
Ортомолекулярная медицина,"Ортомолекуля́рная медици́на — одна из разновидностей комплементарной медицины . Это направление , как и сам термин « ортомолекулярная медицина »"
Отология,"Отоло́гия ( отиатрия ) — раздел медицины , изучающий анатомию , физиологию и патологию наружного , среднего и внутреннего уха"
Гипердиагностика,"Гипердиагностика — ошибочное медицинское заключение о наличии у обследуемого болезни или её осложнений , которые на самом деле отсутствуют либо"
Озонотерапия,"Озонотерапия — вид физиотерапевтического лечения в нетрадиционной медицине , предполагающий использование газа озона ( O3 ) , который генерируется специальными"
Пангамовая кислота,Пангамовая кислота ( известна также как витамин B15 ) — представляет собой эфир глюконовой кислоты и диметилглицина . Пангамовая кислота
Паразитология,"Паразитология — комплексная биологическая наука , изучающая явление паразитизма , биологию и экологию паразитов , а также вызываемые ими заболевания"
Парез,"Паре́з ( от др.-греч . πάρεσις [ па́рэсис ] « ослабление » ) — неврологический синдром , снижение силы ,"
Синдром Рейфенштейна,"Синдро́м Рейфенште́йна ( синдро́м непо́лной резисте́нтности к андроге́нам , Reifenstein syndrome , Lubs-Rosewater syndrome ) — объединяет различные формы неполного"
Патогномоничный симптом,"Симптом патогномоничный ( от др.-греч . πάθος — « страдание , болезнь » и γνώμωνικος — « узнаваемый , сведущий"
Пациент,"Пацие́нт ( лат . patiens — терпящий , страдающий ) — человек или другое живое существо , получающий ( -ее"
Перинатальная смертность,"Перинатальная смертность — статистический показатель , отражающий все случаи смерти плода или новорождённого в период от 22-й недели беременности до"
Фониатрия,"Фониатри́я ( от греч . phone — звук , голос и iatreia — лечение ) — раздел оториноларингологии , изучающий"
Фотоплетизмограмма,Фотоплетизмограмма — метод регистрации кровяного потока с использованием источника инфракрасного или светового излучения и фоторезистора или фототранзистора . Фоторезистор меняет
Физические методы медицинской диагностики,"Физикальная диагностика — комплекс медицинских диагностических мероприятий , выполняемых врачом с целью постановки диагноза . Все методы , относящиеся к"
Пластическая хирургия,"Пластическая хирургия — это раздел хирургии , занимающийся оперативными вмешательствами , направленными на устранение деформаций и дефектов какого-либо органа ,"
Понтиакская лихорадка,"Понтиакская лихорадка — клинический вариант легионеллёза , представляющий собой его форму без пневмонии . В отличие от легионеллёза , протекает"
Power Balance,Power Balance — марка силиконового браслета с голографическим диском . С 2007 года производитель позиционировал браслет как « энергетическую технологию
Шкала Прадера,"Шкала Прадера или стадирование Прадера — система грубой оценки степени вирилизации половых органов человека , сходная с шкалой Куигли ."
Предрак,"Предрак или предопухолевое состояние — врождённые или приобретённые изменения тканей , способствующие возникновению злокачественных новообразований . Для многих опухолей такие"
Преимплантационная генетическая диагностика,"Преимплантационная генетическая диагностика ( ПГД ) — диагностика генетических заболеваний у эмбриона человека перед имплантацией в слизистую оболочку матки ,"
Профилактическая медицина,"Профила́ктика ( греч . πρόφύλακτικός « предохранительный » ) — в медицине , комплекс мероприятий , направленных на предупреждение возникновения"
Проблемное обучение,"Проблемное обучение — организованный педагогом способ активного взаимодействия субъекта с проблемно-представленным содержанием обучения , в ходе которого он приобщается к"
Прогноз,"Прогно́з ( от греч . πρόγνωση « предвидение , предсказание » ) — это научно обоснованное суждение о возможных состояниях"
Псевдогермафродитизм,"Псевдогермафродитизм ( ложный гермафродитизм ) — термин , применяемый при описании организма , располагающего вторичными половыми признаками или фенотипом ,"
Психосоматика,Психосоматика ( др.-греч . ψυχή — душа и σῶμα — тело ) — направление в медицине ( психосоматическая медицина )
Лёгочная консолидация,Лёгочная консолидация ( лёгочное опеченение ) — уплотнение лёгочной ткани за счёт заполнения воздушных в норме альвеол содержимым ( экссудатом
Пульсоксиметрия,"Пульсоксиметрия ( оксигемометрия , гемоксиметрия ) — неинвазивный метод определения степени насыщения крови кислородом . В основе метода лежит спектрофотометрический"
Электромеханическая диссоциация,"Электромеханическая диссоциация — отсутствие механической активности сердца при наличии электрической ( то есть ЭКГ на мониторе , при клинике остановки"
Гной,"Гной ( гнойный экссудат ) — мутный экссудат , возникающий в результате гнойного или серозно-гнойного воспаления тканей . Процесс образования"
Гниение,"Гние́ние ( аммонификация ) — процесс разложения азотсодержащих органических соединений ( белков , аминокислот ) в результате их ферментативного гидролиза"
Пионефроз,"Пионефроз ( лат . pyonephrosis ) — заболевание , являющееся терминальной стадией гнойно-деструктивного пиелонефрита ."
Цигун,"Цигун ( кит . трад . 氣功 , упр . 气功 , пиньинь : qìgōng ) — это комплексы традиционных"
Шарлатанство,"Шарлата́нство ( от фр . charlatan и итал . ciarlatano итал . chiarlare говорить с пафосом , напыщенно ) —"
Шкала Куигли,"Шкала Куигли представляет собой описательную визуальную систему фенотипической оценки гениталий , которая использует семь классов между « полностью маскулинизированными »"
Радиочастотная катетерная абляция,"Это направление хирургического лечения нарушений ритма . Сюда относят ряд методов , при которых очаг аритмии ( патологические проводящие пути"
Радиоактивные препараты,"Радиоакти́вные фармацевтические препара́ты ( англ . radiopharmaceuticals ) — фармацевтические препараты , в составе которых присутствует нестабильный изотоп , делающий"
Экспресс-тест на стрептококков,"Экспресс-тест на стрептококков ( англ . Rapid strep test ) — широко используемый в клиниках тест , позволяющий в короткие"
Ребёфинг,"Ребёфинг ( англ . rebirthing ) — дыхательная психотехника , созданная в начале 1970-х годов в США Леонардом Орром ."
Клиническая ординатура,Клиническая ординатура — это часть многоуровневой системы высшего профессионального образования медицинских работников в СССР и странах постсоветского пространства ( кроме
"Гольдшмидт , Рихард",Ри́хард Бару́х-Бенеди́кт Го́льдшмидт ( нем . Richard Baruch-Benedikt Goldschmidt ; 12 апреля 1878 — 24 апреля 1958 ) — американский
Трупное окоченение,"Тру́пное окочене́ние ( лат . rigor mortis ) — один из признаков смерти , обусловленный посмертными химическими процессами в мышечной"
Рискованное сексуальное поведение,"Рискованное сексуальное поведение — половые контакты и в некоторых случаях сопутствующее им поведение ( приём наркотиков , алкоголя ) ,"
Посох Асклепия,"Посох Асклепия — распространённый медицинский символ . По легенде , древнегреческий бог медицины и врачевания Асклепий , шёл , опираясь"
Розен-метод,"Розен-метод — один из методов телесно-ориентированной психотерапии , сочетающий вербальный контакт и работу с хронически напряжёнными мышцами тела . Метод"
"Райф , Роял Реймонд",Роял Реймонд Райф ( англ . Royal Raymond Rife ) ( 16 мая 1888 — 5 августа 1971 ) —
Склероз,"Склеро́з — замена органов плотной соединительной тканью . Склероз не является самостоятельным заболеванием , а служит патоморфологическим проявлением другого основного"
Диспансеризация,"Диспансеризация , так же распространён термин : скрининг ( от англ . screening — массовое обследование ) — комплекс мероприятий"
Второе мнение,Второе мнение ( англ . Second Opinion ) — практика получения дополнительной консультации медицинского специалиста по результатам проведенных медицинских исследований
Гиподинамия,"Гиподинами́я ( пониженная подвижность , от греч . ὑπό — « под » и δύνᾰμις — « сила » )"
Определение пола при рождении,Определение пола у человека ( также приписывание пола или назначение пола ) — распознавание пола при рождении ребёнка . Как
Половые гормоны,"Половые гормоны ( гонадостероиды ) — гормоны , обеспечивающие развитие и функционирование имеющих признаки биологического пола живых организмов по мужскому"
Шиацу,"Шиа́цу́ ( яп . 指圧 сиацу , от 指 [ си ] « палец » + 圧 [ ацу ]"
Симультанная агнозия,"Симультанная агнозия — одна из форм зрительных агнозий , характеризующаяся нарушением способности одновременного восприятия нескольких объектов или целой ситуации ."
Сопор,"Со́пор ( от лат . sopor — оцепенение , вялость , сон ; субкома , сопоро́зное состояние , status soporosus"
Спагирия,"Спаги́рия ( греч. , от spao — « извлекаю » и ageiro — « собираю » ) — устаревшее название"
Логопедия,"Логопедия — специальная педагогическая наука о нарушениях речи , способах их предупреждения , выявления и устранения средствами специального обучения и"
Синдром Перегрина,Синдром Перегрина — явление спонтанной регрессии рака без проведения какого-либо противоопухолевого лечения . Регрессия может быть полной — самоизлечение онкобольного
Звезда жизни,"« Звезда жизни » ( англ . Star of Life ) — эмблема службы Экстренной медицинской помощи , которую совместно"
Стеноз,"Стеноз ( др.-греч . στενός — « узкий , тесный » ) или стриктура ( лат . strictura — «"
Мертворождаемость,"Мертворождаемость , также мертворождённость , в соответствии с Приказом Минздравсоцразвития № 1687н в редакции от 2013 года , — рождение"
Чилибуха,"Чилибу́ха , Чилибуха обыкнове́нная , или Рво́тный оре́х ( лат . Strýchnos nux-vómica ) — тропическое листопадное дерево , вид"
Хирургическая бригада,"Хирургическая бригада ( операционная бригада ) — группа медицинского персонала , создаваемая в лечебном учреждении ( на этапе медицинской эвакуации"
Симптом,"Симпто́м ( от др.-греч . σύμπτωμα — « случайность , несчастная случайность , приступ болезни » ) — один из"
Синдром,"Синдро́м ( др.-греч . συνδρομή « стечение , скопление » ; от συν- « с- , со- » + δρόμος"
Системная медицина,"Системная медицина — подход к диагностике и терапии , основанный на сравнении молекулярно-биологических маркеров с патофизиологическим процессом заболевания . Подход"
Танатология,"Танатоло́гия ( от др.-греч . θάνατος — смерть и λόγος — учение ) — раздел теоретической и практической медицины ,"
Tomato effect,"Эффект помидора — психологический эффект , когда полезное считается бесполезным или даже вредным ( по аналогии с эффектом [ плацебо"
Токсикоз,"Токсико́з , интоксикáция ( греч . τοξικός — ядовитый ) — болезненное состояние , обусловленное действием на организм экзогенных токсинов"
Традиционная китайская медицина,"Традиционная китайская медицина ( ТКМ , англ . Traditional Chinese Medicine , TCM ) — система современных учений и практик"
Traditional Knowledge ( электронная библиотека ),"Traditional Knowledge — индийская электронная библиотека , посвящённая традиционным знаниям , в частности , о лекарственных растениях и составах ,"
Синдром Шерешевского — Тёрнера,"Синдро́м Шереше́вского — Тёрнера — хромосомная болезнь , сопровождающаяся характерными аномалиями физического развития , низкорослостью и половым инфантилизмом . Моносомия"
Урофагия,Урофагия ( от лат . ūrīna — моча и др.-греч . -φαγία ( φαγεῖν ) — питаться ) — употребление
Вагинопластика,"Вагинопластика или кольпопластика — пластика влагалища . Производится женщинам , повредившим при родах промежность , вагину , или в целях"
Венерология,"Венерология — область медицины , изучающая инфекции , передающиеся половым путём , или иначе венерические заболевания . Венерология ( лат"
Ветеринария,"Ветерина́рия ( от ветеринар ) — отрасль науки , которая занимается профилактикой , диагностикой и лечением болезней , а также"
Дарсонвализация,"Дарсонвализа́ция — методика физиотерапевтического воздействия на поверхностные ткани и слизистые оболочки организма человека импульсными токами высокой частоты , относится к"
Перевёрнутые асаны # Випарита Карани,"Перевёрнутые асаны ( антигравитационные асаны , королевские асаны хатха-йоги ) — асаны , при которых положение таза находится выше головы"
Колдовство,"Колдовство́ ( чародейство , ведовство , волхование , волшба , волшебство ) — занятие магией как ремеслом , при котором"
Синдром отмены,"Синдро́м отме́ны , реа́кция отме́ны , или состоя́ние отме́ны , — реакция организма , возникающая при прекращении или снижении приёма"
Вобэнзим,"Вобэнзи́м — лекарственное средство , комбинация протеолитических ферментов животного и растительного происхождения с добавлением рутозида . В ряде стран ,"
Синдром де ля Шапеля,"Синдро́м де ля Шапе́ля ( de la Chapelle syndrome , синдром XX у мужчин , XX-извращённый пол ) — назван"
Синдром Свайера,"Синдром Свайера ( англ . Swyer syndrome ) , или Женская гонадальная дисгенезия ( англ . XY female gonad dysgenesis"
Рецепт,"Реце́пт ( от лат . receptum — взятое , принятое , от лат . recipio — принимаю , получаю )"
