磨損作用 ( 牙科 ),磨損作用（abrasion），牙科上稱為牙磨損，指受外來元素形成的機械力（mechanical forces），導致牙齒結構脫落。外來元素包括牙刷、牙籤、牙線等。 == 參考文獻 ==
艾氏人体解剖学,艾氏人体解剖学（英语：Acland 's Video Atlas of Human Anatomy）是一部由路易斯维尔大学的罗伯特·阿克兰（Robert Acland）主持的解剖学视频课程。
针灸,針灸是針法和灸法的合体。中醫學中採用針刺或火灸人體穴位來治療疾病，是联合国教科文组织认定的人类非物质文化遗产代表作。根据中医学理论，通过刺激穴位可以改善经络中的气的流向。现代科学从组织学和生理学上尚未发现气、经络或者穴位的存在，且部分当代针灸使用者并非依据传统理论体系进行实践。因为缺乏足够的现代医学实验证实其疗效，针灸常在部分国家被视作替代疗法甚至伪科学。 科学研究显示针灸有缓解疼痛与术后恶心的效用。有人质疑针灸的效用极其微弱不足以建立临床关系，认为显示针灸有效果的研究结论可能是安慰剂效应、不完全双盲实验或发表偏倚的结果。
急性,急性（Acute）在醫學中指发作迅速持续时间可能也较短的病症。有时侯，急性与慢性用来区分不同的病，比如急性白血病和慢性白血病；有时候，急性用来强调发病突然，如急性心肌梗塞。
急性心包炎,急性心包炎（acute pericarditis）指的是各种原因引起的心包脏层和壁层的急性炎症。 “ 急性 ” 指的是持续时间不超过6个月。 由于心包脏层即为心外膜，所以，也可称为急性心外膜炎。心外膜的炎症时常波及其下的心肌，如果其下的心肌明显受累时，可称为心肌心包炎（myopericarditis）。同样，如果心包的炎症明显累及心脏周围组织，可以相应命名，如纵隔心包炎（medianstinopericarditis）。
沾黏,沾黏（英語：Adhesion）是組織或器官間所發生的纖維性組織，常見於手術區域。沾黏的纖維組織可以視為是體內的疤痕。 如同疤痕，沾黏是手術後人體修復過程中會發生的一種自然現象。造成沾黏的纖維組織常接連在兩組織間，並常跨過一段體腔空間，比如腹腔。這樣的「連結」可能不會造成任何影響，也可能造成兩端組織或器官發生扭結或拉扯，而影響該組織器官的正常生理運作，嚴重時會引起疼痛及併發疾病。
不良反应 ( 医学 ),不良反应（英文：adverse effect），在医学领域，又称为不良作用、不良影响、不良后果，是指一种有害的，人们所不希望出现的，由于某种药物或其他诸如化疗或手术之类的医療所造成的反应、效应、作用、效果、结果或影响。
失认症,失认症（英语：agnosia）是指由大脑受损而导致的认知障碍。患者在意识正常、无感觉障碍的情况下，对传入的感觉刺激缺乏认识能力，包括物体失认、相貌失认、听觉失认等。須注意的是，此種辨識障礙並非因感覺缺失 ( 如視野缺損，半側無知覺 ) 、智力退化、意識或注意力的異常，對該物體不熟悉而引起。而失認症通常只會在某項感覺模式缺損，因此無法透過一種感覺途徑 ( 如視覺 ) 辨識出的物體，可以透過另一種感覺途徑 ( 如觸覺 ) 來辨識。
激动剂,激动剂（或稱：刺激劑/促進劑/活化劑）（英语：agonist）是与受体结合並使之激活，产生生理反应的化合物。激动剂按来源分为内源激动剂和外源激动剂，按效能分为完全激动剂、超激动剂、部分激动剂、反激动剂等。
對抗療法,對抗療法是顺势疗法等替代疗法中对现代主流医学所使用的理論和治療方法的称呼，指采取針對疾病本身的成因直接對抗、移除，使用药物的活性药物成份或物理操作（手术）等方法治療疾病或伤势。 “ 对抗疗法 ” 一词首先由顺势疗法的创始人，塞缪尔·哈内曼在1810年提出。然而，主流医学界从未将这个术语作为正规的医学术语考虑。这个术语主要被各种替代疗法的使用者使用，描述主流医学的理论和疗法，具有一定的贬义性质。世界卫生组织非正式发表的一份论文显示，在替代医学的使用环境下， “ 对抗疗法 ” 可以用来指代大部分常用的医学手段，包括被称为 “ 西医 ” 、 “ 生物医学 ” 或 “ 现代医学 ”
替代医学,替代醫學（英语：alternative medicine、 fringe medicine、pseudomedicine或questionable medicine，也称另类医学）指任何声称产生医疗效果，但并非源於科学方法收集证据的医疗实践。替代医学不是生物医学的一部分，由于其疗效宣稱與科學共识及已確立的科學定律矛盾，所以它们通常是被证明无效的、未经证明的，或者无法证明的。替代医学包括各種衛生保健實踐、保健產品和療法，其在生物學角度上令人覺得貌似是合理的，但不是經過充分測試、與證據和科學矛盾，甚至是對人體有害或有毒 。替代醫學的例子包括順勢療法、自然療法、脊椎按摩療法、能量醫學、各種形式的針灸、中國傳統醫學、阿育吠陀醫學、柔道整復術、信仰療法。检测替代醫學疗效的費用龐大，美國政府曾花费高达25億美元来测试各类替代医学。然而与虛假治療（即使用安慰劑）相比，幾乎沒有一種替代疗法能表現出更佳的疗效。 另类医学是與常規醫學治療併用的替代醫學，是一種使用它可以「補充」治療（提高療效）的「信念」，但其沒有得到科學方法證實。CAM是補充和替代醫學（英语：complementary and alternative medicine）的英語縮寫。整合医学是指替代醫學和循證醫學的結合。 另類醫學診斷和治療不包括在醫學院講授的、以科學為基的治療。替代療法缺乏科學的驗證，及其效果沒有被證明或被科學否定。另類療法通常建基於宗教、傳統、迷信、信仰、信念、超自然力量、偽科學、錯誤的推理、宣傳和欺詐。每一个國家對替代醫學和醫療服務提供者的監管和許可都不盡相同。 替代醫學受到科學界的批評通常為使用誤導性陳述、庸醫、胡說八道、偽科學、反科學、欺詐和使用蹩脚的科學方法。对替代醫學的推廣亦被指責为危險和不道德的。对没有科学依据的替代醫學进行檢測也被指責浪費稀缺的醫療研究資源。批評者說：「真的沒有像替代醫學一樣的東西，只是替代醫學支持者認為是可行的，但常規醫學則不同意」「能否有合理的『替代』 [ 醫學基於證據 ] ？」
人体解剖学方位,人體解剖學方位是解剖學中用來描述人體器官的相對位置、以及運動方向的標準術語，以兩手放在身體兩側，手掌向前标准姿势为准。 在人体解剖学中，下列方位术语的含义为： 上：靠近头部的。在描述四肢时，也称作近侧。在足，也称作背侧。 下：靠近足部的。在描述四肢时，也称作远侧。在足，也称作足底侧。 前：靠近腹部的。在手掌，也称作掌侧。 后：靠近背部的。在手掌，也称作背侧。 内侧：靠近正中矢状面的。在描述前臂时，也称作尺侧；在描述小腿时，也称作胫侧。 外侧：远离正中矢状面的。在描述前臂时，也称作桡侧；在描述小腿时，也称作腓侧。描述局部器官时，还有： 内：靠近内腔的。 外：远离内腔的。 浅：靠近身体或表面的。 深：远离身体或表面的。
麻醉學,麻醉學（英语：Anesthesia、Anesthesiology、Anaesthesia、Anaesthetics），是一門運用藥物和其他方法，來令病人对手术、医用诊断或治疗手段失去知覺的醫學科目，目的在降低或避免病人不适甚至痛苦。
咬伤,咬伤是外伤的一种，由动物撕咬导致，常见猫、狗、蛇类咬伤。被人咬致伤也可包括在内。根据动物种类不同，对咬伤的处置主要有防止伤口感染、防止传染病、防中毒及止血等措施。
抗生素滥用,抗生素滥用（或称抗生素误用、过度使用抗生素），是指对公共健康造成严重影响的抗生素滥用或过度使用。对抗生素产生抗药性的细菌正在成为日益严重的威胁，并且变得越来越普遍。这种过度使用导致生命产生多重抗药性而面临 “ 超级细菌感染 ” ，而这些细菌有时来自相对无害的细菌。抗生素的误用也置病人于不必要的抗药性风险中。
抗生素抗藥性,"抗生素抗藥性（antibiotic resistance）是抗藥性的一種形式，藉此特性，一些微生物亞群體，通常是細菌種，能夠在暴露於一或多種抗生素之下得以生存；對多種抗生素具抗藥性的病原體被視為具有多重抗藥性（multidrug resistant，MDR），或更通俗地稱之超級細菌（superbugs）。微生物演化對抗生素產生抵抗力。抗生素抗藥性是當代醫學一個日益嚴重的現象，已成為21世紀超級重要的公共健康議題之一，特別是因為它涉及到病原微生物（此術語特別指有關引起人類疾病的生物）。在最簡單的情況下，抗藥性的有機體可能獲得第一線抗生素的抵抗力，從而需要使用二線藥物。通常，選用第一線藥物是根據安全性、易取得和成本等的考量；二線藥物則通常是廣效的、有個不受歡迎的副作用、以及比較昂貴，或是情勢急迫，局部沒有效果。某些MDR病原體，相繼獲得第二、甚至第三線抗生素的抗藥性，典型的情況像是金黃色葡萄球菌（Staphylococcus aureus）的院內感染。某些病原體如綠膿桿菌（Pseudomonas aeruginosa）還具有高水準的內在抗藥性。 由於不斷增長的患病率和發病率，MDR病原菌通常用來代表陸續增加的常見縮寫：MRSA（抗藥性金黃色葡萄球菌，Methicillin-resistant Staphylococcus aureus）大概是最有名的，但其他還有像是VISA（萬古黴素敏感性減低金黃色葡萄球菌，vancomycin-intermediate S. aureus）、VRSA（抗萬古黴素金黃色葡萄球菌，vancomycin-resistant S. aureus）、ESBL（超廣效β-內醯胺酶，Extended spectrum beta-lactamase），VRE（抗萬古黴素腸球菌，Vancomycin-resistant Enterococcus）、MRAB（多重抗藥性鮑氏不動桿菌，Multidrug-resistant A. baumannii） , CRE（抗碳青黴烯類腸桿菌，Carbapenem resistant"
天閹,天閹，亦称天宦、隱宮，意思是男子而先天性阴茎短小，甚至缺失；或是非男非女的陰陽人。 據元代陶宗儀《南村輟耕錄·卷二十八》「黃門：世有男子雖娶婦而終身無嗣育者，謂之天閹，世俗則命之曰黃門。」《钦定古今图书集成·医部汇考二百》： “ 天宦者，谓之天阉。不生前阴，即有而小缩，不挺不长，不能生子。此先天所生之不足也。 ” 有名的患者是汉哀帝、漢武陽侯、晉廢帝海西公、北齊臨潼令李庶、宋朝太尉高俅，而汉哀帝与董贤之间产生了断袖之癖的典故。《凌霄一士随笔》記載清代刑部尚书潘祖荫和帝师翁同龢同为天阉： “ 潘祖荫有洁癖，不与其妻同寝处。顷阅陈庆溎《归里清谈》，则潘氏乃天阉也。据云： ‘ 尚书天阉，与翁常熟同。一门生不知，初谒时，询问老师几位世兄，尚书曰： ‘ 汝不知我天阉乎？ ’ ’ 同光间潘翁齐名，号为京朝清流宗主而竟复同为天阉，斯亦奇矣。 ” 明代李时珍在《本草纲目·卷五十二·人傀》提到： “ 夫乾为父，坤为母，常理也。而有五种非男不可为父，五种非女不可为母，何也？岂非男得阳气之亏，而女得阴气之塞耶？五不女，螺、纹、鼓、角、脉也。螺者，牝窍内旋有物如螺也。纹者，窍小即实女也。鼓者，无窍如鼓。角者，有物如角，古名阴挺是也。脉者，一生经水不调及崩带之类是也。五不男，天、犍、漏、怯、变也。天者，阳痿不用，古云天宦是也。犍者，阳势阉去，寺人是也。漏者，精寒不固，常自遗泻也。怯者，举而不强，或见敌不兴也。变者，体兼男女，俗名二形，《晋书》以为乱气所生，谓之人痾。其类有三，有值男即女值女即男者，有半月阴半月阳者，有可妻不可夫者 。此皆具体而无用者也。
细胞凋亡,细胞凋亡（英语：apoptosis，源自希臘語：απόπτωσις，有 “ 堕落、死亡 ” 之意），為一種細胞程序性死亡。相对于细胞坏死（necrosis），细胞凋亡是细胞主动实施的。細胞凋亡一般由生理或病理性因素引起。而細胞壞死則主要為缺氧造成，两者可以很容易通过观察区分开来。在细胞凋亡过程中，细胞缩小，DNA被核酸内切酶降解成180bp-200bp片段屬於有層次之斷裂，（可以通过凝胶电泳证明），而细胞坏死时，细胞肿胀，细胞膜被破坏，通透性改变。细胞器散落到细胞间质，需要巨噬细胞去清除，结果是该局部组织发炎。相比起细胞坏死，细胞凋亡是更常见的细胞死亡形式。 细胞凋亡受到抑凋亡因子和促凋亡因子的调控。
芳香療法,芳香療法 ( Aromatherapy ) ，簡稱芳療，是指藉由芳香植物所萃取出的精油 ( essential oil ) 做為媒介，並以按摩、泡澡、薰香等方式經由呼吸道或皮膚吸收進入體內，來達到舒緩精神壓力與增進身體健康的一種自然療法。芳香療法起源於古埃及，近代盛行於歐洲，是一种不被主流医学承认的另类医学。 芳香療法使用的植物材料和芳香植物油，包括精油和其它芳香化合物，用於改變人的情緒，認知，心理和身體健康的目的。它可以提供作為一種輔助療法，或者更有爭議的是，作為替代醫學的形式。輔助療法可以配合規範治療，替代藥物，而不是傳統的西方醫學，以證據為基礎的治療。 芳香療法師，專門使用芳香療法，利用混合治療級別的精油，通過局部使用方法，包括按摩，吸入或浸水去激發所希望的效果。 沒有良好的醫療證據表明，芳香療法可以預防或治愈任何疾病，但它可能有助於改善整體的健康 . 過去由於科技所限，芳香療法一向都只能採用由天然芳香植物所萃取出的媒介。隨著有機化學的發展，現在很多香味都可以透過化學方法人工合成。不過，這些化學製成的人工香精，其功效往往不及天然的純質精油。
心收縮不全,心跳停止（asystole，/əˈsɪstəliː/）也稱為無心律，是指心臟無電氣活動的狀態，因此心肌不會收縮，也不會有供應血液給身體各部位。心跳停止是在醫學上可以判定臨床死亡或宣告死亡的條件之一。 心跳停止會以心肺复苏（CPR）配合注射像肾上腺素的升血壓藥進行治療，有時一些潛藏的可逆原因可以偵測及治療（所謂的Hs及Ts，例如低鉀血症hypokalaemia）。許多治療方式以往建議用在無心律的情形，但現在都已不建議使用，像是去顫（已確定對於無心律無效，以往其實只能用在非常微弱的心室顫動）以及注射阿托品（現在大部份的主要國際組織都不建議此治療方式）。若有需要，心跳停止可以用每3-5分鐘注射1mg的腎上腺素來治療。每3-5分鐘注射40單位的抗利尿激素可以代替第一劑及/或第二劑的腎上腺素，但其結果和腎上腺素相近。 若心搏停止中患者又出現心電圖無心律的情形，其存活率會比可以由去顫恢復心律的患者要低很多。無心律本身不是「可電擊復律心律」。即使有急救，在院外的存活率仍低於2 % 。
先兆,先兆（英语：aura）是指癫痫开始发作之前患者的最先感觉。此时患者仍意识清醒，记忆完整。先兆的具体表现因人而异。根据患者事后描述，先兆常包括看到怪异的光、闻到难闻的气味或出现各种错觉和幻觉等，持续时间从几秒钟到几分钟不等。可以将先兆分为以下几种： 躯体感觉性先兆 视觉先兆 听觉先兆 嗅觉先兆 味觉先兆 情绪先兆 精神性先兆 其他先兆不同先兆的先兆常代表不同的痫灶部位，因而可以为判断痫灶提供重要线索，具有重要的临床意义。同时，先兆的出现也是给患者的警告信号，以供患者及时采取必要的保护措施。 == 参考文献 ==
自體免疫性疾病,自體免疫性疾病（Autoimmune disease，缩写为AID），亦作自體免疫問題，是人體內的異常的免疫反應攻擊了正常細胞。至少有80種自體免疫性疾病。身體任何部位都可能發生。常見症狀包括輕度發燒，感覺疲倦。症狀常常快速出現與消退。 所謂異常的免疫能力，就是認友為敵，把自己身體裡本來不是病毒或細菌的東西，當成病毒或細菌來攻擊，希望將之驅出體外。人體內免疫系統的抗體原本是針對外來的抗原或體內不正常的細胞（如腫瘤細胞）進行攻擊與清除，是保護身體的一種生理機制。但在一些情形下，免疫系統可能會產生出對抗自己身體內正常細胞（甚至細胞內的各種正常組成部份）的抗體，造成不正常的過度發炎反應或是組織傷害，進而影響身體健康造成疾病。這些認友為敵、攻擊不該攻擊對象的抗體，便稱為自體免疫抗體（Autoantibody，亦作自體抗體）。 目前發生原因仍不明確。某些自體性免疫疾病如家族性紅斑性狼瘡以及某些案例中是由感染或其他環境因子誘發。一般認為是自體免疫造成的常見疾病包括乳糜瀉，1型糖尿病，格雷夫斯病，炎症性肠病，多發性硬化症，牛皮癬，類風濕性關節炎和系統性紅斑狼瘡。診斷上難以鑑定。 治療方式取決於病情的類型和嚴重程度，常使用非甾體抗炎藥（NSAIDs）和免疫抑制劑，也可使用靜脈免疫球蛋白。治療會改善症狀，但通常不能治癒這些疾病。 美國約有2400萬（7 % ）人受到自體免疫性疾病的影響。女性發生比例較男性高。通常在成年期間開始發生。自身免疫性疾病在20世紀初第一次被描述。
驗屍,驗屍亦稱屍體解剖、屍體检验、屍檢，是一個徹底檢查屍體的醫療程序，以確定死亡的原因和方式並評估任何可能存在的疾病或損傷。通常由病理學家、法醫或驗屍官等專門人員行驗屍工作。
條碼給藥系統,條碼給藥系統（Bar Code Medication Administration）簡稱BCMA，是在醫療產業中配合給藥的條碼系統，可以預防給藥錯誤，提昇給藥的品質及安全性。條碼給藥系統的整體目標是提昇給藥的準確性、預防失誤、並且可以記錄給藥資訊。 條碼給藥系統包括讀條碼機，有無線通訊的可攜式電腦或是桌上型電腦、電腦伺服器以及軟體。當護理人員將藥給住院病人時，可以掃描病人手腕腕帶上的條碼，確認是正確的病人，接著可以掃描藥袋上的條碼，護理人員及軟體可以確認是在正確時間、以正確劑量、正確給藥方式提供的正確藥品（5 rights）。條碼給藥系統設計的目的是在協助護理人員確認給藥的正確性，系統無法取代護理人員的專業知識及專業判斷。 條碼給藥系統是於1995年在美國堪薩斯州托皮卡的Colmery-O'Neil退伍军人医疗中心開始實行，此系統是因護理人員看到租車系統中使用條碼，引發靈感而導入。美國退伍軍人事務部在1999年至2001年之間將此系統推廣到161個醫療機構。Cummings等人為了減少醫療失誤，建議醫院導入條碼給藥系統，他們也建議醫院在等待導入RFID系統前先導入此一系統，不過也提到要導入此一系統需要仔細的計劃，以及在工作模式上的深度調整。
良性肿瘤,良性肿瘤（英語：benign tumor）是肿瘤的一种，通常区别于恶性肿瘤。良性肿瘤的生长速度缓慢，呈膨胀性生长，表面较光滑。
良性,在醫學上，良性（Benignity）源自拉丁文的benignus，是指長期來說對身體無害或影響較小的疾病，其相反詞為惡性。 良性的疾病可能會造成身體的不適，但不會危及生命，例如大部份的頭痛都屬於良性的，不過也有少部份的頭痛會危及生命。 在肿瘤学中良性肿瘤是指維持其局限性，不會侵襲及破壞其他器官的肿瘤。肿瘤学以外良性顱內壓升高 慢性疲勞症候群 良性陣發性姿勢性眩暈 良性前列腺增生症 良性間日瘧（由間日瘧原蟲或卵形瘧原蟲造成的瘧疾）
生物医学,生物医学（英语：Biomedical sciences or Biomedicine）是医学的分支，负责将生物技术和其他自然科学理论应用于临床实践。 生物医学主要运用生物学和生理学的知识。 生物医学与健康和生物学相关领域有关联，并且从上世纪以来一直在健康系统中扮演着重要的角色。生物医学有许多的分支学科和专业领域，其名称通常以 “ 生物- ” （bio-）开头，如： 分子生物学，生物化学，生物技术，细胞生物学 胚胎学， 纳米生物技术，生物工程，实验室医学生物学， 细胞遗传学，遗传学，基因疗法 生物信息学，生物统计学，系统生物学， 微生物学，病毒学，寄生虫学 生理学，病理学， 药理毒理学，许多人认为生命科学可以应用于医学。
遺體捐贈,遺體捐贈指在個體死亡之後，基於教育或研究用途捐獻遺體的行為。
體液,體液（Body fluid），包括血液、腦脊髓液、胃液、消化液、精液、唾液、淚液、汗液、尿液、陰道分泌液等。 在有疾病的狀態下，也會產生一些平常量少不易偵測到的體液，如肋膜積液（又稱胸水）、腹腔積液（又稱腹水）、心包膜積液、關節積液、各器官的囊腫（cyst）積液等等。
脑死,脑死（或称脑死亡，英语：Brain death），作為死亡判定的準則之一，通常指包括脑干在内的全腦部功能丧失的不可逆转的状态。近年以来，脑死已经成为判断死亡的一个重要标志。一個人若停止呼吸二至五分鐘以上，可能會造成腦死現象。 随着医学科技的发展，病人的心跳、呼吸、血压等生命体征都可以通过一系列药物和先进设备加以逆转或长期维持。但是如果脑干发生结构性损伤破坏，无论采取何种医疗手段最终都会发展为心脏死亡。因此，与心脏死亡相比，許多學者相信，脑死亡的标准更可靠。在許多國家的法律中，皆採納腦死作為死亡的依據。但在醫學上，被判定腦死的病人，仍然可能表現出生命徵兆，心跳與許多身體器官仍然保持運作，例如進入持續性植物狀態的病患；也曾經有多起病例，被判定腦死的病人，最終復原存活下來，但判定過程不夠嚴謹。 诊断脑死亡必须依据严格而详细的诊断程序来进行确认（比如医师的资格和人数，测试的次数和时间间隔等），一般要求参与器官移植的医生回避。
脑死亡,脑死（或称脑死亡，英语：Brain death），作為死亡判定的準則之一，通常指包括脑干在内的全腦部功能丧失的不可逆转的状态。近年以来，脑死已经成为判断死亡的一个重要标志。一個人若停止呼吸二至五分鐘以上，可能會造成腦死現象。 随着医学科技的发展，病人的心跳、呼吸、血压等生命体征都可以通过一系列药物和先进设备加以逆转或长期维持。但是如果脑干发生结构性损伤破坏，无论采取何种医疗手段最终都会发展为心脏死亡。因此，与心脏死亡相比，許多學者相信，脑死亡的标准更可靠。在許多國家的法律中，皆採納腦死作為死亡的依據。但在醫學上，被判定腦死的病人，仍然可能表現出生命徵兆，心跳與許多身體器官仍然保持運作，例如進入持續性植物狀態的病患；也曾經有多起病例，被判定腦死的病人，最終復原存活下來，但判定過程不夠嚴謹。 诊断脑死亡必须依据严格而详细的诊断程序来进行确认（比如医师的资格和人数，测试的次数和时间间隔等），一般要求参与器官移植的医生回避。
屍體,屍體，是不同于生物的概念，指生物体死亡後遺留的尚未完全腐烂的躯体。至於完全腐壞、僅殘餘骨骼組織的动物尸体则称为骸骨，亦称白骨、骷髅、遗骨等，其中 “ 骷髏 ” 一詞可能帶有恐懼吓唬人的意味。
死後抽搐,死後抽搐（cadaveric spasm）亦稱尸体痉挛，是指人或動物於死亡後，肌肉未经过松弛阶段就立即发生僵硬，其肢體仍然有的小許動作或者抽搐。 這種現象可由肉眼观察到，一般死亡前有剧烈运动，挣扎，伴随有大的情绪波动，死亡后会出现抽搐的现象。刑侦学上具体表现的例子有，溺水死亡者紧抓稻草，吞枪自戕着紧握手枪等。
结石,结石指人或其他动物在体内器官空腔或导管腔中形成的块状固体物。常见的结石有肾结石、胆结石、肝结石、输尿管结石、膀胱结石、結膜结石、唾液線結石等。结石的常见成分为钙盐，如草酸钙、磷酸钙等。
病原學,病原學又稱為病因學是形成疾病的因素。因為不同性質的病原，大致上可以分成直接病因與助因兩類。直接病因最常見的是創傷，或者是因為感染或輻射線暴露導致的疾病。直接病因不一定要很明顯，有些可能是基因上缺陷因素的疾病，但在疾病表現上需要一段時間形成。助因是無法單獨導致疾病的因素，往往不那麼清晰且多發性，例如貧窮與營養不良都可能是肺結核的助因。
细胞死亡,細胞死亡（Cell death）是描述生物細胞永久中止運作生理功能的狀態。細胞死亡可能起因於個體計畫性的細胞死亡，或是因疾病或創傷導致細胞不可逆的損傷而死亡。
中心静脉压,中心静脉压（CVP）（英语：central venous pressure）指的是右心房和胸腔内大靜脈的血压。正常值为4~12cmH2O。中心静脉压的大小取决于心脏射血能力和静脉回心血量之间的相互关系。若心脏射血能力强，能将回心的血液及时射到动脉内，中心静脉压则低。反之由于心力衰竭等原因造成的射血能力下降则会导致中心静脉压变高。 若中心静脉压低，则会出现心室充盈不足，心输出量减少。但若中心静脉压过高又不利于血液流入心房。 中心静脉压可作为临床上作为补液速度和补液量的指标。 == 注释 ==
嵌合體,嵌合體（英语：chimera、genetic chimerism、chimaera），又名喀邁拉现象，是動物學的一種特殊現象，指動物的兩顆受精卵融合在一起身為一個個體並成長。
慢性病,慢性病是一種持續或長期的健康狀況或疾病。美國國家衛生統計中心的定義為持續超過三個月的病症，又或者是因病或先天造成的永久性傷害。常見慢性病包括惡性腫瘤、腦血管疾病、心臟病、高血壓、高血脂、糖尿病、慢性肝病及肝硬化、腎炎、腎徵候群及腎性病變、关节炎、哮喘、慢性阻塞性肺病和艾滋病。 醫學中，慢性的反義詞是急性。慢性跟復發不一樣；復發性疾病會反復地再次發病，每次發病中間會有靜止期。
临床死亡,临床死亡是一个医学术语，指心跳、呼吸停止。 心跳停止的5至8分钟，又可称临床死亡期，人体仍可复苏。之后，人体进入生物学死亡期，人体无法被复苏。 == 参考文献 ==
臨床路徑,臨床路徑指的是一種將醫院看病診斷程序化的方法，預計在使用這種方法之後會降低醫院的成本和減低就診的開銷。
阴蒂肥大,阴蒂肥大，又稱阴核肥大，指女性阴蒂尺寸过于肥大的病症，既有先天性的，也有后天导致的。阴蒂肥大不同于性刺激下阴蒂的自然增大。此外，亦有人通过人工激素，如睾酮等，刻意地增大阴蒂，称作阴蒂增大术。 == 参考文献 ==
联合疗法,联合疗法（英语：Combination therapy或polytherapy）是指使用了一种以上的藥品的疗法。一般来说，这些术语指的是使用多种疗法来治疗一种病症。通常来讲，联合疗法中所有的疗法都会用到药物（虽然有时也会用一些非医疗手段来治疗，比如药物、心理辅导双管齐下治疗抑郁症）。
併發症,併發症（complication）指在疾病發展過程中之續發性反應所造成的結果，是醫學、病理，可能是因為病患在醫療或護理過程中，因為一種疾病合併引發其他的另一種或幾種疾病。
強制絕育,強制絕育（德語：Zwanghafte Sterilisation ; 英语：Compulsory sterilization）是國家或地方政府透過立法強制某些類型的人結紮、絕育。通常是出於所謂｢優生學考量｣，也有｢為了社會經濟與福祉｣，避免某些｢低／無價值的｣或｢低／無生產力的｣人類繁衍後代，以便提高（未來）整體國民的健康素質與社會經濟力。 曾被列入強制絕育的對象各地不一，例如：某些遺傳病病患（天生智障、精神分裂症、躁鬱精神病、遺傳性癲癇、遺傳性杭丁頓舞蹈症、遺傳性眼盲或耳聾、嚴重的遺傳性身體缺陷以及嚴重酗酒者），精神病患，窮人，犯人，妓女。 強制絕育政策並不是德國納粹發明的，雖然是納粹時期大量、系統化地執行優生政策，最後演變成屠殺殘障、精神病、和遺傳病患而震驚世界。 從更寬廣的歷史脈絡來看優生學在當時流行的社會原因： 優生學是19世紀末、20世紀初西方國家的流行，因為生物學、醫學和公共衛生等等方面的進步，人類掌握了控制後代生物品質的技術，也普遍認同社會達爾文主義的優秀人種、汰弱留強觀念。隨之而來，當時不管在政界、學界或民間，許多人將優生視為理所當然，是科學與進步的觀念。 此外，各國在國力上爭雄，在海外爭奪殖民地和出口市場，於19世紀末、20世紀初也演變到白熱化階段。各國無不想方設法追求國民生產力的提高，而生產力的根本－－以當時的理解－－從健康優良的新生兒開始。歷史上曾經實施過強制絕育的國家或地方有：中国、美國、加拿大、墨西哥、德國、瑞士、丹麥、瑞典、挪威、芬蘭、立陶宛、冰島和日本。 [ 1 ]
先天性腎上腺增生症,先天性腎上腺增生症是一種由於缺乏羥化酵素而導致腦下垂體的過度刺激，最後引起的腎上腺增生肥大疾病。美國每年有20萬人罹此症。此會造成荷爾蒙過度分泌，引致部分男嬰性早熟而導致身材矮小；女嬰尚未出生，陰蒂而肥厚增生，但每位症狀情況不同， 亦有陰蒂無增生者但由血液檢測發現得此症。目前療程需終身服用口服藥物以控制荷爾蒙平衡，每半年做一次抽血檢驗測荷爾蒙質是否平衡，調整劑量。並給予此症者隨身攜帶注射式藥劑，於症者大量失血 ( 如車禍或意外外傷 ) 時給予注射。症者平時由感冒引發發燒或出現嘔吐時，應在醫生指示下，改變劑量，通常給予平時藥量的一倍。若此症者住院時，在不過敏的情況下，應在醫師計算過藥量後，給予注射腎上腺皮質素。 其發生率為1/10000至1/15000，但由於男性症狀不顯著而常被忽略，實際數字比較少。 遺傳方面，其遺傳方式為體染色體隱性遺傳，通常皆因第六號染色體上的羥化酵素基因有缺乏。
保守治疗,保守治疗，亦称为保守疗法（conservative therapy），指相对于有创操作（即有创伤的操作，如手术）的疗法，如药物治疗、物理治疗等。
禁忌症,醫療上的禁忌（Contraindication）也稱為禁忌症，是指不對病患進行特定治療方式的原因，其原因多半是因為病患的症狀或因素，若進行治療方式會對病患造成損傷，因此不進行此治療方式，禁忌症和適應症恰好相反，後者是使用某一治療方式的原因。 有些禁忌症是絕對的，表示不論如何，在此情形下都不允許使用此治療方式。例如青少年及兒童的病毒感染不能使用阿斯匹靈，因為會有雷氏症候群的風險 ，若病患對某一食物有全身型過敏性反應，嚴禁食用會造成過敏的食物，若病患有血色沉著病，嚴禁補充鐵劑。 有些禁忌症是相對的，表示若使用此治療方式，病患雖然有較高的風險，但風險可因為其他因素抵消或是用一些方式緩和。例如孕婦一般是避免照X光，但若為了診斷（並治療）一些嚴重疾病（結核）而照X光，其助益可以對抵消X光的風險。相對性的禁忌症一般會用「用藥須知」（cautions）來表示，就像英国国家处方集的作法。
驚厥,驚厥（英語：Convulsion），亦稱驚風，在醫學上指肌肉突然緊張、鬆弛而導致身體失控顫抖的狀況。因為癥狀與癲癇發作相似而被混淆，但並不是所有的癲癇發作都會導致驚厥。 和西醫所指的廣泛不同，中醫上驚厥主要指發於一至五歲小兒的小兒驚厥，是一種虛症。它會和其它許多疾病同時發生，導致兒童抽搐和神志障礙。發病率隨著年齡的增加而降低。
病程,病程，是指一個疾病或者其治疗的持續時間。 治疗病程，是指开始实行药物治疗的过程，包括对药物不同计量和使用的监控，因为一些药物的使用不能突然停止，所以治疗病程必须纳入考察范围。抗生素 : 抗生素的病程对于防止疾病复发或者抗药性等副作用的产生至关重要类固醇 : 对于长期或者短期类固醇治疗，当停止治疗时，对类固醇的摄入并非突然停止而是逐渐减轻计量。这使得患者肾上腺能够自然恢复生产皮质醇。突然停止类固醇的摄入，会导致肾上腺机能不全，以及类固醇停药综合征疾病病程，也称自然病史，是指患者体内的疾病发展情况，包括病症、进度、以及作用。常见的疾病病程包括有：慢性 复发 亚急性：位于急性和慢性之间 急性等。
積極治療,積極治療（英文：Curative care）指的是所罹患的疾病因仍有痊癒機會，故而以治癒疾病為目的而採取的積極治療策略。積極治療與預防性治療（預防性醫療）及和緩醫療不同。 預防性醫療指的是透過藥物或技巧如：疫苗、運動、健康飲食、和健康的生活型態來預防疾病的發生。 和緩醫療指的是專注在降低症狀帶來痛苦程度的治療，例如：降低疼痛。 == 參考資料 ==
到院前心肺功能停止,到院前心肺功能停止（英语：Out-of-hospital cardiac arrest，簡稱 OHCA），原稱到院前死亡（英语：Dead on arrival，簡寫 D.O.A.）是一個醫學術語，泛指病患在送達醫院的急診室前已出現死亡的症狀，例如心肺功能停止。 台灣使用OHCA作為到院前心肺功能停止溝通術語單指醫院外心肺功能停止，如果病人腦死，救起的人常因缺氧，大腦、腦幹功能受損成為植物人，腦死的症狀（瞳孔放大、腦幹失去功能）是簽署DNR（放棄急救聲明），是醫護人員決定是否進行心肺复苏术（CPR）、輸血等相關急救手段的依據。 在下列情況的到院前死亡，通常不會再進行任何的急救行為，而是直接開立死亡證明。 無法存活的受傷，例如斷頭或足以致死的腦部外傷。 屍體僵硬或出現屍斑，足已證明已經死亡好幾個小時以上。 流產或死產，嬰兒在出生前死亡。但是在台灣，依中華民國《刑事訴訟法》第218條規定，非自然死亡需由檢察官相驗，醫院不得開立不明死因的到院前死亡，或意外事故的死亡證明，必要時只能開立急救或醫院就診病歷摘要的一般診斷證明，以供法醫驗屍時參考。再由法醫確定死因後，由法醫開立死亡證明。
診斷 ( 工程 ),診斷是指找出一特定現象的本質及產生原因，再配合邏輯、分析及經驗來判斷因果关系，在許多不同的領域都有用到診斷，像醫療診斷即為診斷的一種。在系統工程及電腦科學中，會用診斷來確認現象的成因、減輕方式以及對策。
己烯雌酚,己烯雌酚（英语：Diethylstilbestrol），非甾体雌激素类药物，于1938年首次合成。1971年，人们发现孕妇服用己烯雌酚后会导致畸胎。
鑑別診斷,指的是將某個特定疾病從其他展現類似症狀的疾病中區分開來。醫師對病患作鑑別診斷，診斷特定的疾病，或著至少消除立即致命的情有時每個可能的病因都被稱為一個鑑別診斷（例如：在評估咳嗽時，支氣管炎可能是一個鑑別診斷，但最終的診斷是流行性感冒）。 更一般的說，鑑別診斷程序是一種系統化的診斷方法，將某個原因從其他多個選擇中辨識出來。這種方法本質上是消去的過程，或者是將其他選擇的可信機率縮減到可以忽略的程度。使用的證據包括症狀、家族病史、醫學知識、實證醫學，用以調整各種病因的可信度。
疾病,疾病是生物在一定原因的损害性作用下，因自稳调节紊乱而发生的异常生命活动过程，是特定的異常病理情形，而且會影響生物體的部份或是所有器官。一般會解釋為「身體病況」（medical condition），而且伴隨著特定的症狀及醫學徵象。机体对病因所引起的损害发生一系列抗损害反应；自稳调节的紊乱，损害和抗损害反应，表现为疾病过程中各种复杂的机能、代谢和形态结构的异常变化，而这些变化又可使机体各器官系统之间以及机体与外界环境之间的协调关系发生障碍，从而引起各种症状、体征和行为异常，特别是对环境适应能力和体力减弱甚至丧失。 疾病有致病原因，可能是由外在因素而造成，例如傳染病，也有可能是因為內在的機能不良而導致，例如自體免疫疾病。但疾病不一定是由单一因素引起。致病的原因往往因为环境因素作用于遗传易感体；它是有规律的发展过程。疾病导致一系列的功能、代谢和形态结构的变化，并由此而产生各种症状和体征，这是认识疾病的基础。疾病是完整机体的反应，但不同的疾病又在一定部位（器官或系统）有它特殊的变化。生病时，机体内各器官系统之间的平衡关系和机体与外界环境之间的平衡关系受到破坏，机体对外界环境适应能力降低，体力减弱或丧失。 對人類而言，疾病一般會用來泛指會造成疼痛、異常行為甚至死亡的條件。在此定義下，疾病有時也包括受傷、身心障礙、功能失調、症候群、感染、獨立的症狀、特異的行為等。不過在其他領域可能會有不同的分類。疾病不一定只影響人的生理，灳會對人的情緒造成影響，患有某一疾病可能會影響人的生活態度及人格。 由於疾病造成的死亡會歸類為自然死亡。疾病可以分為四類：病原類疾病、营养缺乏類疾病、遺傳類疾病及心理類疾病。疾病也可以用傳染病及非傳染病來分類。造成最多人死亡的疾病是冠狀動脈疾病，再來是脑血管疾病及下呼吸道感染。
性別分化障礙,"性別分化障礙（英語 : Disorders of sex development , DSDs）是涉及生殖系统的医学症狀。更具体地说，这些术语是指 “ 染色体，性腺不符合男性或女性身體的典型二元概念的先天性症狀 ” 。该术语一直存在争议，研究表明，受影响的人士会受到负面影响，术语会影响医疗服务提供者的醫療行為。世界卫生组织和许多医学期刊仍将DSD列为双性人的特征或条件。歐洲理事會和美洲人权委员会呼吁对医疗分类进行审查，以免对双性人特征进行不必要的医学治疗。 == 參考文獻 =="
醫患關係,醫患關係、醫病關係（英文：Doctor-Patient Relationship）是指醫生和病人之間的互動，在現代醫學倫理的概念中，是醫生與病人之間的信賴合作之基礎。大多數醫生從實習開始，甚至是進入正式醫院，都必須學習和維持著尊重病人的尊嚴、隱私與需求。
效能,效能（英语：en : efficacy）是指事物产生功效的能力，常用于通識教育、医学和药理学。
肌內效,肌能系貼布，是一種以物理特性設計的膠布，貼在皮膚以達到增進肌肉收縮或是促使肌肉放鬆。肌能系貼布常用於運動前後，目的為固定關節位置及協助肌肉。其原理並非給予身體任何外來物質，而是提供肌肉與組織較好的環境，讓身體自然擁有更好的表現。
电子处方,电子处方（英文：electronic prescribing，或者e-prescribing），又称为开具电子处方、开立电子处方、 电子处方开立，是指医师利用实时的，病人特异性的临床信息和财务信息，为让病人知情同意： 在床边开具关于医学上最为合适的且经济划算的处方； 并将该处方传输给病人所选择的药房。 药房还可以通过向医师办公室发送电子格式的补充发药（英文：refill）申请来请求补充发药。
国际红十字与红新月运动的标志,根据日内瓦公约，人道及医务车辆和建筑可以使用国际红十字与红新月运动的标志，医务人员和其他开展人道工作的人员可以佩戴这些标志，从而在战地上保护他们不受军事攻击。一共有4个标志，目前仍在使用的有三个：红十字、红新月和红水晶。红狮与日标志也是一个得到认可的标志，但已不再使用。 此前对于以色列急救协会使用的红大卫盾标志存有争议，红水晶的创立就是为了解决这一争议，此后以色列红大卫盾会才得以加入红十字运动。 在大众文化中，红十字标志成为了医学的通用标志，常常与急救、医疗服务、医疗产品或医务人员联系在一起；在玩具、电影和电子游戏中都存在滥用的情况。在红十字运动的反对下，才转用其他衍生的标志。
信仰治療,信仰治療（英语：Faith healing），是指透過祈禱或宗教靈修的方式，對生理或心靈上的疾病，藉著上帝或神靈的力量，進行醫治及治療。
家庭系统排列,家庭系统排列（英语：Family Constellation）是心理咨询与心理治疗领域的一个方法，多用于家庭治疗。该方法由德国心理学家貝爾特·海灵格（Bert Hellinger）最早開發出來的。家庭系统排列是系统排列（Systemic Constellation）的一种（另有组织系统排列等），系统排列是通过现象学方法探究问题的根源和解决方法。 海灵格发现在家庭系统中，有一些不易被人们意识到的动力操控着家庭成员之间的关系。很多人的心身问题，其实都是家庭 “ 牵连 ” 造成的。将 “ 牵连 ” 的原因显露出来，往往能找出化解的方法。 家庭系统排列（系统排列的一个子应用）是一种体验程序，目的在于释放和解决人自身和人与人之间的深层压力。该程序的发展可以追溯到哲学家和临床医学家，包括现象学之父埃德蒙德·胡塞尔、跨代系统思想先驱 Ivan Boszormenyi-Nagy、发展出家庭雕塑（系统排列雏型）的弗吉尼亚·萨提尔以及贝尔特·海灵格。在过去十年中，全世界的从业者都对这项方法进行了进一步的改进和发展。包括精神病学家（德国的 Gunthard Weber 和 Albrecht
纤维化,纤维化 ( Fibrosis ) 是指在一个器官或组织为修复或反应过程而过度地形成纤维结缔组织的过程。
瘘,瘘（拉丁語：Fistula，或称瘘管）是体表上皮细胞与内脏或深层组织之间形成的病理性管道，有内口与外口。瘘管的外口，又称为漏，是流脓水，淋漓不断，不能收口的溃疡疮口。而有时，为了达到对某种疾病的治疗目的时，也需要通过外科手术的方法制造一条瘘管。 == 参考文献 ==
五年存活率,五年存活率（英语：five-year survival rate）是一種存活率的類型，用來計算特定疾病的預後情況，通常是從確診開始進行計算。早期診斷的領先時間偏差，可能會影響五年存活率的解釋程度。 五年存活率有絕對與相對的存活率表示方式，而相對存活率最常使用。其意義代表經過治療後，存活超過五年者其再復發機率微乎其微。
Folding @ home,Folding @ home（簡稱FAH或F @ h）是一个研究蛋白质折叠、误折、聚合及由此引起的相关疾病的分布式计算工程。由斯坦福大学化學系的潘德实验室（Pande Lab）主持，於2000年10月1日正式啟動。Folding @ home現時是世界上最大的分布式計算計劃，於2007年為吉尼斯世界纪录所承認。 2004年3月8日，研究基因結構的Genome @ home計劃終止，併入Folding @ home。
司法科学,司法科学（英语：forensic science，香港稱作法證科學，台湾稱作鑑識科學），又稱作法医学，是一种利用科学手段处理、解决与司法体系利益相关问题的科学。其主要针对刑事及民事案件。此外与法律体系相关，司法科学更多强调与运用与事实、事件、物理标的物（例如罪案現場、尸体）相关的学术及科学方法论及理论。关于一些在司法体系外的事物鉴定，往往也与此领域相关。 在古罗马时期，一个罪犯通常在要法庭上面对一群公民个体进行陈述。罪犯和逮捕方都要根据各自立场去进行辩护或陈述。其个人言辞和表达往往决定案件的结果。这一远离导致了 “ forensis ” 这一词的广泛运用——一种司法证据形式和一类公共陈述。在现在，司法科学更多是指表达科学领域的工具学运用，而非仅仅是关于法庭的学术。
膠質細胞增生,膠質細胞增生為在中樞神經系統受損處，星形膠質細胞的大量增生。星狀細胞為相對較大的一種膠質細胞，具有多種功能，並會在神經元受損處堆積。腦中特定部位的膠質細胞增生及神經元的失去常被發現於各種神經退化性疾病（neurodegenerative disorder），例如科爾薩科夫氏症候群（Korsakoff 's syndrome）、多发性硬化症及愛滋病痴呆綜合症（AIDS dementia complex）。
冈珀茨-梅卡姆死亡率定律,冈珀茨-梅卡姆死亡率定律（英语：Gompertz–Makeham law of mortality）认为，哺乳动物的年龄越大，其死亡率就越高。包括动物在内的人类生命体的老化和死亡概率随着年龄的增长会几何式的增长。人类过了30岁之后死亡率每8年会递增两倍。一般来说，100只动物就足以观察到符合冈珀茨法则的死亡曲线。然而研究者罗谢尔·巴芬斯滕（Rochelle Buffenstein）记录了3329只裸鼹鼠30多年来的数据，却发现裸鼹鼠的死亡风险不随年龄增长而上升（甚至还略有下降）。
刮痧,刮痧是用邊緣光滑的湯匙、銅錢、硬幣或較專業的牛角骨等製成的刮痧板，配上一些按摩油或是保湿霜，在病人身體的施治部位上順序重複刮動的治療方法，是中國民間流傳的傳統療法。刮痧後有些病人感到局部或周身輕鬆、舒適、胸腹開暢、症狀消失，其原理在于人体应对疼痛刺激分泌的内啡肽。
保证争点,保证争点 是一个术语，用于描述 健康保险 领域中的一种情况，一个政策适应于任何符合条件的申请人却不考虑其健康状况。通常，这是保证争点不考虑如何售出健康保险所产生的结果，或者是为了给 投保前已有健康问题 的人提供一种途径去获得某种健康保险。 在 患者保护与平价医疗法案 ( ACA ) ，所有 健康保险政策 必须在有保证争点的基础上售卖。在ACA之前，少数几个州要求保险公司在个人健康保险市场出售基于这个争点的全覆盖保险。 此外， 1996年的《健康保险便携性和责任法案》中 `` 诚信的全覆盖 '' 条款，
治愈,治癒又稱治療，是讓患病或受傷的生物恢復健康的過程。生物在遭受到物理損傷或罹患疾病時，會使生物的細胞、組織、器官、生物系統無法發揮其原本的功能，治癒可以使生物從這樣的狀態中恢復健康。在精神病學及心理學中，治癒是指將對象從悲傷等負面情緒中脫離、或是使減緩、消除精神病對對象的影響。
醫療保險,医疗保险或健康保險（Medical insurance），简称医保、健保，是常見的保險之一，主要為投保人應付無法預測的醫療服務需求及財務風險。 广义的医疗保险也称健康保险，它不仅补偿由于疾病给人们，带来的直接经济损失，即医疗费用，还补偿由于疾病带来的间接损失，如误工工资，对分娩、残疾和死亡等也给予经济补偿。 投保人在有需要使用醫療服務時，可得到一筆定額的現金賠償以補貼其全數或部分醫療開支。
草藥醫學,草藥醫學（英语：Herbal medicine，Herbalism），研究與使用植物於醫療用途的學問。它的範圍除了植物之外，通常也可擴展到真菌、昆蟲、甲殼類、動物及礦物。對所有由自然產生的藥物進行研究的學科，稱為生藥學。
医院急救代码,全世界的医院都使用医院急救代码向工作人员通报各种紧急状况，使用代码是为了快速传递信息且将误解的可能性降到最低，又能减少病人和家属的紧张和恐慌。一般贴在墙上或印在雇员身份证章上。
人體溫度,"人體體溫、人體正常體溫（英語：Human body temperature、Normal human body temperature、normothermia、或 euthermia , ）測量出的結果取決於在一天中的時間中身體內發生的變化，以及該人的活動水平。而正常體溫一般值在： 口探（舌下）：36.8±0.4℃（98.2±0.72°F） 體內（直腸，陰道）：37.0°C（98.6°F） 身體的不同部位有不同的溫度，直接測量體腔內部的直腸或陰道的結果通常比口探測量稍高，而且口探測量比皮膚測量稍高。其他地方，如在手臂或耳後會產生不同的正常溫度。 在一天中，因為身體的需要和人活動後的變化，一個健康的人體溫在早上會較低，在傍晚和晚上則高大約0.5℃（0.9°F）。其他情形也會影響身體的溫度，例如：當一個人餓了，困了，病了，或冷，體溫也隨之變化。"
紫河车,紫河车，指人类的胎盘，剛娩出时为红色，稍為放置後转紫色，因此称为 “ 紫河车 ” ，在中藥裡被認為有益气养血、补肾益精之效。药性甘、咸、温。除中國外，近年西方有意見認為服用紫河車，能防止產後抑鬱，但服用人類胎盤在不少文化中仍存在廣泛爭議，過去曾有中藥含有紫河車而被外國政府禁止在該國出售。
性腺功能低下症,性腺功能低下症，又稱性腺機能減退，是指生殖系統的缺陷，導致生殖腺（卵巢或睾丸）的缺乏功能。生殖腺有著兩種功能，就是分泌激素（睾酮、雌二醇、抗苗勒氏管激素、黃體素、抑制素B）、激活素及製造生殖細胞（卵子或精子）。缺乏性激素會影響第一性徵或第二性徵的發育、或會導致成人的戒斷效應（如提早的更年期）。卵子或精子的缺陷會導致不育。 性腺功能低下症一般是指永久性的缺陷，而非暫時性或可復原的，且是指生殖激素的缺乏（不論能否生育）。此症甚少表示在正常激素分泌下的不育。
病因不明症,"病因不明症（英语：idiopathic disease）指的是任何病因不明的疾病。英文詞彙idiopathic起源於古希臘語ἴδιος idios `` one 's own '' and πάθος pathos `` suffering '' , idiopathy，意思是「一個屬於自己原有類型的疾病」。 在醫學上，那些疾病病因鮮為專家學者所知的疾病，也常被稱為病因不明症。例如：局灶節段性腎小球硬化症、强直性脊柱炎等。 == 文獻 =="
性變異,性變異可以說是一些雌性腹足類軟體動物的生殖系統出現雄性特徵的異常現象。 雌性動物會長出陰莖和輸精管，嚴重時甚至堵塞生殖孔，導致不育及胚胎夭折的情況。據廣泛報導，性變異一般出現在海上交通頻繁或有使用三丁基錫的地區。 種群出現性變異的數目和程度與環境中含三丁基錫的水平密切相關。性變異是一個十分敏感、專一並可量化的指標，可用來顯示生物是否受到三丁基錫污染。 性變異的程度可用陰莖尺寸指數（Relative Penis Size Index）表示。
性別指定療法,性別指定療法（英语：Intersex medical interventions）是使用手術、激素和其他医疗干预措施干預性別，以改变雙性人的非典型或模糊的生殖器，主要目的是使一个人的外表更加正常，并减少未来第二性徵非典型的可能性。由于有报道说手术可以危害性功能和性知覺，并且会造成终身健康问题，因此性別指定手術的历史已经引起争议。婴儿期，青春期或成人年龄的手术时机之证据，必要性和适应症與身體自主權一直存在争议。 对雙性人婴儿和儿童的性別干預越来越被认为是人权问题。雙性人组织和人权机构越来越质疑这种干预措施的基础和必要性。2011年，ChristianeVölling贏得了第一起針對外科醫生未經同意進行手術干預性別的成功案例。 2015年，歐洲理事會第一次承認雙性人擁有不接受性別指定手術的權利。2015年4月，馬耳他成为第一个禁止未經同意或强迫之性別指定手術的国家。
不可逆性电穿孔,不可逆性电穿孔（英语：irreversible electroporation，缩写：IRE）是透过极其短但强力的电场使得细胞膜上产生永久奈米孔的一种组织消融技术，透过扰动细胞稳态以让细胞死亡。这种手段导致细胞凋亡而不是其他基于热融、辐射的消融技术造成的细胞坏死。不可逆性电穿孔技术的主要用途是在需要维护重要细胞外基质、血流、神经的部位进行肿瘤消融。这个技术目前正在临床试验而还没有大规模的批准使用。
耶和华见证人和血,耶和华见证人的信仰教導之一是根據其所理解的《圣经》教导禁止使用、保存血，包括在紧急情况下输血。这一观点自1945年引入，并不断发展至今。耶和华见证人因此组织成立医院信息服务来促进 “ 无血手术 ” ，其服务还包括医院联络委员会，为信徒提供協助支援。 雖然大部分耶和华见证人接納禁戒血，但是仍有一些信徒不完全贊同。無論是現今医学界抑或是耶和华见证人，這對血的觀點都存在赞扬和批评的声音。有鑑於耶和华见证人的宗教立場，促進了不使用血的醫疗方式和血液替代品的應用。
約翰·曼尼,約翰·威廉·曼尼博士（英语：Dr . John William Money，1921年7月8日－2006年7月7日）是一位紐西蘭心理學家、性學家和作家，因其在性認同和人类性别分化方面的研究而闻名，曼尼在其生涯內也創制了性別認同、性別角色和愛情地圖等不少重要的理論和專有名詞，亦是最早研究性别流动和社会性别认同对个体的影响的心理学家之一。但近年来不少学术研究就其工作的多个方面（尤其是大卫·利马案例）对其加以批评。曼尼的著作已被翻译成多种语言，包括总计2000余篇的文章、书籍与评论。他一生中获得了约65个荣誉、奖项和学位。
克氏综合征,克氏症候群（Klinefelter 's syndrome）或稱XXY、47XXY症候群，是一系列由於男性有兩條或兩條以上的X染色體所導致的疾病。該疾病的主要特徵是不孕。通常症狀都很輕微，甚至許多患者根本不知道他們患有該病。 有些時候症狀會非常顯著，可能會出現肌肉虛弱、身高較高、運動協調差、體毛稀少、外生殖器偏小、男性女乳症與缺乏性慾。通常在青春期時發現克氏症候群的徵狀。智力發展通常與一般人無異，但常見有閱讀障礙或是在說話上有困難。若有超過三條X染色體，則患者的症狀會比較嚴重。 克氏症候群的發病是隨機的。随着孕婦年紀增大，懷有罹患此疾病的胎兒機會也逐渐提高。這個疾病沒有遺傳性，所以不會由患病的父親遺傳給下一代。這個疾病的原發機制是在原先就有Y染色體的前提下有一條以上的多餘的X染色體，患者體內的總染色體數目至少為47條甚至更多，無論如何，都較一般46條染色體為多。克氏症候群能夠藉著檢測染色體核型的基因檢測來獲得確診。 雖然目前尚沒有辦法可以完全治癒克氏症候群，但有一些醫學治療對改善疾病有不小的幫助。物理治療、言語治療、輔導，以及調整教學方法等可能有效 。舉例來說，物理治療、言語治療、心理輔導以及適當調整教學方法等等都能協助患者。睪固酮補充療法對於賀爾蒙嚴重不足或是低下的患者或有助益。已經發育生成的乳房組織也可以藉由手術的方法移除。約有一半的男性患者，藉由人工輔助生殖技術的幫助能有機會擁有自己的小孩，但是，這個是有相當的風險以及所費不貲 。患者得乳癌的機率偏高，但仍低於女性得乳癌的機率。此外，克氏症候群病患本身的平均壽命無異於一般人。 克氏症候群是一種常見的染色體異常疾病，在新生男童中的發生率介於1/500到1/1000之間。該疾病是以它的發現者亨利·克林菲爾德來命名，亨利在1940年代時確立此疾病特徵，並接著在1956找到造成此疾病的多餘X染色體 。由於小老鼠也同樣有可能罹患XXY症候群的可能，這個特點讓它們成為極佳的研究樣本。
红茶菌,紅茶菌，又名紅茶菇、茶菇，因普遍在加糖的紅茶中培養而得名。紅茶菌不是單一的菌種，更不是菇類，經由分析其為酵母屬、醋桿菌屬和乳桿菌屬的共生物，其中以醋酸菌的含量最多。這些菌利用茶湯中的糖分及紅茶的單寧酸作為養分產生酒精與醋酸，顯微鏡下可看見桿狀的乳酸菌、醋酸菌和顆粒狀的酵母菌附著在一層薄膜上，若培養得宜會看見薄膜漸漸形成大朵菇狀的「茶菇」。紅茶菌飲料味道微酸，和酸奶一樣是一種活菌飲品。
乾酪乳桿菌,乾酪乳桿菌（學名：Lactobacillus casei），又稱C菌，是乳桿菌屬的一種，存在於人類的腸道及口腔。文獻記載這個獨特的菌種除了可在廣泛的pH值及溫度的範圍內存活，還可以促進嗜酸乳桿菌的成長，而嗜酸乳桿菌又可生產澱粉酶，一種碳水化合物的消化酶。乾酪乳桿菌被認為是一種可安全食用的益生菌。
景觀流行病學,景觀流行病學是研究疾病與環境因素之間的關係的科學。類似景觀生態學， 景觀流行病學通過分析風險模型和環境風險因素，來控制疾病的傳播。
拉撒路综合征,拉撒路综合症（Lazarus syndrome）是指在心肺复苏失败之后人体循环系统自发地恢复运作。自1982年以来，它已在医学文献中至少有了40-50次记载。又被称为拉撒路现象（Lazarus phenomenon），是以圣经中的拉撒路来命名的，在圣经中，他死后耶稣将其复活。对于这一综合症的出现原因，目前仍没有很好的解释。一种理论认为，其主要原因是在心肺复苏过程中胸腔内累积了压力，在心肺复苏结束后这些压力的释放导致心脏的扩张，从窦房结出来的电脉冲触发了心脏的跳动。其他可能的原因还包括了高钾血症以及高剂量的肾上腺素。
生活方式医学,生活方式医学（Lifestyle medicine）是醫學的一個分支，是研究、預防及治療一些因生活方式（例如如營養、活動量或是慢性壓力）造成的疾病。在臨床上，生活方式諮詢的主要障礙是醫生感覺準備不足，也不確定病患對療法及調整建議的接受程度。 不好的生活習慣（例如飲食方式、不常運動、吸烟、過量的飲酒），以及社會心理因素（例如慢性壓力、缺乏社會支持及團體）都有可能造成慢性疾病。而教導如何在家中料理均衡飲食，也是生活方式医学實務中的一部份。
ICD-9编码列表,以下是国际疾病与相关健康问题统计分类（ICD）第九版的编码列表： ICD-9编码列表 ( 001-139 ) ：传染病和寄生虫疾病 ICD-9编码列表 ( 140-239 ) ：赘生物 ICD-9编码列表 ( 240-279 ) ：内分泌、营养、新陈代谢及免疫系统疾病 ICD-9编码列表 ( 280-289 )
腧穴列表,"腧穴又称穴位，是中国传统医学在人体分布体表的脏腑经络循环路线中，对气血汇聚、转输与出入之所的特定处所给定的名称，既是疾病的反应点，又是针灸推拿等医学临床的刺激点。腧穴在《黄帝内经》中又称节、会、气穴、骨空，《针灸甲乙经》称孔穴，《太平圣惠方》称穴道，《铜人腧穴针灸图经》通称为 “ 腧穴 ” , 《神灸经纶》则称为 “ 穴位 ” 。"
中草药列表,中草药列表未完全统计，以汉语拼音排序。加 “ * ” 号的为动物类药。
SARS期間殉職醫護人員列表,本表列出在SARS爆发期間殉職的醫療工作者及醫療相關的人士，並依照國籍與逝世日期英文排序。
恐懼症列表,恐懼症列表列出以下各式各樣的恐懼症。恐懼症（phobia）是一種精神官能症，特徵為發病者對某些事物或情境會產生莫名的恐懼。
尸斑,尸斑（Livor mortis）是指动物死亡后，血液循环停止，血液停留在尸体的低处，红血球从血清中进一步分离沉积，在表皮下形成可见的紫红色淤斑现象。 人类的尸斑一般在死亡后0.5-2小时开始出现，5-6小时的时候融合成大片。6小时以前的尸斑施以指压可以消失，24小时的时候完全固定。法医学上尸斑可以用来推测死亡时间和尸体是否被移动。
長期照護,長期照護（英语：Long-term care，簡稱LTC），是一種協助因慢性疾病或身心障礙而長期無法自理的病患，滿足各式各樣醫療與非醫療需求的服務。 長期照護通常會提供看護與非技術性照護，例如協助著裝、使用浴室等日常生活活動。近年來，越來越多的長期照護案例，屬於多重慢性疾病的老年人口，需要專業人員以專業技術進行處理，因此醫療照護服務漸漸加入長期照護服務當中。長期照護可以在家庭、社區、支援性居處與護理之家等處提供。各年齡都有可能需要長期照護需求，惟老年人的需求最為常見。
長期照顧保險,長期照顧保險，一般簡稱為「長照保險」，在中華民國尚處於立法階段，長照保險的主要精神，是以社會保險的方式為長照服務提供財源，透過保險的大數法則，由全體國民共同分攤長期照顧風險，在民眾失能有長期照顧需要時，使其能獲得基本的保險給付。
乳腺生長,乳腺生長（Mammoplasia）也稱為乳腺增生，是乳房自然或是自發性的增大。乳腺生長一般會出生在女性的青春期及妊娠階段，在月經週期中特定階段也會有乳房增大的情形。若是男性乳腺生長，會視為是疾病，稱為男性乳房发育症。若是女性乳腺異常生長的情形，會稱為巨乳症（或是乳房肥大症），也會視為是疾病。 乳腺生長可能是因為和乳房製造及儲存母乳而產生的暫時性乳房膨脹有關，這多半是和哺乳及/或乳溢症（過度或是不正常的母乳製造）相關。乳腺生長也常伴隨著乳房疼痛。 在月經週期中的黃體期，因為高濃度的雌激素及/或孕酮造成的乳房血流量增加及/或月經前水瀦留，乳房的體積會暫時性的增大，女性會有乳房沉重、腫脹和刺痛的感覺。 乳腺生長也可能是許多药物的效果或是副作用，例如雌激素、像螺内酯、醋酸环丙孕酮、 比卡鲁胺及非那斯特莱等抗雄激素，生长激素以及會提高體內催乳素的藥物，例如D2受體拮抗剂，像是維思通等抗精神病药、甲氧氯普胺及多潘立酮，以及像选择性5-羟色胺再摄取抑制剂（SSRI）及三环类抗抑郁药（TCA）之類的抗抑郁药。若是使用文拉法辛之類的5-羥色胺和去甲腎上腺素再攝取抑制劑（SNRI），這類的風險會比較小。非典型的抗抑鬱藥米氮平及安非他酮不會提高體內催乳素濃度（安非他酮反而會降低催乳素濃度），因此使用這類藥物就沒有會使乳腺生長的風險。其他和乳腺生長有關的藥物包括D-青霉胺、布西拉明、neothetazone、环孢素、英地那韦、大麻及西咪替丁。 1997的一個研究發現，在其研究的59名女性中，有23名（39 % ）發現有出現使用SSRI及和乳腺生長的相關性。研究也發現SSRI和乳溢症之間有相關性。這些副作用可能因為藥物造成的高催乳素血症，這個效果可能因為抑制催乳素分泌的結節漏斗多巴胺致能神經元，因為血清素調節而被抑制的結果。值得注意的是這些藥物造成的乳腺生長也和體重增加高度相關（在1997年的研究中，體重增加中的人中有83 % 也有乳腺生長，而體重沒有增加的人之中，只有30 % 有乳腺生長）。這些伴隨著SSRI用藥出現的乳腺生長，在停藥後是可以復原的。 SSRI和乳癌風險的增加有關，這個現象符合高催乳素和高乳癌風險有關的事實。 若是針對女性青春期誘導而進行的激素替代療法（HRT）、跨性別女性進行的跨性別激素替代疗法，或者是荷爾蒙豐胸，都會希望出現乳腺生長的結果。
佔位效應 ( 醫學 ),在醫學中，佔位效應（Mass effect）指的是（病變組織）擠壓或侵蝕周圍組織的繼發病理性效應。 在肿瘤学中，通常指的就是肿瘤。 例如，甲狀腺癌可能由於頭部和頸部某些結構的擠壓而引起症狀；喉部神經承受的壓迫可能導致聲音的變化，氣管的狹窄可能會導致喘鳴，壓迫到食道上可能會引起吞嚥困難等。即使潛在的病理不能治愈，有時也會用外科手術切除或去膨大來減輕腫塊的症狀。 在神經學中，佔位效應指任何佔位所帶來的影響，其中包括典型的例子，一个不断進展中脑出血 ( 顱內出血 ) 會在临床中表現位嚴重的血肿。 腦出血引起的血肿可以對大腦產生佔位效應，增高的颅内压力和可能造成的大腦中線位移或致命的脑疝。 在過去，這種效應具有額外的診斷必要，因為在使用MRI或CT的現代層析成像軟組織成像的發明之前，不可能直接顯示許多種原發性顱內損傷。 因此，在那個時代，這些異常對周圍結構的佔位效應有時用於間接推斷原發性異常本身的存在，例如通過使用腦血管造影觀察由硬腦膜血腫壓迫腦部引起的繼發性血管位移 ，或通過尋找在腦電圖（PEG）上所示的心室正常輪廓上的腫瘤引起的扭曲。不幸的是，這些研究對於患者常常是侵入性並且會造成不適感，並且只能對被評估的主要症狀進行部分評估。 目前存在現代診斷工具，允許醫師輕鬆定位並可視化各種顱內病變，而不必依靠間接影響來做出可靠的診斷。 == 参考文献 ==
孕产妇死亡,由来自于世界卫生组织 ( WHO ) 、联合国儿童基金会 ( UNICEF ) 、联合国人口基金会 ( UNFPA ) 、联合国人口司、世界银行的专家，以及世界知名学者组成的联合国孕产妇死亡率评估机构小组，将孕产妇死亡定义为： “ 女性在孕期内或在产后42天以内，因任何与孕期、怀孕管理相关因素导致的死亡，其死亡并非由孕期长短、怀孕地点以及意外事故造成。 ” 孕产妇死亡病发率是通过三个因素计算的，即孕产妇死亡率、孕产妇死亡的终生危险性、孕产妇死亡在育龄妇女死亡中所占比例。
诊断,诊断，在医学意义上指对人体生理或精神疾病及其病理原因所作的判断。这种判断一般是由医生等专业人员根据症狀、病史（包括家庭病史）、病历及醫療檢查结果等资料作出。 其概念，已经被推广用于生活与社会中各种问题及其原因的判断，例如对电脑或汽车故障的诊断。
醫療劇,醫療劇是一種劇情在醫療環境中發展的電視劇類型。 目前的醫療劇不僅描繪於醫學場景，還描繪了人物私生活的各個方面（例如典型的醫療劇有兩個醫生墜入愛河的情景）。傳播理論家馬素·麥克魯漢在其1964年關於媒體性質的研究中預言醫學劇將取得巨大成功。 現今世界最長壽的醫療劇是1986年首播的英國電視劇《急診室》。 == 參考來源 ==
醫學指南,醫學指南（medical guidelines）也稱為臨床指南 （clinical guideline）或是臨床實踐指南 （clinical practice guideline） ，是目的在提供醫療決策及準則指南的文件，會針對醫療保健特定領域中的診斷、管理及治療進行說明。在医学史上類似作用的文件已經用了有上千年，不過以往的醫學指南是以傳統或是權威為基礎，現代的醫學指南是依循证医学的范式，以現有實證的检查為基礎。醫學指南一般會包括經過整理醫學共識或是醫療保健上的最佳實踐。醫療保健人員必須瞭解其專業科別中的醫學指南，在個別治療時則需依個別情形，決定是否依照醫學指南的建議進行。 == 參考資料 ==
病史,病史，為自然人個人或家族以往所患疾病的歷史。 在醫學上，可從病史可以推測及研究出某些疾病之間的因果關係或交叉影響。例如兒童病歷史、家庭遺傳、生活習慣、飲食偏好、性行為、旅行記錄等。
自戀,自戀（英语：narcissism），形容自我陶醉的行為或習慣，可被視為是一種性格，或是一種集體行為造成的現象。嚴格來說，可被觀察到自戀現象的人物應區分為三種類型：潛意識產生的自戀、與社會角色伴生的自戀、和自戀型人格障礙，造就這三者的原因差距甚大。 自戀的英文名詞來自希臘神話。那耳喀索斯（希腊语：Νάρκισσος，拉丁化：Narcissus）是一名俊美的希臘青年，他拒絕了女神厄科（意譯：回聲，是一名有漂亮嗓子的女神）的求愛。他注定會愛上他自己在湖中的倒影，作為懲罰。因為沒法令他的愛變得完滿，他日益消瘦，最後變成了一朵以他命名的花——水仙。 自戀這個字眼通常帶有貶義，代表誇張、自滿、自負、自我或自私。
医学统计学,"醫學統計學 ( 有時以生物測定學著名 , 雖然生物測定學的新發展是涉及另外一個領域 ) 一般來說是統計對生物學和醫學的應用。由於在生物和醫學研究問題是各種各樣的 , 生物統計學擴展它的領域包括任何定量 , 不僅統計 , 也許其他模型。對臨床試驗的設計和分析就是醫學統計學在醫學裡最明顯的應用。 大部分的醫學統計學課程都是給大學學士畢業生的。在公共衛生學校、醫學院、林業或農業或應用統計的學院是常見的課程，甚至某些美國的大學會為醫學統計學設立獨立學院。 醫學統計學常用以下領域的定量方法： 統計學 運籌學 經濟 數學常常應用在以下的研究範圍 :"
藥品,药品指一切用作诊断、治疗、预防疾病或减轻痛楚的药物或化学物质。可能是單一的活性成份，或是由多種活性成份組合而成。
医学,醫學是以診斷、治疗和预防生理和心理疾病和提高人体自身素质为目的的應用科學。狹義的醫學只是疾病的治療，但也有說法稱預防醫學為第一醫學，臨床醫學為第二醫學，复健醫學為第三醫學。醫學的科學面是應用基礎醫學的理論與發現，例如生化、生理、微生物學、解剖、病理學、藥理學、統計學、流行病學等，來治療疾病與促進健康。然而，医学也具有人文與藝術的一面，它關注的不僅是人体的器官和疾病，而是人的健康和生命。「生理、心理、社會模式」是廣為接受的理論，而其他如「生理心理靈性社會的照顧」、「全人、全隊、全程、全家的醫療」也都是現代醫學的重要理論。随着醫學模式的转变，醫學的人文性受到越来越多的重视。醫學倫理目前最廣為人知的是四初確原則方法論：「自主、行善、不傷害、正義」。 在人類社會中，醫學已經存在數千年之久。现代医学起源於17世紀科學革命後的歐洲，以科學的过程及办法來進行醫學治療、研究與驗證。研究领域大方向包括基礎醫學、臨床醫學、檢驗醫學、預防醫學、保健医学、康复医学等等。在現代醫學興起前發展的醫學，稱為傳統醫學；現代則以替代醫學的形式在科学医学尚未普及的地区繼續存在。 現代醫學以西醫為代表，其以自然科學為基礎，對維持生命的規律及體質變化作出科學的精細的分析，對病理、藥理、流行病學等作出有系統的分析與臨床研究。西醫的發展得益於工業文明及有效利用科技發展的成果，令其在檢測、醫藥及手術等範疇的研究與應用都得到充實。西醫在外科手術、器官移植、流行病控制、疫苗及免疫、基因及幹細胞研究、動物實驗、新藥開發及醫學工程等方面，在當代人類的健康及人均壽命都有重要影響。
微陽症,微陽症（英语：Micropenis）是指尺寸极不寻常地小的阴茎，可由于雄激素分泌过少、胎儿时期母体摄入雌激素过多、基因缺陷等原因导致，可通过激素疗法和手术的方式治疗。
内环境,内环境 （法语：milieu intérieur，英语：interior milieu）是来源于法语的词汇。最早被克洛德·贝尔纳提出用来描述保护生物多细胞组织、器官功能及生理稳定的细胞外液环境。
微創手術,微創手術 ( Minimally invasive surgery ) 是一種主要透過內視鏡及各種顯像技術而使外科醫生在無需對患者造成巨大傷口的情況下施行手術。
生理監視器,生理監視器是一種電子醫學裝置，用來作為醫療用途監視，並且顯示所監視的資料以及可能具備資料傳送能力。生理資料被顯示在陰極射線管、發光二極體或是液晶顯示器上。螢幕上顯示帶有時間軸的資料波道。同時伴隨有由原始資料所計算出的數值讀數，像是最大值、最小值以及平均值，脈搏以及呼吸頻率等等。
联合疗法,联合疗法（英语：Combination therapy或polytherapy）是指使用了一种以上的藥品的疗法。一般来说，这些术语指的是使用多种疗法来治疗一种病症。通常来讲，联合疗法中所有的疗法都会用到药物（虽然有时也会用一些非医疗手段来治疗，比如药物、心理辅导双管齐下治疗抑郁症）。
殮房,太平间，又稱停尸房、殓房、陈尸所、往生室，是医院、殡仪馆或地区停放遺體的场所。可能是一間房、一層樓，或一幢獨立的大樓。除了中東地區因宗教習俗大多在24小時內下葬，其他地區在一個人死亡之後，遺體很少立即火化或下葬，而是會在殮房停放上至少兩、三天，原因有很多，如：給予後人有充足的時間安排葬禮儀式、確定死者不是假死才下葬、死者身份不明，需要家属验尸或DNA指纹分析、因為死因不明，家属要求病理学医师验尸、警方需要死因调查、当地风俗要求特别手续，如僵化或尸体防腐等等。
死亡率,死亡率是用來衡量一部分人口中，一定規模的人口大小、每單位時間的死亡數目（整體或歸因於指定因素）。死亡率通常以每年每一千人為單位來表示；因此在死亡率為9.5的10萬人口中，表示這一人口中每年死去950人。死亡率有別於發病率，發病率是指一定規模的人口在一定時間內罹患該病新增加例數（發病率）。患病率是指一定時間一定規模人群中某病新舊病例總和。 辨別： 粗略死亡率，每1000人的死亡總數。 新生兒死亡率，每1000個出生未滿一個月的嬰兒和胎死（死產兒）的總和。 孕產婦死亡率，每10萬個死於生產過程的死亡人口數。 幼兒死亡率，每1000個出生小於一歲的死亡人口數。 標準死亡率（SMR）或特定年齡死亡率（ASMR），特定年齡（例如16-65或65以上）中每1000人的死亡總人口數。死亡率 = 當區當年死亡人數*1000/當區當年年中人口數‰。 死亡率可以得知一個地區的衛生習慣和醫療品質。通常越先進的國家死亡率越低，越落後的國家死亡率則越高。
艾灸,在古代中国，艾草就已是重要的民生植物。通常用於針灸術的 “ 灸 ” 。所謂針灸其實分成兩個部份。 “ 針 ” 就是拿針刺穴道，而 “ 灸 ” 就是拿艾草點燃之後去薰、燙穴道，穴道受熱固然有刺激，但並不是任何紙或草點燃了都能做為 “ 灸 ” 使用。艾草的氣味肯定也同時發揮了一定的作用。中國民間用拔火罐的方法治療風濕病時，以艾草作為燃料效果更佳。 在刺激穴位的同时，艾灸对人的健康也具有严重的危害，多方的研究表明，艾烟有强致癌性。艾草燃烧产生的烟雾中含有大量致癌物质，包括甲醛、TVOC、大量的烟尘颗粒污染物，以及致癌物焦油。 浙江大学发表的《艾灸和打印机产生的室内空气典型有机污染物特征与解析》一文比较了各类艾灸产生的致癌物，发现有烟艾灸产生的苯系物最多，微烟艾灸甲醛产生量最多。在艾灸室内，苯系物总浓度高达535.17μg/m3，甲醛平均浓度高达157.93μg/m3，16种PAHs总浓度高达12.86μg/m3，均严重超过了安全标准。 北京中医药大学发表的《艾灸诊室
日本國民健康保險,國民健康保險是日本的公辦醫療保險制度。在日本，如果沒有健康保險而接受診療，會被要求支付高額的醫療費。持有在日本就業資格且在公司就職的外國人及其家人，可以利用在公司加入的社會保險；除此以外的人，則加入國民健康保險。加入國民健康保險則給付診療費的70％，支付餘下的30％費用就可以接受診療。 留日資格在1年以上，如果沒有加入其他健康保險，就必須加入國民健康保險。加入國民健康保險，需要外國人登記證等。保險費因收入、來日時間、居住地區等而異。但拿6個月的「就學」在留資格的人，根據辦理地的地方政府的規定不同，可能會要求提出記載有1年以上在學預定期間的在學證明書。而留學生另有加碼補助「留學生的醫療費補助」，想使用這個制度時，須事先向所屬大學的留學生課登錄申請，最低可以只有6％的負擔。
驗屍,驗屍亦稱屍體解剖、屍體检验、屍檢，是一個徹底檢查屍體的醫療程序，以確定死亡的原因和方式並評估任何可能存在的疾病或損傷。通常由病理學家、法醫或驗屍官等專門人員行驗屍工作。
負離子 ( 流行語 ),負離子是源自日本的一個詞彙，這個词在科學上並沒有明確意義，但廣泛使用於商業宣傳上，並且將負離子的存在與人體的健康連結在一起。例如負離子吹風機、負離子冷氣機、負離子電風扇、負離子直髮、負離子空氣清淨機等。 而關於負離子與人體健康的關聯性則起源於19世紀末到20世紀初之間，當時有些學者主張，負空氣離子（negative air ions）對人體健康有正面幫助，但目前尚未有科學證據足以證明。各國主管機關未訂出相關法令標準，相關商品亦有困難以判斷效能及不實宣傳而遭罰款者，且有学者認為其为伪科学。
腎臟科,腎臟科是內科學的一個分枝，主要處理的是腎臟及泌尿系統的相關問題及疾病。
神經元,神经元（英语：neuron），又名神经原或神经细胞（英語：nerve cell），是神经系统的结构与功能单位之一。神经元能感知环境的变化，再将信息传递给其他的神经元，并指令集体做出反应。神經元佔了神經系統約10 % ，其他大部分由膠狀細胞所構成。基本構造由樹突、軸突、髓鞘、細胞核組成。傳遞形成電流，在其尾端為受體，藉由化學物質（化学递质）傳導 ( 多巴胺、乙醯膽鹼 ) ，在適當的量傳遞後在兩個突觸間形成電流傳導。 人脑中，神经细胞约有860亿个。其中约有700亿个为小脑颗粒细胞（cerebellar granule cell）。
反安慰劑,反安慰劑效應（拉丁文「nocebo」，意为 “ 我将伤害 ” ）指出一些信念或預期等心理效果，可能會導致疾病產生，或影響治療的效果。安慰劑效應指病人雖然獲得無效的治療，但卻 “ 預料 ” 或 “ 相信 ” 治療有效，而讓病患症狀得到舒緩的現象。反安慰劑則相反，即使病人沒有病，或已接受有效治療，但因對疾病或療效負面的預期，而影響治療效果，甚至導致疾病。
擤鼻涕,擤鼻涕是通过鼻子强烈呼气来排出鼻腔黏液（通称鼻涕）的行为。现代人类社会中一般配合面紙或手絹包裹或擦除粘液以保持卫生。在某些文化中，在公共场所擤鼻涕可能被视为违背禮儀。 擤鼻涕可能用来缓解鼻塞或流鼻涕。2000年的一项研究表示，擤鼻涕会在鼻腔产生高度压力，并可能将鼻腔粘液推入鼻竇而使感冒恶化。
義眼,義眼是一種用以代替因為各種原因而要把眼球摘除的裝飾用義肢。義眼並沒有視覺功能，它的作用只是使佩戴者不會因為失去了一顆眼球而被外界人覺得「異相」。
老人味,老人味（日語：加齢臭，かれいしゅう）是中老年特有的體味的俗称。2000年12月11日，资生堂研究中心研究员土師信一郎等人发现了高龄者體味的一个原因是叫2-壬烯醛（C9H16O）的成分。这种體味成分有青草气味和油性的气味。这种气味不但有男性的体臭，而且本来在老年女性的体臭研究中，这种成分也被发现。 主要是四十岁以上的男人这种成分在体中形成。棕櫚油酸（9-十六碳烯酸）是发生壬烯醛的成分。单纯的9-十六碳烯酸没有臭味。但是把9-十六碳烯酸氧化分解后就会产生壬烯醛。不纯的9-十六碳烯酸会发出蜡烛、乳酪、旧书那样的臭味。吸烟者比不吸烟者所释放的这种体臭更为浓烈。为了抑制壬烯醛，抑制壬烯醛的基本成分脂肪酸分解氧化还原剂和抗菌药很有效。用机能性香料或者明矾溶液一定程度上能抑制加龄臭。 雄性荷尔蒙促进皮脂腺发育，增加皮脂大量分泌。结果，老人味的原因成分壬烯醛就大量发生，因此有一股老人味。雌性荷尔蒙有一种氧化抑制的效果，因此脂肪酸不容易氧化，所以女性几乎没有老人味。 獅王对从二十几岁到三十几岁的男人特有的體味进行了研究。根据这个研究结果，主要2-壬烯醛（C9H16O）臭味不同的壬酸是老人味的主要原因。这个物质主要在三十几岁的男性中明显增加。
同一健康,同一健康（英语：One health），又名唯一健康、一体化健康，是涉及人类、动物、环境卫生保健各个方面的一种跨学科跨地域（国家、地区、全球）协作和交流的新策略，致力于共同促进人和动物健康，维护和改善生态环境。 == 参考来源 ==
OpenGALEN,OpenGALEN是一家非营利性组织。其网站之上提供有一部可供下载的开源型医学术语集。该术语集是采用一种称为GRAIL（GALEN Concept Representation Language，GALEN概念表达语言）的形式化语言编制的。
口服给药,口服给药（英语：Oral administration） ( per os ) 是一种给药途径，通过嘴吞服药物使其在体内发挥作用。许多药物都可以口服给药，因为其往往在全身产生作用，通过血流输送到身体的各个部位。
寄生虫学,寄生蟲學是一門研究寄生蟲與其宿主和兩者之間關係的科學。寄生蟲學屬於生物學的範疇，寄生蟲學不僅僅是釐清這些生物和環境之間的問題，還包括了他們生存的方式。這意思著寄生蟲學是一門綜合科學，和細胞生物學、生物資訊學、分子生物學、免疫學、遺傳學和生態學都有關係。
患者,患者，又称病人、病者和病患，是指醫療服務的接受者，大多用來指罹患疾病、或身體受到創傷，而需要醫生和護理人員進行治療的人；動物如遇到相同狀況，也可以患者稱之。 但是對於不用接受醫療服務的人，例如：只須在床上休養的頭痛者、只須自行解決腹瀉的人、和只須服用自行擁有或在藥房購買的藥物的人，也會被稱為病人，還有醫生介紹疾病任何知識和藥劑師介紹藥物任何知識，也經常將那些患病對象稱呼為病人。不過，不是每個接受醫療服務的人也是病人，因受傷而要送進醫院治理的人，應定義為傷者。送院後證實已經死亡的人，應定義為死者。在醫院分娩的人，應定義為孕婦。在醫院進行各種各樣檢查，而身體没有患上任何疾病的人，應該定義為檢查者。還有在醫院進行捐血、器官捐贈、整容手術和變性手術的人，也不應當成病人，以免給沒有患病的人，遭受不必要的歧視。
周產期死亡,"周產期死亡（PNM , Perinatal mortality）是指胎兒或是新生兒的死亡，是計算周產期死亡率的基礎周產期死亡率的標準定義較多樣，特別是涉及到是否須把早期胎兒和晚期新生兒死亡納入規範或排除的議題。世界衛生組織將周產期死亡率定義為「每一千位嬰兒出生後，於第一周內的存活與死亡人數比例；周產期則定義為從妊娠22週後（154天）開始至出生後七天」。當然，其他的定義方式仍被使用中。 英國的周產期死亡率約為千分之八，並且有顯著社會階層差異、亞洲女性的比例最高。而綜觀全球，相較於1990年共有450萬起出生一個月內的新生兒死亡數據，2013年的數據降至260萬人次。 新生兒死亡（PNM , Perinatal mortality或Neonatal death）通常是指非死產的新生兒於出生後29日以內的死亡，也有人將22週以內，體重在500g以下之早產胎兒之死亡與其排除。近現代之後，新生兒死亡於出生嬰兒的相對比例與指標高低，常作為國家或地區開發與否的依據。 新生兒死亡原因相當多，於嬰兒方面大多為疾病、早產、先天畸形、產道感染、心臟病、產程意外。另外，照料者或母體造成的併發症、生產創傷、意外窒息，也是新生兒死亡的主要原因之一。 在台灣，新生兒死亡仍具開填死亡證明書，而儘管夭折定義與此略為不同，但是新生兒死亡仍多大被視為夭折。"
光體積變化描記圖法,"光體積變化描記圖法 ( 英语：Photoplethysmography , PPG ) 是以光學的方式取得的器官體積描記圖，一般通过脈搏血氧儀來照射皮膚并測量光吸收的變化量来实现。一般的脈膊血氧儀是用來偵測血液灌注到真皮與皮下組織的狀況。 隨著每个心跳週期，心臟將血液傳送到身體周边。虽然這個脈膊壓到達皮膚時有所衰減，但此脈膊壓足以使動脈和小動脈在皮下組織中擴張。如果脈搏血氧儀沒有壓迫皮膚，脈膊壓的第二波峰可以在靜脈叢中看到。 使用發光二極體的光线照射皮膚，并用光電二極管測量光透射或反射到的光量，就可以得到一张表示脈衝壓引起的體積變化的图表。因為流向皮膚的血液可以被多種其他生理系統調節，PPG也可以用來監測呼吸、血容量不足及其他循環狀況。 另外，PPG波形的形狀會隨著受試者的不同而不同，同時也與脈搏血氧儀所放置的位置和方式而有所不同。"
理學檢查,體格檢查（physical examination、medical examination、clinical examination、check-up），簡稱體檢，也稱做身體檢查、理學檢查或健康檢查，是醫生運用自己的感官、檢查器具、實驗室設備等来直接或間接檢查患者身體狀況的方法，其目的是收集患者有關健康的客觀資料，及早發現、预防疾病隱患。
整形,整形又稱整型或整容，是指透過外科手術改變身體外觀。整形通常指臉部整型，包括割雙眼皮、墊下巴、隆鼻、嫩唇、造酒窩痘、種睫毛等。不少人以為矯形理解為整形，但兩者實屬不同。整形並非身體上的缺陷或傷殘，是當事人因自己個人喜好或其他非醫療上的原因，以外科手術改變自己的外觀，手術其實是沒有必要，而且外觀的看法是很主觀的，就算把多位明星最優美的部位，組合再一起也不見得好看，每個人喜歡的類型都不同，這是沒有一定的。矯形則是因為疾病、後天因素或意外導致永久的身體缺陷或傷殘，可透過以外科手術補救或矯正，而這類手術通常是有需要或必須的。 在韓國和歐美，整容情況頗為普遍。根據國際美容整形外科學會（ISAPS）報告指，南韓19至49歲女性中，有20 % 人曾接受整容手術。整體而言，每77人中有1人曾整形，以雙眼皮及隆鼻手術屬最熱門。另一邊廂，高達五分之三好萊塢女演員曾經易容。 於美國整形外科學會統計，2015年男性進行整容外科手術的總數有120萬人，而受訪的31 % 男性表示極有可能考慮整容手術。而與吸脂、眼部提升一同列入五大最受歡迎手術的亦有乳房縮小。國外模特兒Stefan Toic亦曾公開表示嘗試改變飲食希望縮小乳房也沒有用，最終亦進行了此項手術。 韓國的大型連鎖醫美診所Dermaster Clinic的權漢鎮院長接受訪問時表示大型醫院、連鎖式經營的醫美診所提供的療程並不一定比小型的有保障，最看重的是治療師的經驗和技巧，而且不太建議在匆匆的旅行行程中接受美容療程。
床边血糖检测,床边血糖检测 ( 又稱即时血糖检测 ) ，实质是将用于自我血糖监测（SMBG）的设备和方法应用到院内床边。是一種測量血糖水平的方法。 POCT测量血糖的便于及时诊断，可用于紧急情况。在急诊室、急救车等众多条件有限、但仍然需要迅速得出检测结果的场景運用。但是其也可能受到血球压积异常、多种干扰物质、操作误差以及血糖试纸本身生产精确度产生的误差所带来的影响。一些较为先进的血糖检测系统采用了定标质控系统，从而促进了精确度的提升。
尸体现象,尸体现象（postmortem phenomena）在法医学上是指人死亡后尸体的各器官、组织、细胞的生命活动停止并受到内外环境各种因素的作用而发生的一系列特殊变化。
胚胎植入前遺傳篩選,胚胎植入前遺傳筛选（英语：preimplantation genetic screening，简称PGS）是一種優生學技術，配合試管嬰兒使用，該技術能筛查胚胎的潛在疾病基因，將有問題的胚胎提早銷毀，只留下無問題的，不但能提高試管嬰兒成功率也能讓遺傳病家庭有生子機會，更進一步能篩檢癌症等難治疾病基因達成人口優生化。該技術1990年代初在英國自然雜誌上披露，最初用於性別篩選，最後很快發展為優生疾病篩選，引起部分宗教和科學界爭議，目前日本產科婦人科同業公會有做出非法律的行業規範此技術只能用於遺傳疾病家庭生育時的篩選，其餘多數國家則還沒有相關法規。 2013年中國中信湘雅遺傳醫院完成了世界首例商業大批量新技術PGS/PGD试管婴儿的出生，15名PGD嬰兒成功出生，在英國的欧洲生殖医学年会上獲得認可，新的技術克服了以往PGD技术只能针对特定的少数几条染色体检测的局限性，可以筛除全部染色体是否异常。
主訴,主訴（chief complaint，簡稱CC），是病史詢問的第二個步驟，是病患或家屬有關症狀、問題、疾病、診斷、或医生建議回診等，就診原因的簡單描述。患者對醫生、護理師或是其他醫療保健專業人員提出的初步資訊有助於鑑別診斷的建議。 有些情形下，病患提出主訴的性質會決定此醫療是否在醫療保險的範圍內。 一般會建議醫學院學生用開放式的問題來得到患者的主訴資訊。 有關主訴的分析可以用首字母縮略詞SOCRATES或是OPQRST的方式進行評估。
預防醫學,預防醫學是指以預防疾病的發生，來代替對疾病的治療，這與華人「預防勝於治療」的觀念相符，又與中醫「上醫治未病」的境界相呼應，《黃帝內經》曾提到：「聖人不治已病，治未病；不治已亂，治未亂」是一種預防醫學概念。預防醫學著重在保持、促進與維護普羅大眾、特定群體或一般個人的健康，並包括預防傳染病、疾病、殘疾、癌症、其他身體組織變異、與過早死亡的發生，因此涉及多個科學、醫學與公共衛生領域，包括有： 各科醫學 流行病學 醫學遺傳學 病理學 昆蟲學 微生物學 營養醫學 營養學 疫苗接種 健康檢查 健康教育 食品監管 藥品監管
問題導向學習,問題導向學習（英文：Problem-based learning），簡稱PBL，是目前一種新的學習方式，透過簡單的生活實例，藉由小組討論、实际解决问题的方式，來達到自主學習的目的。目前許多醫學院校的醫學教育教改都朝著這個方向來進行。 == 參考資料 ==
预后,预后（Prognosis、outcomes）是一个医学名词，指根据病人当前状况来推估未来經過治療後可能的结果。 若用于统计学总体，预后推估可以是非常准确的；比如，「严重败血性休克病人中，有45 % 会在28天内死亡」，这一判断有相当可信度，因为以前的研究发现死亡病人的比例是45 % 。 然而，很難将此转化为对「個別」病人的预后預測：需要许多其它資訊/信息来判断这个病人属于45 % 会死亡病人的群體，或者55 % 能存活病人的群體。 医生通常需要根据病人病情相关因素（如：疾病种类、症状、病情分期、病理图像、基因、并发症、年龄等）而对未来治疗结果所做的完全的预估。
假雌雄同体,"假雌雄同体（英语：pseudohermaphroditism），假两性畸形（英语：pseudo-hermaphroditism），是一种两性畸形，指患者的性腺，内、外生殖器及第二特征。真两性畸形是指病人体内具有男、女两种性腺。 外生殖器可呈女性、男性或男女混合性，以体内产生的雌、雄激素何种占优势而定。第二性征的表现也随占优势的激素而定。医学可以通过气腹造影，了解内生殖器情况，在诊断上仅有参考价值。此外可以通过通过腹腔镜检查和剖腹探查取性腺组织活检确定，常用冰冻切片快速作出诊断。 染色体核型多数为46，XX。而46 , XY者少见；亦可能为46，XX/46，XY嵌合型。女性假两性畸形病人的性腺为卵巢，染色体核型为46，XX，但外生殖器部分男性化。 == 参考文献 =="
身心医学,身心医学（英语：Psychosomatic medicine），也称心身医学，是一个跨学科的医疗领域，研究社会、心理、行为因素对人类或动物的身体新陈代谢、 生活质量的影响。 == 参考资料 ==
膿,膿是一種黃色或黃白色液體，是動物身體在發炎反應中所生成的物質，膿在周圍組織所堆積而成的區域稱為膿瘡。這些液體，是由死亡或存活的白血球細胞所製造。 膿存於患部內觸碰會有疼痛感，但將膿擠出體外後可大幅減低痛感。
腎積膿,腎積膿 ( Pyonephrosis、膿性腎病、膿腎、 < 希臘語： '' pyon '' ( 膿 ) + `` nephros '' ( 腎 ) > )
气功,气功（炁功）是透過以呼吸的调整、身体活动的调整和意识的调整（调息，调形，调心）為锻炼方法，務求達到强身健体、健康身心、抗病延年、开发潜能等目的。 气功的種類繁多，主要可分為動功和靜功。動功是指以身體的活動為主的气功，如导引派以动功为主，特点是强调与意气相结合的肢体操作。而靜功是指身體不動，只靠意識、呼吸的自我控制來進行的氣功。大多气功方法是动静相间的。宗教中，道教的道士常會練習导引、内丹术气功。气功常配合武術或靜坐一起練習。 漢傳佛教儘管吸收了道教的元素，然而禪定、靜坐等顯密修行理念，其出發點和最終要達到的目的，究其根本仍然與許多宣揚狂信的气功殊途殊歸。 气功时常被某些信徒 科学家、怀疑论者尝试以伪科学来解释或駁斥气功理论，然而目前并无任何科学的实验证明其为事實。
庸醫,庸醫指醫學知識和醫療技術低劣的醫生，與良醫相反。现代庸医常见的治疗手段包括使用存疑诊断方式做出存疑诊断，以及使用存疑的治疗方式等治疗疾病（特别是像癌症这样的严重疾病）。庸医常常被形容成是骗子，会大肆鼓吹自己所使用方法的疗效。
快速診斷測試,快速診斷測試（RDT）是步驟簡單可以快速進行，也可以快速得知結果的醫療診斷測試，適用於初步或是緊急的篩檢，也會用在資源有限的醫療機構中。快速診斷測試也可以用在基礎醫療的床边检测，進行一些以往只能在醫學檢驗室才能進行的檢查。快速診斷測試一般會在同一天內的二小時後知道結果，一般多半會在20分鐘後得知結果。
鏈球菌快速檢測,鏈球菌快速檢測（英文：Rapid strep test，簡稱RST）是臨床上廣泛用於輔助診斷链球菌性咽炎的快速抗原偵測檢驗（RADT），該病的致病原為A群鏈球菌（GAS）。目前有數種在使用中的RST，雖然每種都採用不同的技術，但都是由喉試樣採集的樣本偵測患者是否有GAS的抗原。
轉診,轉診（英语：referral）是指將病患從一個診所或臨床醫生轉送到其他醫療機構。 像初級醫療或二級醫療的病患可能會依其病況需要，送到三級醫療機構。
尸僵,尸僵（Rigor mortis）是指动物死亡后，肌肉僵硬挛缩的现象。
阿斯克勒庇俄斯之杖,阿斯克勒庇俄斯之杖，又稱蛇杖，在西方文化中是一種象徵醫療的標誌，為希腊神話的醫療之神阿斯克勒庇俄斯所執之杖。Unicode所收錄的編碼為U+2695（⚕）。
坐式生活型態,坐式生活型態是指只有很少或没有体能活动的社交性生活型態。一个以坐式生活型態生活的人常常由於阅读、社交联谊、观看电视、玩电子游戏或操作手机或电脑等原因，在一天中大部份时间坐着或躺着。坐式生活型態是很多可预防性死亡的因素之一。屏幕时间是指一个人在观看电视、电脑、平板电脑等电子屏幕花费的时间。过多的屏幕时间会引起健康的负面影响。
性別指定,性別指定（英语：Sex assignment），也稱指定性別（英语：Assigned sex），是根據出生時檢查性別特徵以確定嬰兒的法定性別。 在大多數分娩中，親屬、助產士、護士或醫生在嬰兒分娩時檢查生殖器，並指定性別，從而排除含糊不清的雙性人。 性別也可以在分娩前透過產前性別鑒別完成。 在大多數情況下，出生時的性別指定與孩子的生物性別相符。嬰兒並非未真正符合女性和男性嚴格定義的出生人數可能高達1.7％，其中0.5％是有著明顯含糊的生殖器。 其他原因包括非典型染色體，性腺或激素。這些情況被統稱為雙性人或性別分化障礙，並可能使性別指定流程複雜化。透過性別指定療法來使性別特徵更符合指定性別可能會侵犯人權。性別指定帶有刻板的期望，即未來的性別認同將伴隨理想的、指定的第二性徵與撫養方式一同發展。如果性別指定和性別認同不一致，則該人可能是跨性別或非常規性別。雙性人的性別指定也可能與他們未來的性別認同矛盾。
性类固醇,性类固醇（英语：Sex steroid，亦称为性甾体）是指一类与脊椎动物雄激素或雌激素受体相互作用的類固醇激素。他们的效应是由两种方式进行的：第一种是经核受体进行的慢性染色体组机制，第二种是经膜相关受体与信号级联进行的快速非染色体组机制。 “ 性激素 ” 这个术语基本上是 “ 性类固醇 ” 的同义语。然而一些在性相关方面扮演着重要作用的非類固醇激素，如黄体生成素、卵泡刺激素与促性腺激素释放激素，卻不被認為是性激素。
醫學專科,醫學專科（specialty）是指醫學中有關各醫學實務的分科。內科醫師或外科醫師在醫學院畢業後，會在特定的醫學專科繼續其醫學教育，進行方式是在醫學專科擔任幾年的住院医师，直到取得專科醫師（medical specialist）的資格為止。
言語治療,言語治療（Speech Therapy），或稱語言治療，為言語及語言病理學（Speech-language Pathology）的通稱，是一門臨床醫學科學。執行此項專業的專家稱作「語言治療師（Speech Therapist，簡稱 ST）」，又稱為言語及語言病理學家（Speech-language Pathologist，簡稱 SLP）。語言治療師修習的科目包括醫學、語言學、神經科學、腦成像、認知科學、心理學、聽力學、統計學等。語言治療師是為了診治言語（例如構音、語暢）、語言（理解和表達，涉及聽覺、口語、閱讀和書寫能力）、嗓音（頭頸部腫瘤、聲帶結節、肉芽腫）、吞嚥（神經異常、頭頸部腫瘤、氣切、鼻胃管）、高階認知（言語記憶、聽覺記憶、運算）等範疇的障礙及異常，並為病人作出諮詢、評估、診斷及治療。 語言治療師（同言語及語言病理學家）會視乎病情的嚴重性而採取不同的診斷及治療方法，例如行為改變、輔助科技、聲學儀器、內視鏡檢查、物理強化練習、指引及重複性練習或利用視覺及聽覺輔助。言語治療師也會對病人的家屬作出輔導及衛教。言語治療師的常見工作場所包括醫院、診所、學校（含特殊學校）、早期療育及訓練中心、社區照護、安養中心、私人機構、到宅看診、政府及非政府機構及組織等。 在臺灣，需為相關語言治療學系、組、研究所、學位學程主修語言治療，並經實習至少六個月（或至少375小時），成績及格，領有畢業證書者，並通過考選部專門職業及技術人員高等考試語言治療師考試，取得衛生福利部證書始得執業。而香港目前並無執照考試，執業管道為完成相關學士或碩士學位課程，或在海外如英國、美國、澳洲、加拿大、臺灣或新加坡取得相關專業資格。
生命之星,生命之星（英语：Star of Life）是藍色，六邊突出的星，並在中間加上阿斯克勒庇奧斯之杖（另一種說法是摩西所鑄之柱），其原本的設計及決定是來自美國交通部屬下的美国国家公路交通安全管理局。國際上生命之星是表示急救單位或者人員。而類似的橙星（橙色生命之星）則是給搜索及救援人員使用。
死產,死產，或稱為胎死腹中，通常定義是在懷孕20至28週或之後的胎兒死亡。描述胎兒在母體子宮內即死亡的現象。死產可能導致母親的內疚。死產和流產不同，流產是指早期妊娠失敗，胎兒出生後死亡。 導致死產的原因通常不明。可能的原因包含了如子癇前症等妊娠併發症，以及分娩期併發症如胎盤或臍帶的問題、出生缺陷、瘧疾感染、母親健康狀況不佳。風險因子包含35歲以上產婦、吸菸、使用藥物、使用輔助生殖技術以及第一次懷孕。感覺沒有胎兒運動時可能被懷疑是死產。可通過超音波檢查而確認。 醫療系統改善可能可以預防全世界大多數死產。大約五成的死產在分娩期間發生，且在發展中國家比已發展國家更常見。依照懷孕時間長短治療方式有所不同，懷孕早期可以使用藥物讓死胎排出，之後可使用擴張宮頸和清宮手術處理。經歷死產後的女性有更高風險再次發生；然而大多數之後的懷孕並沒有相似的問題。抑鬱、經濟損失，和家庭破裂是已知的潛在影響。 2015年全球懷孕28週後約有260萬例死產（每45例出生約1例）。最常見發生於發展中的國家，特別是南亞和撒哈拉以南非洲地區。以美國而言，每167個出生就有一個死胎。1950年以來，美國的死胎率下降了約2/3。 在台灣，死產之胎兒與20週之前的流產胎兒相同，並不具有人格權，適用法律為《優生保健法》，除了於媽媽手冊註記之外，通常不必開具死亡證明。 ^† 28周以内分娩需要现代医学技术，不然成活率也是很低或不可能的。 ^‡ 各个地区的死产期限定义不一。所标的22周是世界卫生组织的新生儿死亡定义。 == 注释 ==
马钱子,马钱子（学名：Strychnos nuxvomica）也称番木鳖，苦实把豆儿，火失刻把都，苦实，马前，牛眼，大方八，马钱树，是马钱科马钱属的一种落葉喬木。产于南亚和东南亚等地，喜热带湿润性气候，怕霜冻。模式标本採自斯里兰卡科伦坡。种子有毒，主要含有马钱子碱 ( 又名番木鳖碱 ) 等多种生物碱。中医学上以种子泡制后入药，有通络散结，消肿止痛之效。西医学上用种子提取物，作中枢神经兴奋剂。 马钱子服用过量会导致馬錢子鹼（strychnine）中毒，引起全身伸肌与缩肌同时极度收缩，从而剧烈抽搐，出现强直性惊厥，不立即抢救很快就会严重佝偻而死。 传说中，李后主死时蜷缩成一团，所以怀疑是遭牵机药毒死，而牵机药即是由马钱子所制。
瞩日,瞩日（英语：Sungazing），是指注视太阳的动作。有时作为一种精神或宗教的实践被运用。然而，人眼非常敏感，长时间暴露于阳光直射下会导致日光性视网膜病、翼状胬肉、白内障甚至失明。研究表明，即使在观看日食时，眼睛仍能暴露在有害的紫外线辐射下。
症狀,症狀（英语：symptom），又稱病狀、徵狀、病徵，醫學術語，在疾病學的領域裡，「症狀」是描述疾病的重要參數之一，代表的是「來自病人的主觀感受」。英文的symptom，字根來自於希臘文σύμπτωμα，意思是「降臨在身上的不幸與惡運」。。 用中文溝通時，「症狀」常和「體徵」（sign）搞混。症狀是由患者描述的主觀感受，無法直接量測、而體徵則是外部觀察到的客觀事實。舉例來說，流鼻水、頭昏及體溫超過攝氏三十八度，這三者都是感冒的元素：但流鼻水及頭昏是感冒的症狀；而體溫超過三十八度，則是感冒的體徵。症狀和體徵常常沒有特異性，不過兩者結合可以協助診斷，有助於排除一些可能錯誤的方向，有時症狀和體徵也可能是可以指向特定疾病的特殊病癥。 症狀一詞有時也會用在人體沒有生病的情形下，例如懷孕的症狀。
对症治疗,对症治疗（symptomatic treatment）即是只运用药物改善疾病症状，但不能消除病因的治疗，也称治标。如用解热药可使发热病人的体温降低，但并不能消除病因。一般对于病情不危急的疾病，对因治疗优先于对症治疗。但当患者出现危及生命的病症时，则应优先进行对症治疗。如镇痛药可避免剧烈疼痛引起的休克、解热药可避免婴幼儿高热引起的惊厥及神经系统损伤。 == 参考文献 ==
症候群,综合征，香港作綜合症，台湾作症候群，是醫學術語，指某疾病出現時經常會同時出現的臨床特征、症狀、徵象，是為這些不同症候的統稱。此時醫師可針對出現的其中一種表徵，警覺可能一併出現的相關變化，然而實際的病原、確定診斷的疾病名稱或相關生理變化可能無法確知。而有些過去未知的疾病表現，經過研究後仍然保留症候群的稱呼。 英文为Syndrome，本意是指因某些有病的器官相互关联的变化而同时出现的一系列症状。后有指某一些人因相互影响而达成一致的意向。如 “ 斯德哥尔摩症候群 ” 是指在劫持事件中，人质因同情劫匪而同其达成一致，反而帮助劫匪对付警察。 == 注释 ==
絕症,絕症（英语：Incurable deadly disease）是醫學意义上無法醫治的致命永久性疾病。有些疾病在以前是絕症，之後出現治療方法後就不再是絕症，所以絕症這個詞有時效性。 某些疾病在醫理上可處理，但根治率偏低：難以確定是否完全治癒，復發率偏高，治療引起的後遺症或副作用嚴重；某些疾病雖然有方法控制，但無法根治。前者如坏死性筋膜炎，後者如截肢。
回光返照,回光返照（英文：Terminal lucidity），指晚期危重病人临终前出现反常的短暂好转现象。其具体表现通常为昏迷多时的病人突然清醒，恢复食欲，能进行简短交谈，甚至重获行动能力等。但在其后数天或数小时内情形便迅速恶化，离开人世。 关于该现象的科学解释，一般认为是人体调动免疫和内分泌系统对疾病进行最后抵抗所致。其反应包括大量ATP在短时间内水解为ADP为机体供能，同时下丘脑和垂体促使肾上腺皮质立即分泌大量的肾上腺素和皮质激素，激活交感神经兴奋点，使病人回复相对正常的心肌收缩频率，血液循环加快，大脑、心脏、肺、肝、肾等器官因供血突然趋于正常。 该现象常见于精神疾病、肿瘤、中风、脑膜炎和阿兹海默症等晚期患者群中。 == 参考资料 ==
死亡學,死亡學是一門研究死亡的學科。它調查死亡的外在環境與狀況，以及相關生還人士的心理狀況，以及廣大社會對死亡的態度。基本上這門學問跨越許多領域，經常在醫療、護理、獸醫等專業領域中出現，它也包含一個身軀在死亡前後的變化。
治療藥物監控,治療藥物監控 ( Therapeutic drug monitoring）是临床化学的一个分支，研究檢驗藥物血濃度以確保藥效與預防毒性產生。治療藥物監控主要关注那些治療濃度與毒性濃度非常接近的藥物。
外用藥物,外用藥物（英语：Topical medication），是醫療上使用于身体表面的藥物，例如塗抹於皮肤或黏膜的表面，像是阴道，阴茎，眼睛和耳朵等。外用藥物通常要避免接觸口部，也不可進食。 醫療用的化学物质，例如治療皮膚過敏的类固醇激素，可以製成药膏，凝胶或乳液，以供塗抹在患處的皮肤上。 皮肤贴片是一種有藥性的貼片，使用時黏貼在皮膚表面，藥物會透過皮膚滲入體內，貼片可持續發揮藥效較長，已经用於避孕，绝经期女性补充雌性激素和防止晕动病等方面，成为服用药越来越普遍的一种方式。 在牙医学中，外用药物也可以用来指使用于牙齿表面的药物 。 氯霉素是抗生素中外用药物之一，主要用於殺菌消炎。
中医学,中医学，亦稱「漢醫」，是一种起源于中国汉族，由汉族创造的传统医学，以古代中国医学实践為主體的传统医学，至今已有数千年的历史。 按照中華人民共和国全国科学技术名词审定委员会审定的名词，中医学是 “ 以中医药理论与实践经验为主体，研究人类生命活动中健康与疾病转化规律及其预防、诊断、治疗、康复和保健的综合性科学 ” 。2017年，中國大陸首部中醫藥法施行。
轉譯醫學,"轉譯醫學（translational medicine , 又称转化医学）是指將基礎醫學的研究，能夠直接和臨床治療上連結的一個新的思維。最早由美國國家衛生研究院（National Institute of Health , NIH） 之愛力思·樂霍尼 ( Elias A. Zerhouni ) 院長，在美國醫學會期刊 ( JAMA ) 發表了一篇「US"
旅遊醫學,旅遊醫學，是一門關於預防和治理旅遊相關健康問題的醫學分支，結合了流行病學、公共衛生、地理學、預防醫學等專業學科，研究範圍包括在出遊前、旅遊過程中以至返國後為旅客提供醫療建議和服務。
特纳氏综合征,"透納氏症（Turner syndrome，簡稱TS）也被稱作Ullrich-Turner氏症候群（Ullrich-Turner syndronme）、性腺發育不良（Gonodal dysgenesis）以及45 , X，是雌性個體因X染色體部分或完全缺失而引發的疾病。透納氏症患者的症狀各異，患者常常會有短而成蹼狀的頸部、低耳位、頸後髮際線較低、身材矮小，出生時即手腳水腫等特徵。一般來說，透納氏症患者沒有月經、乳房不發育而且不孕，且患有先天性心臟病、糖尿病以及甲狀腺功能低下症的機率較正常人高。 大部分的透納氏症患者的智力水平正常，但許多患者的空間視覺能力低下，比如學習數學所需要的空間視覺能力。透納氏症患者有視覺和聽覺障礙的機率也較正常人高。 透納氏症並不是一種會遺傳自父母親的疾病。目前所知沒有任何環境因素會導致此病症，同時也和媽媽的懷孕年齡沒有關係。透納氏症主要是因為染色體異常所造成的，為X染色體部份或整條有缺失、改變而致。大部分的人們都擁有46條染色體，但患有透納氏症的患者卻僅有45條。在某些情況下，染色體的異常現象只出現在部分細胞，而其餘則沒有，這就是透納氏症的鑲嵌現象 。在這樣的前提下，由透納氏症所引發的症狀就可能很輕微或甚至完全沒有出現。診斷方式基本就是根據臨床症狀以及基因檢測。 目前沒有任何已知醫療方式可以治療透納氏症，但卻多少對於緩和病徵有些幫助。舉例來說，在幼童發育時期注射生長激素可以在之後的成人階段增加身高。雌激素替代療法能促進乳房以及臀部發育。在確定有哪些健康問題是由於透納氏症造成後，才開始考慮需要怎樣的醫療照護來加以控制。 產婦生出罹患透納氏症女童的機率大約介於1/2000到1/5000。全球各地區與文化在透納氏症的患者人數上基本上都相仿的，並沒有顯著的特異性。透納氏症患者的平均壽命較一般人為短，這是因為病患多有心臟方面的問題與糖尿病。亨利·透納是第一個在1938年描述此病症的醫生，於1964年時，後人更進一步發現這是由於染色體異常所導致的疾病。"
飲尿,飲尿俗稱喝尿，是指飲用尿液的行為，可能是人類或其他動物的尿液。在不同用途的人類飲尿者當中，喝尿的目的也不同：例如部分人用尿保健養生，而部分人為追求性快感而喝尿。 从人类的角度来看，喝尿通常無害，因為尿液實為血液經過腎臟過濾之液體。但是若尿液來自病人體內或者來自患有尿道炎的患者體內，則有可能引致細菌感染。對於少數對尿液有敏感反應的人，飲尿亦可能會引致出疹。 在醫學上，亦有飲尿作為治病或保健作用之人，這種方法被稱作尿療法。 此外，以性虐待為主題的色情電影當中通常含有飲尿甚至食糞的情節。例如巴西的色情電影《饑餓婊子》（其預告片《兩女一杯》的熟知度較高）。
阴道成形术,thumb|250px|手術前（左）和手術後（右） 阴道成形术是指任何修复阴道结构缺陷、构造或者再造阴道的手术过程。当阴道成形术的目的是为了于人体内构造一个新的阴道时，它有时候也被叫做新阴道成形术（neovaginoplasty）。然而，外科医生对为了构造新的阴道而进行的操作却很少冠以该名称。 有几种非再造的阴道成形术，例如阴道紧绷术，特别常见于有器质性障碍的女性（或者是她们的性伴侣）。这一般是因为她们肌肉收紧能力的丧失，例如生病时或者在阴道分娩之后。 构造一个新的阴道的手术方法有许多种。维基埃蒂操作是一种腹腔镜下的操作。它被证实可以在阴道不发育病人体内构造一个接近于正常的阴道。 . 现时大多数构造新阴道的阴道成形术，都是在有性别重置手术需求的跨性别女性身上实施。对于跨性别女性而言，比较成熟的手术所使用的材料一般为乙状结肠或是来自阴茎或阴囊的皮肤（在性别重置手术中一般被称为皮瓣），近年来也有使用腹膜为材料的阴道再造技术，但一般用于石女而非跨性别女性。此外也有人提出利用生物补片技术再造阴道，但并没有获得广泛应用。阴茎内翻术由拜波和格纳拉托在1960至1980年间发明，这项技术如今仍然广泛地用于跨性别女性的阴道再造中。 从1990年代直到现在，构造新阴道的技术由托比·R·梅泽进一步发展，也就是同时使用阴茎和阴囊组织来构造阴道穹窿。这种新方法提供了更强的性感度、阴道的深度、以及通过保持一块几乎完整的肌肉假体而实现骨盆底部更坚固的效果。梅泽用阴茎头上的蒂创造了一个神经上有感觉的阴蒂，并包括了与之相连的血管和神经。在梅泽操作的第二个步骤中，他用内翻Y整形缝合方法为这个阴蒂构造了大阴唇，而只留下中间部位的一个小缺口。 阴道成形术这个术语也曾被用于缓解处女膜闭锁和修补已经破损的处女膜的手术。
兽医学,獸醫學是一門應用醫學診斷與治療方法來處理動物問題的學門，面對的動物包括寵物、野生動物或家畜與家禽等。獸醫學除了研究一般醫學問題之外，也關注於動物的行為。受過獸醫學訓練並以此來診療動物的醫生稱為獸醫或獸醫師。 兽医学是一门古老的学科。由于一些先进的诊断和治疗技术的出现，兽医学在近年来得到了很大的发展。现在的动物已经可以使用一些先进的方法进行治疗，如注射胰岛素、根管治疗术、髋关节置换术、白内障手术、人工心脏起搏器等牙科或外科的治疗。
授袍儀式,授袍儀式（英语：White coat ceremony（WCC））是近年來醫學教育相關學校開始舉行的的一種儀式，儀式上會由師長幫每位學生披上醫生白袍，象徵醫學教育相關的學生結束實習課程，正式踏入專業醫療領域。在某些學校（如預科學校），其學生在第一年就於臨床實習中正式接觸病人，這類學校會於學生入學的第一年舉辦授袍儀式。
巫術,巫術、法術（英语：witchcraft）是一種企圖以超自然、神秘方式影響世界的方法。
楊朵症候群,楊朵症候群（Yentl Syndrome）是指因女性心肌梗死的症狀和男性不同，所造成的問題。許多心肌梗死的醫學研究主要研究男性心肌梗死的症狀，而女性的心肌梗死症狀可能和男性不同，因此女性較容易因為醫療疏失而死亡。其名稱得名自芭芭拉·史翠珊在1983年演出的電影《楊朵》，她在戲中因為想受教育而假裝成男生的身份。「楊朵症候群」一詞是在1991年伯纳丁·希利的論文《The Yentl syndrome》中首次提到的。
处方,处方（符号 “ ℞ ” ），是医师开给病人的医疗文书，是药剂师或司药员向病人发放药品的重要依据，内容一般包括患者姓名、年龄、联系方式、所用药品名称、用量（剂量）等。处方所载内容一般会在病人的病历本上同步登记。 处方分有医生处方、协定处方、法定处方之分。
